Copyright 1986-2019 Xilinx, Inc. All Rights Reserved.
--------------------------------------------------------------------------------------------------------------------------------------------------------------------------------------------------
| Tool Version : Vivado v.2019.1 (win64) Build 2552052 Fri May 24 14:49:42 MDT 2019
| Date         : Sun Apr  6 18:19:05 2025
| Host         : UL-32 running 64-bit major release  (build 9200)
| Command      : report_timing_summary -max_paths 10 -file top_level_timing_summary_routed.rpt -pb top_level_timing_summary_routed.pb -rpx top_level_timing_summary_routed.rpx -warn_on_violation
| Design       : top_level
| Device       : 7z007s-clg400
| Speed File   : -1  PRODUCTION 1.11 2016-07-27
--------------------------------------------------------------------------------------------------------------------------------------------------------------------------------------------------

Timing Summary Report

------------------------------------------------------------------------------------------------
| Timer Settings
| --------------
------------------------------------------------------------------------------------------------

  Enable Multi Corner Analysis               :  Yes
  Enable Pessimism Removal                   :  Yes
  Pessimism Removal Resolution               :  Nearest Common Node
  Enable Input Delay Default Clock           :  No
  Enable Preset / Clear Arcs                 :  No
  Disable Flight Delays                      :  No
  Ignore I/O Paths                           :  No
  Timing Early Launch at Borrowing Latches   :  No
  Borrow Time for Max Delay Exceptions       :  Yes

  Corner  Analyze    Analyze    
  Name    Max Paths  Min Paths  
  ------  ---------  ---------  
  Slow    Yes        Yes        
  Fast    Yes        Yes        



check_timing report

Table of Contents
-----------------
1. checking no_clock
2. checking constant_clock
3. checking pulse_width_clock
4. checking unconstrained_internal_endpoints
5. checking no_input_delay
6. checking no_output_delay
7. checking multiple_clock
8. checking generated_clocks
9. checking loops
10. checking partial_input_delay
11. checking partial_output_delay
12. checking latch_loops

1. checking no_clock
--------------------
 There are 11 register/latch pins with no clock driven by root clock pin: inst_keyboard/ps2_keyboard_0/debounce_ps2_clk/result_reg/Q (HIGH)


2. checking constant_clock
--------------------------
 There are 0 register/latch pins with constant_clock.


3. checking pulse_width_clock
-----------------------------
 There are 0 register/latch pins which need pulse_width check


4. checking unconstrained_internal_endpoints
--------------------------------------------
 There are 11 pins that are not constrained for maximum delay. (HIGH)

 There are 0 pins that are not constrained for maximum delay due to constant clock.


5. checking no_input_delay
--------------------------
 There are 3 input ports with no input delay specified. (HIGH)

 There are 0 input ports with no input delay but user has a false path constraint.


6. checking no_output_delay
---------------------------
 There are 2 ports with no output delay specified. (HIGH)

 There are 0 ports with no output delay but user has a false path constraint

 There are 0 ports with no output delay but with a timing clock defined on it or propagating through it


7. checking multiple_clock
--------------------------
 There are 0 register/latch pins with multiple clocks.


8. checking generated_clocks
----------------------------
 There are 0 generated clocks that are not connected to a clock source.


9. checking loops
-----------------
 There are 0 combinational loops in the design.


10. checking partial_input_delay
--------------------------------
 There are 0 input ports with partial input delay specified.


11. checking partial_output_delay
---------------------------------
 There are 0 ports with partial output delay specified.


12. checking latch_loops
------------------------
 There are 0 combinational latch loops in the design through latch input



------------------------------------------------------------------------------------------------
| Design Timing Summary
| ---------------------
------------------------------------------------------------------------------------------------

    WNS(ns)      TNS(ns)  TNS Failing Endpoints  TNS Total Endpoints      WHS(ns)      THS(ns)  THS Failing Endpoints  THS Total Endpoints     WPWS(ns)     TPWS(ns)  TPWS Failing Endpoints  TPWS Total Endpoints  
    -------      -------  ---------------------  -------------------      -------      -------  ---------------------  -------------------     --------     --------  ----------------------  --------------------  
      1.625        0.000                      0                 1398        0.067        0.000                      0                 1398        3.500        0.000                       0                   641  


All user specified timing constraints are met.


------------------------------------------------------------------------------------------------
| Clock Summary
| -------------
------------------------------------------------------------------------------------------------

Clock        Waveform(ns)         Period(ns)      Frequency(MHz)
-----        ------------         ----------      --------------
sys_clk_pin  {0.000 4.000}        8.000           125.000         


------------------------------------------------------------------------------------------------
| Intra Clock Table
| -----------------
------------------------------------------------------------------------------------------------

Clock             WNS(ns)      TNS(ns)  TNS Failing Endpoints  TNS Total Endpoints      WHS(ns)      THS(ns)  THS Failing Endpoints  THS Total Endpoints     WPWS(ns)     TPWS(ns)  TPWS Failing Endpoints  TPWS Total Endpoints  
-----             -------      -------  ---------------------  -------------------      -------      -------  ---------------------  -------------------     --------     --------  ----------------------  --------------------  
sys_clk_pin         1.625        0.000                      0                 1372        0.067        0.000                      0                 1372        3.500        0.000                       0                   641  


------------------------------------------------------------------------------------------------
| Inter Clock Table
| -----------------
------------------------------------------------------------------------------------------------

From Clock    To Clock          WNS(ns)      TNS(ns)  TNS Failing Endpoints  TNS Total Endpoints      WHS(ns)      THS(ns)  THS Failing Endpoints  THS Total Endpoints  
----------    --------          -------      -------  ---------------------  -------------------      -------      -------  ---------------------  -------------------  


------------------------------------------------------------------------------------------------
| Other Path Groups Table
| -----------------------
------------------------------------------------------------------------------------------------

Path Group         From Clock         To Clock               WNS(ns)      TNS(ns)  TNS Failing Endpoints  TNS Total Endpoints      WHS(ns)      THS(ns)  THS Failing Endpoints  THS Total Endpoints  
----------         ----------         --------               -------      -------  ---------------------  -------------------      -------      -------  ---------------------  -------------------  
**async_default**  sys_clk_pin        sys_clk_pin              5.384        0.000                      0                   26        0.779        0.000                      0                   26  


------------------------------------------------------------------------------------------------
| Timing Details
| --------------
------------------------------------------------------------------------------------------------


---------------------------------------------------------------------------------------------------
From Clock:  sys_clk_pin
  To Clock:  sys_clk_pin

Setup :            0  Failing Endpoints,  Worst Slack        1.625ns,  Total Violation        0.000ns
Hold  :            0  Failing Endpoints,  Worst Slack        0.067ns,  Total Violation        0.000ns
PW    :            0  Failing Endpoints,  Worst Slack        3.500ns,  Total Violation        0.000ns
---------------------------------------------------------------------------------------------------


Max Delay Paths
--------------------------------------------------------------------------------------
Slack (MET) :             1.625ns  (required time - arrival time)
  Source:                 inst_LCD/byteSel_reg[0]/C
                            (rising edge-triggered cell FDRE clocked by sys_clk_pin  {rise@0.000ns fall@4.000ns period=8.000ns})
  Destination:            inst_LCD/INST_i2c_manager/sda_int_reg/D
                            (rising edge-triggered cell FDPE clocked by sys_clk_pin  {rise@0.000ns fall@4.000ns period=8.000ns})
  Path Group:             sys_clk_pin
  Path Type:              Setup (Max at Slow Process Corner)
  Requirement:            8.000ns  (sys_clk_pin rise@8.000ns - sys_clk_pin rise@0.000ns)
  Data Path Delay:        6.308ns  (logic 1.761ns (27.919%)  route 4.547ns (72.081%))
  Logic Levels:           6  (LUT3=1 LUT4=1 LUT5=1 LUT6=3)
  Clock Path Skew:        -0.061ns (DCD - SCD + CPR)
    Destination Clock Delay (DCD):    4.922ns = ( 12.922 - 8.000 ) 
    Source Clock Delay      (SCD):    5.373ns
    Clock Pessimism Removal (CPR):    0.391ns
  Clock Uncertainty:      0.035ns  ((TSJ^2 + TIJ^2)^1/2 + DJ) / 2 + PE
    Total System Jitter     (TSJ):    0.071ns
    Total Input Jitter      (TIJ):    0.000ns
    Discrete Jitter          (DJ):    0.000ns
    Phase Error              (PE):    0.000ns

    Location             Delay type                Incr(ns)  Path(ns)    Netlist Resource(s)
  -------------------------------------------------------------------    -------------------
                         (clock sys_clk_pin rise edge)
                                                      0.000     0.000 r  
    H16                                               0.000     0.000 r  iclk (IN)
                         net (fo=0)                   0.000     0.000    iclk
    H16                  IBUF (Prop_ibuf_I_O)         1.457     1.457 r  iclk_IBUF_inst/O
                         net (fo=1, routed)           2.076     3.533    iclk_IBUF
    BUFGCTRL_X0Y16       BUFG (Prop_bufg_I_O)         0.101     3.634 r  iclk_IBUF_BUFG_inst/O
                         net (fo=640, routed)         1.739     5.373    inst_LCD/iclk_IBUF_BUFG
    SLICE_X39Y52         FDRE                                         r  inst_LCD/byteSel_reg[0]/C
  -------------------------------------------------------------------    -------------------
    SLICE_X39Y52         FDRE (Prop_fdre_C_Q)         0.419     5.792 r  inst_LCD/byteSel_reg[0]/Q
                         net (fo=124, routed)         1.524     7.317    inst_LCD/INST_i2c_manager/Q[0]
    SLICE_X37Y45         LUT3 (Prop_lut3_I1_O)        0.324     7.641 f  inst_LCD/INST_i2c_manager/data_tx[7]_i_21/O
                         net (fo=2, routed)           0.594     8.234    inst_LCD/INST_i2c_manager/data_tx[7]_i_21_n_0
    SLICE_X41Y45         LUT6 (Prop_lut6_I0_O)        0.326     8.560 f  inst_LCD/INST_i2c_manager/data_tx[7]_i_8/O
                         net (fo=1, routed)           0.545     9.105    inst_LCD/INST_i2c_manager/data_tx[7]_i_8_n_0
    SLICE_X41Y48         LUT5 (Prop_lut5_I2_O)        0.118     9.223 f  inst_LCD/INST_i2c_manager/data_tx[7]_i_3/O
                         net (fo=1, routed)           0.781    10.004    inst_LCD/INST_i2c_manager/data_tx[7]_i_3_n_0
    SLICE_X40Y49         LUT6 (Prop_lut6_I0_O)        0.326    10.330 r  inst_LCD/INST_i2c_manager/data_tx[7]_i_2/O
                         net (fo=2, routed)           0.701    11.031    inst_LCD/INST_i2c_manager/dataOut[7]
    SLICE_X41Y50         LUT4 (Prop_lut4_I2_O)        0.124    11.155 r  inst_LCD/INST_i2c_manager/sda_int_i_3/O
                         net (fo=1, routed)           0.401    11.557    inst_LCD/INST_i2c_manager/sda_int_i_3_n_0
    SLICE_X41Y51         LUT6 (Prop_lut6_I1_O)        0.124    11.681 r  inst_LCD/INST_i2c_manager/sda_int_i_1/O
                         net (fo=1, routed)           0.000    11.681    inst_LCD/INST_i2c_manager/sda_int_i_1_n_0
    SLICE_X41Y51         FDPE                                         r  inst_LCD/INST_i2c_manager/sda_int_reg/D
  -------------------------------------------------------------------    -------------------

                         (clock sys_clk_pin rise edge)
                                                      8.000     8.000 r  
    H16                                               0.000     8.000 r  iclk (IN)
                         net (fo=0)                   0.000     8.000    iclk
    H16                  IBUF (Prop_ibuf_I_O)         1.387     9.387 r  iclk_IBUF_inst/O
                         net (fo=1, routed)           1.880    11.267    iclk_IBUF
    BUFGCTRL_X0Y16       BUFG (Prop_bufg_I_O)         0.091    11.358 r  iclk_IBUF_BUFG_inst/O
                         net (fo=640, routed)         1.564    12.922    inst_LCD/INST_i2c_manager/iclk_IBUF_BUFG
    SLICE_X41Y51         FDPE                                         r  inst_LCD/INST_i2c_manager/sda_int_reg/C
                         clock pessimism              0.391    13.312    
                         clock uncertainty           -0.035    13.277    
    SLICE_X41Y51         FDPE (Setup_fdpe_C_D)        0.029    13.306    inst_LCD/INST_i2c_manager/sda_int_reg
  -------------------------------------------------------------------
                         required time                         13.306    
                         arrival time                         -11.681    
  -------------------------------------------------------------------
                         slack                                  1.625    

Slack (MET) :             2.005ns  (required time - arrival time)
  Source:                 inst_shift/sr_reg[5]/C
                            (rising edge-triggered cell FDSE clocked by sys_clk_pin  {rise@0.000ns fall@4.000ns period=8.000ns})
  Destination:            inst_LCD/FSM_onehot_State_reg[0]/D
                            (rising edge-triggered cell FDRE clocked by sys_clk_pin  {rise@0.000ns fall@4.000ns period=8.000ns})
  Path Group:             sys_clk_pin
  Path Type:              Setup (Max at Slow Process Corner)
  Requirement:            8.000ns  (sys_clk_pin rise@8.000ns - sys_clk_pin rise@0.000ns)
  Data Path Delay:        6.004ns  (logic 2.890ns (48.131%)  route 3.114ns (51.869%))
  Logic Levels:           13  (CARRY4=11 LUT5=1 LUT6=1)
  Clock Path Skew:        0.016ns (DCD - SCD + CPR)
    Destination Clock Delay (DCD):    4.921ns = ( 12.921 - 8.000 ) 
    Source Clock Delay      (SCD):    5.295ns
    Clock Pessimism Removal (CPR):    0.391ns
  Clock Uncertainty:      0.035ns  ((TSJ^2 + TIJ^2)^1/2 + DJ) / 2 + PE
    Total System Jitter     (TSJ):    0.071ns
    Total Input Jitter      (TIJ):    0.000ns
    Discrete Jitter          (DJ):    0.000ns
    Phase Error              (PE):    0.000ns

    Location             Delay type                Incr(ns)  Path(ns)    Netlist Resource(s)
  -------------------------------------------------------------------    -------------------
                         (clock sys_clk_pin rise edge)
                                                      0.000     0.000 r  
    H16                                               0.000     0.000 r  iclk (IN)
                         net (fo=0)                   0.000     0.000    iclk
    H16                  IBUF (Prop_ibuf_I_O)         1.457     1.457 r  iclk_IBUF_inst/O
                         net (fo=1, routed)           2.076     3.533    iclk_IBUF
    BUFGCTRL_X0Y16       BUFG (Prop_bufg_I_O)         0.101     3.634 r  iclk_IBUF_BUFG_inst/O
                         net (fo=640, routed)         1.661     5.295    inst_shift/iclk_IBUF_BUFG
    SLICE_X34Y51         FDSE                                         r  inst_shift/sr_reg[5]/C
  -------------------------------------------------------------------    -------------------
    SLICE_X34Y51         FDSE (Prop_fdse_C_Q)         0.478     5.773 r  inst_shift/sr_reg[5]/Q
                         net (fo=9, routed)           2.109     7.882    inst_shift/Q[5]
    SLICE_X33Y43         LUT6 (Prop_lut6_I0_O)        0.295     8.177 r  inst_shift/i__carry_i_3/O
                         net (fo=1, routed)           0.000     8.177    inst_LCD/neqOp_inferred__0/i__carry__0_0[0]
    SLICE_X33Y43         CARRY4 (Prop_carry4_S[1]_CO[3])
                                                      0.550     8.727 r  inst_LCD/neqOp_inferred__0/i__carry/CO[3]
                         net (fo=1, routed)           0.000     8.727    inst_LCD/neqOp_inferred__0/i__carry_n_0
    SLICE_X33Y44         CARRY4 (Prop_carry4_CI_CO[3])
                                                      0.114     8.841 r  inst_LCD/neqOp_inferred__0/i__carry__0/CO[3]
                         net (fo=1, routed)           0.000     8.841    inst_LCD/neqOp_inferred__0/i__carry__0_n_0
    SLICE_X33Y45         CARRY4 (Prop_carry4_CI_CO[3])
                                                      0.114     8.955 r  inst_LCD/neqOp_inferred__0/i__carry__1/CO[3]
                         net (fo=1, routed)           0.000     8.955    inst_LCD/neqOp_inferred__0/i__carry__1_n_0
    SLICE_X33Y46         CARRY4 (Prop_carry4_CI_CO[3])
                                                      0.114     9.069 r  inst_LCD/neqOp_inferred__0/i__carry__2/CO[3]
                         net (fo=1, routed)           0.000     9.069    inst_LCD/neqOp_inferred__0/i__carry__2_n_0
    SLICE_X33Y47         CARRY4 (Prop_carry4_CI_CO[3])
                                                      0.114     9.183 r  inst_LCD/neqOp_inferred__0/i__carry__3/CO[3]
                         net (fo=1, routed)           0.000     9.183    inst_LCD/neqOp_inferred__0/i__carry__3_n_0
    SLICE_X33Y48         CARRY4 (Prop_carry4_CI_CO[3])
                                                      0.114     9.297 r  inst_LCD/neqOp_inferred__0/i__carry__4/CO[3]
                         net (fo=1, routed)           0.000     9.297    inst_LCD/neqOp_inferred__0/i__carry__4_n_0
    SLICE_X33Y49         CARRY4 (Prop_carry4_CI_CO[3])
                                                      0.114     9.411 r  inst_LCD/neqOp_inferred__0/i__carry__5/CO[3]
                         net (fo=1, routed)           0.001     9.412    inst_LCD/neqOp_inferred__0/i__carry__5_n_0
    SLICE_X33Y50         CARRY4 (Prop_carry4_CI_CO[3])
                                                      0.114     9.526 r  inst_LCD/neqOp_inferred__0/i__carry__6/CO[3]
                         net (fo=1, routed)           0.000     9.526    inst_LCD/neqOp_inferred__0/i__carry__6_n_0
    SLICE_X33Y51         CARRY4 (Prop_carry4_CI_CO[3])
                                                      0.114     9.640 r  inst_LCD/neqOp_inferred__0/i__carry__7/CO[3]
                         net (fo=1, routed)           0.000     9.640    inst_LCD/neqOp_inferred__0/i__carry__7_n_0
    SLICE_X33Y52         CARRY4 (Prop_carry4_CI_CO[3])
                                                      0.114     9.754 r  inst_LCD/neqOp_inferred__0/i__carry__8/CO[3]
                         net (fo=1, routed)           0.000     9.754    inst_LCD/neqOp_inferred__0/i__carry__8_n_0
    SLICE_X33Y53         CARRY4 (Prop_carry4_CI_CO[2])
                                                      0.228     9.982 r  inst_LCD/neqOp_inferred__0/i__carry__9/CO[2]
                         net (fo=2, routed)           1.005    10.987    inst_LCD/neqOp0_out
    SLICE_X40Y55         LUT5 (Prop_lut5_I3_O)        0.313    11.300 r  inst_LCD/FSM_onehot_State[0]_i_1/O
                         net (fo=1, routed)           0.000    11.300    inst_LCD/FSM_onehot_State[0]_i_1_n_0
    SLICE_X40Y55         FDRE                                         r  inst_LCD/FSM_onehot_State_reg[0]/D
  -------------------------------------------------------------------    -------------------

                         (clock sys_clk_pin rise edge)
                                                      8.000     8.000 r  
    H16                                               0.000     8.000 r  iclk (IN)
                         net (fo=0)                   0.000     8.000    iclk
    H16                  IBUF (Prop_ibuf_I_O)         1.387     9.387 r  iclk_IBUF_inst/O
                         net (fo=1, routed)           1.880    11.267    iclk_IBUF
    BUFGCTRL_X0Y16       BUFG (Prop_bufg_I_O)         0.091    11.358 r  iclk_IBUF_BUFG_inst/O
                         net (fo=640, routed)         1.563    12.921    inst_LCD/iclk_IBUF_BUFG
    SLICE_X40Y55         FDRE                                         r  inst_LCD/FSM_onehot_State_reg[0]/C
                         clock pessimism              0.391    13.311    
                         clock uncertainty           -0.035    13.276    
    SLICE_X40Y55         FDRE (Setup_fdre_C_D)        0.029    13.305    inst_LCD/FSM_onehot_State_reg[0]
  -------------------------------------------------------------------
                         required time                         13.305    
                         arrival time                         -11.300    
  -------------------------------------------------------------------
                         slack                                  2.005    

Slack (MET) :             2.018ns  (required time - arrival time)
  Source:                 inst_shift/sr_reg[5]/C
                            (rising edge-triggered cell FDSE clocked by sys_clk_pin  {rise@0.000ns fall@4.000ns period=8.000ns})
  Destination:            inst_LCD/FSM_onehot_State_reg[2]/D
                            (rising edge-triggered cell FDRE clocked by sys_clk_pin  {rise@0.000ns fall@4.000ns period=8.000ns})
  Path Group:             sys_clk_pin
  Path Type:              Setup (Max at Slow Process Corner)
  Requirement:            8.000ns  (sys_clk_pin rise@8.000ns - sys_clk_pin rise@0.000ns)
  Data Path Delay:        5.993ns  (logic 2.890ns (48.221%)  route 3.103ns (51.779%))
  Logic Levels:           13  (CARRY4=11 LUT6=2)
  Clock Path Skew:        0.016ns (DCD - SCD + CPR)
    Destination Clock Delay (DCD):    4.921ns = ( 12.921 - 8.000 ) 
    Source Clock Delay      (SCD):    5.295ns
    Clock Pessimism Removal (CPR):    0.391ns
  Clock Uncertainty:      0.035ns  ((TSJ^2 + TIJ^2)^1/2 + DJ) / 2 + PE
    Total System Jitter     (TSJ):    0.071ns
    Total Input Jitter      (TIJ):    0.000ns
    Discrete Jitter          (DJ):    0.000ns
    Phase Error              (PE):    0.000ns

    Location             Delay type                Incr(ns)  Path(ns)    Netlist Resource(s)
  -------------------------------------------------------------------    -------------------
                         (clock sys_clk_pin rise edge)
                                                      0.000     0.000 r  
    H16                                               0.000     0.000 r  iclk (IN)
                         net (fo=0)                   0.000     0.000    iclk
    H16                  IBUF (Prop_ibuf_I_O)         1.457     1.457 r  iclk_IBUF_inst/O
                         net (fo=1, routed)           2.076     3.533    iclk_IBUF
    BUFGCTRL_X0Y16       BUFG (Prop_bufg_I_O)         0.101     3.634 r  iclk_IBUF_BUFG_inst/O
                         net (fo=640, routed)         1.661     5.295    inst_shift/iclk_IBUF_BUFG
    SLICE_X34Y51         FDSE                                         r  inst_shift/sr_reg[5]/C
  -------------------------------------------------------------------    -------------------
    SLICE_X34Y51         FDSE (Prop_fdse_C_Q)         0.478     5.773 r  inst_shift/sr_reg[5]/Q
                         net (fo=9, routed)           2.109     7.882    inst_shift/Q[5]
    SLICE_X33Y43         LUT6 (Prop_lut6_I0_O)        0.295     8.177 r  inst_shift/i__carry_i_3/O
                         net (fo=1, routed)           0.000     8.177    inst_LCD/neqOp_inferred__0/i__carry__0_0[0]
    SLICE_X33Y43         CARRY4 (Prop_carry4_S[1]_CO[3])
                                                      0.550     8.727 r  inst_LCD/neqOp_inferred__0/i__carry/CO[3]
                         net (fo=1, routed)           0.000     8.727    inst_LCD/neqOp_inferred__0/i__carry_n_0
    SLICE_X33Y44         CARRY4 (Prop_carry4_CI_CO[3])
                                                      0.114     8.841 r  inst_LCD/neqOp_inferred__0/i__carry__0/CO[3]
                         net (fo=1, routed)           0.000     8.841    inst_LCD/neqOp_inferred__0/i__carry__0_n_0
    SLICE_X33Y45         CARRY4 (Prop_carry4_CI_CO[3])
                                                      0.114     8.955 r  inst_LCD/neqOp_inferred__0/i__carry__1/CO[3]
                         net (fo=1, routed)           0.000     8.955    inst_LCD/neqOp_inferred__0/i__carry__1_n_0
    SLICE_X33Y46         CARRY4 (Prop_carry4_CI_CO[3])
                                                      0.114     9.069 r  inst_LCD/neqOp_inferred__0/i__carry__2/CO[3]
                         net (fo=1, routed)           0.000     9.069    inst_LCD/neqOp_inferred__0/i__carry__2_n_0
    SLICE_X33Y47         CARRY4 (Prop_carry4_CI_CO[3])
                                                      0.114     9.183 r  inst_LCD/neqOp_inferred__0/i__carry__3/CO[3]
                         net (fo=1, routed)           0.000     9.183    inst_LCD/neqOp_inferred__0/i__carry__3_n_0
    SLICE_X33Y48         CARRY4 (Prop_carry4_CI_CO[3])
                                                      0.114     9.297 r  inst_LCD/neqOp_inferred__0/i__carry__4/CO[3]
                         net (fo=1, routed)           0.000     9.297    inst_LCD/neqOp_inferred__0/i__carry__4_n_0
    SLICE_X33Y49         CARRY4 (Prop_carry4_CI_CO[3])
                                                      0.114     9.411 r  inst_LCD/neqOp_inferred__0/i__carry__5/CO[3]
                         net (fo=1, routed)           0.001     9.412    inst_LCD/neqOp_inferred__0/i__carry__5_n_0
    SLICE_X33Y50         CARRY4 (Prop_carry4_CI_CO[3])
                                                      0.114     9.526 r  inst_LCD/neqOp_inferred__0/i__carry__6/CO[3]
                         net (fo=1, routed)           0.000     9.526    inst_LCD/neqOp_inferred__0/i__carry__6_n_0
    SLICE_X33Y51         CARRY4 (Prop_carry4_CI_CO[3])
                                                      0.114     9.640 r  inst_LCD/neqOp_inferred__0/i__carry__7/CO[3]
                         net (fo=1, routed)           0.000     9.640    inst_LCD/neqOp_inferred__0/i__carry__7_n_0
    SLICE_X33Y52         CARRY4 (Prop_carry4_CI_CO[3])
                                                      0.114     9.754 r  inst_LCD/neqOp_inferred__0/i__carry__8/CO[3]
                         net (fo=1, routed)           0.000     9.754    inst_LCD/neqOp_inferred__0/i__carry__8_n_0
    SLICE_X33Y53         CARRY4 (Prop_carry4_CI_CO[2])
                                                      0.228     9.982 f  inst_LCD/neqOp_inferred__0/i__carry__9/CO[2]
                         net (fo=2, routed)           0.994    10.975    inst_LCD/INST_i2c_manager/FSM_onehot_State_reg[2]_1[0]
    SLICE_X40Y55         LUT6 (Prop_lut6_I1_O)        0.313    11.288 r  inst_LCD/INST_i2c_manager/FSM_onehot_State[2]_i_1/O
                         net (fo=1, routed)           0.000    11.288    inst_LCD/INST_i2c_manager_n_12
    SLICE_X40Y55         FDRE                                         r  inst_LCD/FSM_onehot_State_reg[2]/D
  -------------------------------------------------------------------    -------------------

                         (clock sys_clk_pin rise edge)
                                                      8.000     8.000 r  
    H16                                               0.000     8.000 r  iclk (IN)
                         net (fo=0)                   0.000     8.000    iclk
    H16                  IBUF (Prop_ibuf_I_O)         1.387     9.387 r  iclk_IBUF_inst/O
                         net (fo=1, routed)           1.880    11.267    iclk_IBUF
    BUFGCTRL_X0Y16       BUFG (Prop_bufg_I_O)         0.091    11.358 r  iclk_IBUF_BUFG_inst/O
                         net (fo=640, routed)         1.563    12.921    inst_LCD/iclk_IBUF_BUFG
    SLICE_X40Y55         FDRE                                         r  inst_LCD/FSM_onehot_State_reg[2]/C
                         clock pessimism              0.391    13.311    
                         clock uncertainty           -0.035    13.276    
    SLICE_X40Y55         FDRE (Setup_fdre_C_D)        0.031    13.307    inst_LCD/FSM_onehot_State_reg[2]
  -------------------------------------------------------------------
                         required time                         13.307    
                         arrival time                         -11.288    
  -------------------------------------------------------------------
                         slack                                  2.018    

Slack (MET) :             2.093ns  (required time - arrival time)
  Source:                 inst_LCD/byteSel_reg[0]/C
                            (rising edge-triggered cell FDRE clocked by sys_clk_pin  {rise@0.000ns fall@4.000ns period=8.000ns})
  Destination:            inst_LCD/INST_i2c_manager/data_tx_reg[4]/D
                            (rising edge-triggered cell FDRE clocked by sys_clk_pin  {rise@0.000ns fall@4.000ns period=8.000ns})
  Path Group:             sys_clk_pin
  Path Type:              Setup (Max at Slow Process Corner)
  Requirement:            8.000ns  (sys_clk_pin rise@8.000ns - sys_clk_pin rise@0.000ns)
  Data Path Delay:        5.730ns  (logic 1.317ns (22.984%)  route 4.413ns (77.016%))
  Logic Levels:           4  (LUT3=1 LUT6=3)
  Clock Path Skew:        -0.061ns (DCD - SCD + CPR)
    Destination Clock Delay (DCD):    4.922ns = ( 12.922 - 8.000 ) 
    Source Clock Delay      (SCD):    5.373ns
    Clock Pessimism Removal (CPR):    0.391ns
  Clock Uncertainty:      0.035ns  ((TSJ^2 + TIJ^2)^1/2 + DJ) / 2 + PE
    Total System Jitter     (TSJ):    0.071ns
    Total Input Jitter      (TIJ):    0.000ns
    Discrete Jitter          (DJ):    0.000ns
    Phase Error              (PE):    0.000ns

    Location             Delay type                Incr(ns)  Path(ns)    Netlist Resource(s)
  -------------------------------------------------------------------    -------------------
                         (clock sys_clk_pin rise edge)
                                                      0.000     0.000 r  
    H16                                               0.000     0.000 r  iclk (IN)
                         net (fo=0)                   0.000     0.000    iclk
    H16                  IBUF (Prop_ibuf_I_O)         1.457     1.457 r  iclk_IBUF_inst/O
                         net (fo=1, routed)           2.076     3.533    iclk_IBUF
    BUFGCTRL_X0Y16       BUFG (Prop_bufg_I_O)         0.101     3.634 r  iclk_IBUF_BUFG_inst/O
                         net (fo=640, routed)         1.739     5.373    inst_LCD/iclk_IBUF_BUFG
    SLICE_X39Y52         FDRE                                         r  inst_LCD/byteSel_reg[0]/C
  -------------------------------------------------------------------    -------------------
    SLICE_X39Y52         FDRE (Prop_fdre_C_Q)         0.419     5.792 r  inst_LCD/byteSel_reg[0]/Q
                         net (fo=124, routed)         1.524     7.317    inst_LCD/INST_i2c_manager/Q[0]
    SLICE_X37Y45         LUT3 (Prop_lut3_I1_O)        0.324     7.641 f  inst_LCD/INST_i2c_manager/data_tx[7]_i_21/O
                         net (fo=2, routed)           0.792     8.433    inst_LCD/INST_i2c_manager/data_tx[7]_i_21_n_0
    SLICE_X41Y45         LUT6 (Prop_lut6_I2_O)        0.326     8.759 r  inst_LCD/INST_i2c_manager/data_tx[4]_i_7/O
                         net (fo=1, routed)           0.656     9.415    inst_LCD/INST_i2c_manager/data_tx[4]_i_7_n_0
    SLICE_X40Y47         LUT6 (Prop_lut6_I2_O)        0.124     9.539 r  inst_LCD/INST_i2c_manager/data_tx[4]_i_2/O
                         net (fo=1, routed)           0.768    10.307    inst_LCD/INST_i2c_manager/data_tx[4]_i_2_n_0
    SLICE_X40Y49         LUT6 (Prop_lut6_I1_O)        0.124    10.431 r  inst_LCD/INST_i2c_manager/data_tx[4]_i_1/O
                         net (fo=2, routed)           0.672    11.103    inst_LCD/INST_i2c_manager/dataOut[4]
    SLICE_X41Y50         FDRE                                         r  inst_LCD/INST_i2c_manager/data_tx_reg[4]/D
  -------------------------------------------------------------------    -------------------

                         (clock sys_clk_pin rise edge)
                                                      8.000     8.000 r  
    H16                                               0.000     8.000 r  iclk (IN)
                         net (fo=0)                   0.000     8.000    iclk
    H16                  IBUF (Prop_ibuf_I_O)         1.387     9.387 r  iclk_IBUF_inst/O
                         net (fo=1, routed)           1.880    11.267    iclk_IBUF
    BUFGCTRL_X0Y16       BUFG (Prop_bufg_I_O)         0.091    11.358 r  iclk_IBUF_BUFG_inst/O
                         net (fo=640, routed)         1.564    12.922    inst_LCD/INST_i2c_manager/iclk_IBUF_BUFG
    SLICE_X41Y50         FDRE                                         r  inst_LCD/INST_i2c_manager/data_tx_reg[4]/C
                         clock pessimism              0.391    13.312    
                         clock uncertainty           -0.035    13.277    
    SLICE_X41Y50         FDRE (Setup_fdre_C_D)       -0.081    13.196    inst_LCD/INST_i2c_manager/data_tx_reg[4]
  -------------------------------------------------------------------
                         required time                         13.196    
                         arrival time                         -11.103    
  -------------------------------------------------------------------
                         slack                                  2.093    

Slack (MET) :             2.390ns  (required time - arrival time)
  Source:                 inst_LCD/byteSel_reg[0]/C
                            (rising edge-triggered cell FDRE clocked by sys_clk_pin  {rise@0.000ns fall@4.000ns period=8.000ns})
  Destination:            inst_LCD/INST_i2c_manager/data_tx_reg[7]/D
                            (rising edge-triggered cell FDRE clocked by sys_clk_pin  {rise@0.000ns fall@4.000ns period=8.000ns})
  Path Group:             sys_clk_pin
  Path Type:              Setup (Max at Slow Process Corner)
  Requirement:            8.000ns  (sys_clk_pin rise@8.000ns - sys_clk_pin rise@0.000ns)
  Data Path Delay:        5.471ns  (logic 1.513ns (27.656%)  route 3.958ns (72.344%))
  Logic Levels:           4  (LUT3=1 LUT5=1 LUT6=2)
  Clock Path Skew:        -0.061ns (DCD - SCD + CPR)
    Destination Clock Delay (DCD):    4.922ns = ( 12.922 - 8.000 ) 
    Source Clock Delay      (SCD):    5.373ns
    Clock Pessimism Removal (CPR):    0.391ns
  Clock Uncertainty:      0.035ns  ((TSJ^2 + TIJ^2)^1/2 + DJ) / 2 + PE
    Total System Jitter     (TSJ):    0.071ns
    Total Input Jitter      (TIJ):    0.000ns
    Discrete Jitter          (DJ):    0.000ns
    Phase Error              (PE):    0.000ns

    Location             Delay type                Incr(ns)  Path(ns)    Netlist Resource(s)
  -------------------------------------------------------------------    -------------------
                         (clock sys_clk_pin rise edge)
                                                      0.000     0.000 r  
    H16                                               0.000     0.000 r  iclk (IN)
                         net (fo=0)                   0.000     0.000    iclk
    H16                  IBUF (Prop_ibuf_I_O)         1.457     1.457 r  iclk_IBUF_inst/O
                         net (fo=1, routed)           2.076     3.533    iclk_IBUF
    BUFGCTRL_X0Y16       BUFG (Prop_bufg_I_O)         0.101     3.634 r  iclk_IBUF_BUFG_inst/O
                         net (fo=640, routed)         1.739     5.373    inst_LCD/iclk_IBUF_BUFG
    SLICE_X39Y52         FDRE                                         r  inst_LCD/byteSel_reg[0]/C
  -------------------------------------------------------------------    -------------------
    SLICE_X39Y52         FDRE (Prop_fdre_C_Q)         0.419     5.792 r  inst_LCD/byteSel_reg[0]/Q
                         net (fo=124, routed)         1.524     7.317    inst_LCD/INST_i2c_manager/Q[0]
    SLICE_X37Y45         LUT3 (Prop_lut3_I1_O)        0.324     7.641 f  inst_LCD/INST_i2c_manager/data_tx[7]_i_21/O
                         net (fo=2, routed)           0.594     8.234    inst_LCD/INST_i2c_manager/data_tx[7]_i_21_n_0
    SLICE_X41Y45         LUT6 (Prop_lut6_I0_O)        0.326     8.560 f  inst_LCD/INST_i2c_manager/data_tx[7]_i_8/O
                         net (fo=1, routed)           0.545     9.105    inst_LCD/INST_i2c_manager/data_tx[7]_i_8_n_0
    SLICE_X41Y48         LUT5 (Prop_lut5_I2_O)        0.118     9.223 f  inst_LCD/INST_i2c_manager/data_tx[7]_i_3/O
                         net (fo=1, routed)           0.781    10.004    inst_LCD/INST_i2c_manager/data_tx[7]_i_3_n_0
    SLICE_X40Y49         LUT6 (Prop_lut6_I0_O)        0.326    10.330 r  inst_LCD/INST_i2c_manager/data_tx[7]_i_2/O
                         net (fo=2, routed)           0.514    10.844    inst_LCD/INST_i2c_manager/dataOut[7]
    SLICE_X41Y50         FDRE                                         r  inst_LCD/INST_i2c_manager/data_tx_reg[7]/D
  -------------------------------------------------------------------    -------------------

                         (clock sys_clk_pin rise edge)
                                                      8.000     8.000 r  
    H16                                               0.000     8.000 r  iclk (IN)
                         net (fo=0)                   0.000     8.000    iclk
    H16                  IBUF (Prop_ibuf_I_O)         1.387     9.387 r  iclk_IBUF_inst/O
                         net (fo=1, routed)           1.880    11.267    iclk_IBUF
    BUFGCTRL_X0Y16       BUFG (Prop_bufg_I_O)         0.091    11.358 r  iclk_IBUF_BUFG_inst/O
                         net (fo=640, routed)         1.564    12.922    inst_LCD/INST_i2c_manager/iclk_IBUF_BUFG
    SLICE_X41Y50         FDRE                                         r  inst_LCD/INST_i2c_manager/data_tx_reg[7]/C
                         clock pessimism              0.391    13.312    
                         clock uncertainty           -0.035    13.277    
    SLICE_X41Y50         FDRE (Setup_fdre_C_D)       -0.043    13.234    inst_LCD/INST_i2c_manager/data_tx_reg[7]
  -------------------------------------------------------------------
                         required time                         13.234    
                         arrival time                         -10.844    
  -------------------------------------------------------------------
                         slack                                  2.390    

Slack (MET) :             2.433ns  (required time - arrival time)
  Source:                 inst_LCD/byteSel_reg[0]/C
                            (rising edge-triggered cell FDRE clocked by sys_clk_pin  {rise@0.000ns fall@4.000ns period=8.000ns})
  Destination:            inst_LCD/INST_i2c_manager/data_tx_reg[6]/D
                            (rising edge-triggered cell FDRE clocked by sys_clk_pin  {rise@0.000ns fall@4.000ns period=8.000ns})
  Path Group:             sys_clk_pin
  Path Type:              Setup (Max at Slow Process Corner)
  Requirement:            8.000ns  (sys_clk_pin rise@8.000ns - sys_clk_pin rise@0.000ns)
  Data Path Delay:        5.238ns  (logic 1.557ns (29.727%)  route 3.681ns (70.273%))
  Logic Levels:           5  (LUT5=2 LUT6=1 MUXF7=2)
  Clock Path Skew:        -0.061ns (DCD - SCD + CPR)
    Destination Clock Delay (DCD):    4.922ns = ( 12.922 - 8.000 ) 
    Source Clock Delay      (SCD):    5.373ns
    Clock Pessimism Removal (CPR):    0.391ns
  Clock Uncertainty:      0.035ns  ((TSJ^2 + TIJ^2)^1/2 + DJ) / 2 + PE
    Total System Jitter     (TSJ):    0.071ns
    Total Input Jitter      (TIJ):    0.000ns
    Discrete Jitter          (DJ):    0.000ns
    Phase Error              (PE):    0.000ns

    Location             Delay type                Incr(ns)  Path(ns)    Netlist Resource(s)
  -------------------------------------------------------------------    -------------------
                         (clock sys_clk_pin rise edge)
                                                      0.000     0.000 r  
    H16                                               0.000     0.000 r  iclk (IN)
                         net (fo=0)                   0.000     0.000    iclk
    H16                  IBUF (Prop_ibuf_I_O)         1.457     1.457 r  iclk_IBUF_inst/O
                         net (fo=1, routed)           2.076     3.533    iclk_IBUF
    BUFGCTRL_X0Y16       BUFG (Prop_bufg_I_O)         0.101     3.634 r  iclk_IBUF_BUFG_inst/O
                         net (fo=640, routed)         1.739     5.373    inst_LCD/iclk_IBUF_BUFG
    SLICE_X39Y52         FDRE                                         r  inst_LCD/byteSel_reg[0]/C
  -------------------------------------------------------------------    -------------------
    SLICE_X39Y52         FDRE (Prop_fdre_C_Q)         0.419     5.792 r  inst_LCD/byteSel_reg[0]/Q
                         net (fo=124, routed)         1.358     7.150    inst_shift/data_tx_reg[7][0]
    SLICE_X32Y45         LUT5 (Prop_lut5_I3_O)        0.296     7.446 r  inst_shift/data_tx[6]_i_32/O
                         net (fo=1, routed)           0.000     7.446    inst_shift/data_tx[6]_i_32_n_0
    SLICE_X32Y45         MUXF7 (Prop_muxf7_I0_O)      0.209     7.655 r  inst_shift/data_tx_reg[6]_i_15/O
                         net (fo=1, routed)           0.843     8.498    inst_shift/data_tx_reg[6]_i_15_n_0
    SLICE_X32Y45         LUT6 (Prop_lut6_I1_O)        0.297     8.795 r  inst_shift/data_tx[6]_i_5/O
                         net (fo=1, routed)           0.830     9.625    inst_LCD/INST_i2c_manager/data_tx_reg[6]_1
    SLICE_X40Y48         LUT5 (Prop_lut5_I2_O)        0.124     9.749 r  inst_LCD/INST_i2c_manager/data_tx[6]_i_2/O
                         net (fo=1, routed)           0.000     9.749    inst_LCD/INST_i2c_manager/data_tx[6]_i_2_n_0
    SLICE_X40Y48         MUXF7 (Prop_muxf7_I0_O)      0.212     9.961 r  inst_LCD/INST_i2c_manager/data_tx_reg[6]_i_1/O
                         net (fo=2, routed)           0.650    10.611    inst_LCD/INST_i2c_manager/dataOut[6]
    SLICE_X41Y50         FDRE                                         r  inst_LCD/INST_i2c_manager/data_tx_reg[6]/D
  -------------------------------------------------------------------    -------------------

                         (clock sys_clk_pin rise edge)
                                                      8.000     8.000 r  
    H16                                               0.000     8.000 r  iclk (IN)
                         net (fo=0)                   0.000     8.000    iclk
    H16                  IBUF (Prop_ibuf_I_O)         1.387     9.387 r  iclk_IBUF_inst/O
                         net (fo=1, routed)           1.880    11.267    iclk_IBUF
    BUFGCTRL_X0Y16       BUFG (Prop_bufg_I_O)         0.091    11.358 r  iclk_IBUF_BUFG_inst/O
                         net (fo=640, routed)         1.564    12.922    inst_LCD/INST_i2c_manager/iclk_IBUF_BUFG
    SLICE_X41Y50         FDRE                                         r  inst_LCD/INST_i2c_manager/data_tx_reg[6]/C
                         clock pessimism              0.391    13.312    
                         clock uncertainty           -0.035    13.277    
    SLICE_X41Y50         FDRE (Setup_fdre_C_D)       -0.233    13.044    inst_LCD/INST_i2c_manager/data_tx_reg[6]
  -------------------------------------------------------------------
                         required time                         13.044    
                         arrival time                         -10.611    
  -------------------------------------------------------------------
                         slack                                  2.433    

Slack (MET) :             2.555ns  (required time - arrival time)
  Source:                 inst_LCD/byteSel_reg[0]/C
                            (rising edge-triggered cell FDRE clocked by sys_clk_pin  {rise@0.000ns fall@4.000ns period=8.000ns})
  Destination:            inst_LCD/INST_i2c_manager/data_tx_reg[5]/D
                            (rising edge-triggered cell FDRE clocked by sys_clk_pin  {rise@0.000ns fall@4.000ns period=8.000ns})
  Path Group:             sys_clk_pin
  Path Type:              Setup (Max at Slow Process Corner)
  Requirement:            8.000ns  (sys_clk_pin rise@8.000ns - sys_clk_pin rise@0.000ns)
  Data Path Delay:        5.240ns  (logic 1.350ns (25.762%)  route 3.890ns (74.238%))
  Logic Levels:           4  (LUT5=1 LUT6=2 MUXF7=1)
  Clock Path Skew:        -0.061ns (DCD - SCD + CPR)
    Destination Clock Delay (DCD):    4.922ns = ( 12.922 - 8.000 ) 
    Source Clock Delay      (SCD):    5.373ns
    Clock Pessimism Removal (CPR):    0.391ns
  Clock Uncertainty:      0.035ns  ((TSJ^2 + TIJ^2)^1/2 + DJ) / 2 + PE
    Total System Jitter     (TSJ):    0.071ns
    Total Input Jitter      (TIJ):    0.000ns
    Discrete Jitter          (DJ):    0.000ns
    Phase Error              (PE):    0.000ns

    Location             Delay type                Incr(ns)  Path(ns)    Netlist Resource(s)
  -------------------------------------------------------------------    -------------------
                         (clock sys_clk_pin rise edge)
                                                      0.000     0.000 r  
    H16                                               0.000     0.000 r  iclk (IN)
                         net (fo=0)                   0.000     0.000    iclk
    H16                  IBUF (Prop_ibuf_I_O)         1.457     1.457 r  iclk_IBUF_inst/O
                         net (fo=1, routed)           2.076     3.533    iclk_IBUF
    BUFGCTRL_X0Y16       BUFG (Prop_bufg_I_O)         0.101     3.634 r  iclk_IBUF_BUFG_inst/O
                         net (fo=640, routed)         1.739     5.373    inst_LCD/iclk_IBUF_BUFG
    SLICE_X39Y52         FDRE                                         r  inst_LCD/byteSel_reg[0]/C
  -------------------------------------------------------------------    -------------------
    SLICE_X39Y52         FDRE (Prop_fdre_C_Q)         0.419     5.792 r  inst_LCD/byteSel_reg[0]/Q
                         net (fo=124, routed)         1.413     7.205    inst_shift/data_tx_reg[7][0]
    SLICE_X34Y46         LUT5 (Prop_lut5_I3_O)        0.296     7.501 r  inst_shift/data_tx[5]_i_31/O
                         net (fo=1, routed)           0.000     7.501    inst_shift/data_tx[5]_i_31_n_0
    SLICE_X34Y46         MUXF7 (Prop_muxf7_I1_O)      0.214     7.715 r  inst_shift/data_tx_reg[5]_i_14/O
                         net (fo=1, routed)           0.577     8.292    inst_LCD/INST_i2c_manager/data_tx[5]_i_2_3
    SLICE_X35Y48         LUT6 (Prop_lut6_I5_O)        0.297     8.589 f  inst_LCD/INST_i2c_manager/data_tx[5]_i_4/O
                         net (fo=1, routed)           0.818     9.407    inst_LCD/INST_i2c_manager/data_tx[5]_i_4_n_0
    SLICE_X38Y48         LUT6 (Prop_lut6_I1_O)        0.124     9.531 r  inst_LCD/INST_i2c_manager/data_tx[5]_i_2/O
                         net (fo=2, routed)           1.083    10.614    inst_LCD/INST_i2c_manager/dataOut[5]
    SLICE_X41Y50         FDRE                                         r  inst_LCD/INST_i2c_manager/data_tx_reg[5]/D
  -------------------------------------------------------------------    -------------------

                         (clock sys_clk_pin rise edge)
                                                      8.000     8.000 r  
    H16                                               0.000     8.000 r  iclk (IN)
                         net (fo=0)                   0.000     8.000    iclk
    H16                  IBUF (Prop_ibuf_I_O)         1.387     9.387 r  iclk_IBUF_inst/O
                         net (fo=1, routed)           1.880    11.267    iclk_IBUF
    BUFGCTRL_X0Y16       BUFG (Prop_bufg_I_O)         0.091    11.358 r  iclk_IBUF_BUFG_inst/O
                         net (fo=640, routed)         1.564    12.922    inst_LCD/INST_i2c_manager/iclk_IBUF_BUFG
    SLICE_X41Y50         FDRE                                         r  inst_LCD/INST_i2c_manager/data_tx_reg[5]/C
                         clock pessimism              0.391    13.312    
                         clock uncertainty           -0.035    13.277    
    SLICE_X41Y50         FDRE (Setup_fdre_C_D)       -0.108    13.169    inst_LCD/INST_i2c_manager/data_tx_reg[5]
  -------------------------------------------------------------------
                         required time                         13.169    
                         arrival time                         -10.614    
  -------------------------------------------------------------------
                         slack                                  2.555    

Slack (MET) :             2.631ns  (required time - arrival time)
  Source:                 inst_LCD/INST_i2c_manager/count_reg[0]/C
                            (rising edge-triggered cell FDCE clocked by sys_clk_pin  {rise@0.000ns fall@4.000ns period=8.000ns})
  Destination:            inst_LCD/INST_i2c_manager/data_clk_reg/D
                            (rising edge-triggered cell FDRE clocked by sys_clk_pin  {rise@0.000ns fall@4.000ns period=8.000ns})
  Path Group:             sys_clk_pin
  Path Type:              Setup (Max at Slow Process Corner)
  Requirement:            8.000ns  (sys_clk_pin rise@8.000ns - sys_clk_pin rise@0.000ns)
  Data Path Delay:        5.384ns  (logic 2.187ns (40.622%)  route 3.197ns (59.378%))
  Logic Levels:           6  (CARRY4=1 LUT2=2 LUT4=1 LUT6=2)
  Clock Path Skew:        -0.025ns (DCD - SCD + CPR)
    Destination Clock Delay (DCD):    4.921ns = ( 12.921 - 8.000 ) 
    Source Clock Delay      (SCD):    5.374ns
    Clock Pessimism Removal (CPR):    0.429ns
  Clock Uncertainty:      0.035ns  ((TSJ^2 + TIJ^2)^1/2 + DJ) / 2 + PE
    Total System Jitter     (TSJ):    0.071ns
    Total Input Jitter      (TIJ):    0.000ns
    Discrete Jitter          (DJ):    0.000ns
    Phase Error              (PE):    0.000ns

    Location             Delay type                Incr(ns)  Path(ns)    Netlist Resource(s)
  -------------------------------------------------------------------    -------------------
                         (clock sys_clk_pin rise edge)
                                                      0.000     0.000 r  
    H16                                               0.000     0.000 r  iclk (IN)
                         net (fo=0)                   0.000     0.000    iclk
    H16                  IBUF (Prop_ibuf_I_O)         1.457     1.457 r  iclk_IBUF_inst/O
                         net (fo=1, routed)           2.076     3.533    iclk_IBUF
    BUFGCTRL_X0Y16       BUFG (Prop_bufg_I_O)         0.101     3.634 r  iclk_IBUF_BUFG_inst/O
                         net (fo=640, routed)         1.740     5.374    inst_LCD/INST_i2c_manager/iclk_IBUF_BUFG
    SLICE_X42Y56         FDCE                                         r  inst_LCD/INST_i2c_manager/count_reg[0]/C
  -------------------------------------------------------------------    -------------------
    SLICE_X42Y56         FDCE (Prop_fdce_C_Q)         0.518     5.892 r  inst_LCD/INST_i2c_manager/count_reg[0]/Q
                         net (fo=3, routed)           0.543     6.435    inst_LCD/INST_i2c_manager/count_reg_n_0_[0]
    SLICE_X42Y56         LUT2 (Prop_lut2_I0_O)        0.124     6.559 r  inst_LCD/INST_i2c_manager/count[3]_i_3/O
                         net (fo=1, routed)           0.000     6.559    inst_LCD/INST_i2c_manager/count[3]_i_3_n_0
    SLICE_X42Y56         CARRY4 (Prop_carry4_S[0]_O[3])
                                                      0.608     7.167 f  inst_LCD/INST_i2c_manager/count_reg[3]_i_2/O[3]
                         net (fo=4, routed)           0.690     7.857    inst_LCD/INST_i2c_manager/data0[3]
    SLICE_X43Y56         LUT2 (Prop_lut2_I1_O)        0.335     8.192 f  inst_LCD/INST_i2c_manager/stretch_i_6/O
                         net (fo=1, routed)           0.559     8.751    inst_LCD/INST_i2c_manager/stretch_i_6_n_0
    SLICE_X43Y57         LUT6 (Prop_lut6_I4_O)        0.326     9.077 r  inst_LCD/INST_i2c_manager/stretch_i_5/O
                         net (fo=2, routed)           0.580     9.657    inst_LCD/INST_i2c_manager/stretch_i_5_n_0
    SLICE_X40Y57         LUT6 (Prop_lut6_I4_O)        0.124     9.781 r  inst_LCD/INST_i2c_manager/data_clk_i_3/O
                         net (fo=1, routed)           0.825    10.606    inst_LCD/INST_i2c_manager/data_clk_i_3_n_0
    SLICE_X40Y56         LUT4 (Prop_lut4_I1_O)        0.152    10.758 r  inst_LCD/INST_i2c_manager/data_clk_i_1/O
                         net (fo=1, routed)           0.000    10.758    inst_LCD/INST_i2c_manager/data_clk_i_1_n_0
    SLICE_X40Y56         FDRE                                         r  inst_LCD/INST_i2c_manager/data_clk_reg/D
  -------------------------------------------------------------------    -------------------

                         (clock sys_clk_pin rise edge)
                                                      8.000     8.000 r  
    H16                                               0.000     8.000 r  iclk (IN)
                         net (fo=0)                   0.000     8.000    iclk
    H16                  IBUF (Prop_ibuf_I_O)         1.387     9.387 r  iclk_IBUF_inst/O
                         net (fo=1, routed)           1.880    11.267    iclk_IBUF
    BUFGCTRL_X0Y16       BUFG (Prop_bufg_I_O)         0.091    11.358 r  iclk_IBUF_BUFG_inst/O
                         net (fo=640, routed)         1.563    12.921    inst_LCD/INST_i2c_manager/iclk_IBUF_BUFG
    SLICE_X40Y56         FDRE                                         r  inst_LCD/INST_i2c_manager/data_clk_reg/C
                         clock pessimism              0.429    13.349    
                         clock uncertainty           -0.035    13.314    
    SLICE_X40Y56         FDRE (Setup_fdre_C_D)        0.075    13.389    inst_LCD/INST_i2c_manager/data_clk_reg
  -------------------------------------------------------------------
                         required time                         13.389    
                         arrival time                         -10.758    
  -------------------------------------------------------------------
                         slack                                  2.631    

Slack (MET) :             2.649ns  (required time - arrival time)
  Source:                 inst_keyboard/ps2_keyboard_0/ps2_code_reg[6]/C
                            (rising edge-triggered cell FDRE clocked by sys_clk_pin  {rise@0.000ns fall@4.000ns period=8.000ns})
  Destination:            inst_keyboard/ascii_reg[1]/CE
                            (rising edge-triggered cell FDRE clocked by sys_clk_pin  {rise@0.000ns fall@4.000ns period=8.000ns})
  Path Group:             sys_clk_pin
  Path Type:              Setup (Max at Slow Process Corner)
  Requirement:            8.000ns  (sys_clk_pin rise@8.000ns - sys_clk_pin rise@0.000ns)
  Data Path Delay:        5.052ns  (logic 1.316ns (26.050%)  route 3.736ns (73.950%))
  Logic Levels:           4  (LUT2=1 LUT6=3)
  Clock Path Skew:        -0.059ns (DCD - SCD + CPR)
    Destination Clock Delay (DCD):    4.845ns = ( 12.845 - 8.000 ) 
    Source Clock Delay      (SCD):    5.294ns
    Clock Pessimism Removal (CPR):    0.391ns
  Clock Uncertainty:      0.035ns  ((TSJ^2 + TIJ^2)^1/2 + DJ) / 2 + PE
    Total System Jitter     (TSJ):    0.071ns
    Total Input Jitter      (TIJ):    0.000ns
    Discrete Jitter          (DJ):    0.000ns
    Phase Error              (PE):    0.000ns

    Location             Delay type                Incr(ns)  Path(ns)    Netlist Resource(s)
  -------------------------------------------------------------------    -------------------
                         (clock sys_clk_pin rise edge)
                                                      0.000     0.000 r  
    H16                                               0.000     0.000 r  iclk (IN)
                         net (fo=0)                   0.000     0.000    iclk
    H16                  IBUF (Prop_ibuf_I_O)         1.457     1.457 r  iclk_IBUF_inst/O
                         net (fo=1, routed)           2.076     3.533    iclk_IBUF
    BUFGCTRL_X0Y16       BUFG (Prop_bufg_I_O)         0.101     3.634 r  iclk_IBUF_BUFG_inst/O
                         net (fo=640, routed)         1.660     5.294    inst_keyboard/ps2_keyboard_0/iclk_IBUF_BUFG
    SLICE_X27Y52         FDRE                                         r  inst_keyboard/ps2_keyboard_0/ps2_code_reg[6]/C
  -------------------------------------------------------------------    -------------------
    SLICE_X27Y52         FDRE (Prop_fdre_C_Q)         0.419     5.713 r  inst_keyboard/ps2_keyboard_0/ps2_code_reg[6]/Q
                         net (fo=78, routed)          1.393     7.106    inst_keyboard/ps2_keyboard_0/ps2_code[6]
    SLICE_X32Y57         LUT2 (Prop_lut2_I0_O)        0.321     7.427 r  inst_keyboard/ps2_keyboard_0/ascii[6]_i_35/O
                         net (fo=4, routed)           0.510     7.938    inst_keyboard/ps2_keyboard_0/ascii[6]_i_35_n_0
    SLICE_X34Y54         LUT6 (Prop_lut6_I1_O)        0.328     8.266 r  inst_keyboard/ps2_keyboard_0/ascii[6]_i_23/O
                         net (fo=1, routed)           0.502     8.768    inst_keyboard/ps2_keyboard_0/ascii[6]_i_23_n_0
    SLICE_X34Y54         LUT6 (Prop_lut6_I2_O)        0.124     8.892 f  inst_keyboard/ps2_keyboard_0/ascii[6]_i_7/O
                         net (fo=1, routed)           0.617     9.509    inst_keyboard/ps2_keyboard_0/ascii[6]_i_7_n_0
    SLICE_X30Y54         LUT6 (Prop_lut6_I5_O)        0.124     9.633 r  inst_keyboard/ps2_keyboard_0/ascii[6]_i_1/O
                         net (fo=8, routed)           0.713    10.346    inst_keyboard/ps2_keyboard_0_n_9
    SLICE_X35Y56         FDRE                                         r  inst_keyboard/ascii_reg[1]/CE
  -------------------------------------------------------------------    -------------------

                         (clock sys_clk_pin rise edge)
                                                      8.000     8.000 r  
    H16                                               0.000     8.000 r  iclk (IN)
                         net (fo=0)                   0.000     8.000    iclk
    H16                  IBUF (Prop_ibuf_I_O)         1.387     9.387 r  iclk_IBUF_inst/O
                         net (fo=1, routed)           1.880    11.267    iclk_IBUF
    BUFGCTRL_X0Y16       BUFG (Prop_bufg_I_O)         0.091    11.358 r  iclk_IBUF_BUFG_inst/O
                         net (fo=640, routed)         1.487    12.845    inst_keyboard/iclk_IBUF_BUFG
    SLICE_X35Y56         FDRE                                         r  inst_keyboard/ascii_reg[1]/C
                         clock pessimism              0.391    13.235    
                         clock uncertainty           -0.035    13.200    
    SLICE_X35Y56         FDRE (Setup_fdre_C_CE)      -0.205    12.995    inst_keyboard/ascii_reg[1]
  -------------------------------------------------------------------
                         required time                         12.995    
                         arrival time                         -10.346    
  -------------------------------------------------------------------
                         slack                                  2.649    

Slack (MET) :             2.764ns  (required time - arrival time)
  Source:                 inst_keyboard/ps2_keyboard_0/ps2_code_reg[4]/C
                            (rising edge-triggered cell FDRE clocked by sys_clk_pin  {rise@0.000ns fall@4.000ns period=8.000ns})
  Destination:            inst_keyboard/ascii_reg[0]/D
                            (rising edge-triggered cell FDRE clocked by sys_clk_pin  {rise@0.000ns fall@4.000ns period=8.000ns})
  Path Group:             sys_clk_pin
  Path Type:              Setup (Max at Slow Process Corner)
  Requirement:            8.000ns  (sys_clk_pin rise@8.000ns - sys_clk_pin rise@0.000ns)
  Data Path Delay:        5.171ns  (logic 1.338ns (25.876%)  route 3.833ns (74.124%))
  Logic Levels:           6  (LUT2=1 LUT5=1 LUT6=4)
  Clock Path Skew:        -0.059ns (DCD - SCD + CPR)
    Destination Clock Delay (DCD):    4.845ns = ( 12.845 - 8.000 ) 
    Source Clock Delay      (SCD):    5.294ns
    Clock Pessimism Removal (CPR):    0.391ns
  Clock Uncertainty:      0.035ns  ((TSJ^2 + TIJ^2)^1/2 + DJ) / 2 + PE
    Total System Jitter     (TSJ):    0.071ns
    Total Input Jitter      (TIJ):    0.000ns
    Discrete Jitter          (DJ):    0.000ns
    Phase Error              (PE):    0.000ns

    Location             Delay type                Incr(ns)  Path(ns)    Netlist Resource(s)
  -------------------------------------------------------------------    -------------------
                         (clock sys_clk_pin rise edge)
                                                      0.000     0.000 r  
    H16                                               0.000     0.000 r  iclk (IN)
                         net (fo=0)                   0.000     0.000    iclk
    H16                  IBUF (Prop_ibuf_I_O)         1.457     1.457 r  iclk_IBUF_inst/O
                         net (fo=1, routed)           2.076     3.533    iclk_IBUF
    BUFGCTRL_X0Y16       BUFG (Prop_bufg_I_O)         0.101     3.634 r  iclk_IBUF_BUFG_inst/O
                         net (fo=640, routed)         1.660     5.294    inst_keyboard/ps2_keyboard_0/iclk_IBUF_BUFG
    SLICE_X27Y52         FDRE                                         r  inst_keyboard/ps2_keyboard_0/ps2_code_reg[4]/C
  -------------------------------------------------------------------    -------------------
    SLICE_X27Y52         FDRE (Prop_fdre_C_Q)         0.419     5.713 r  inst_keyboard/ps2_keyboard_0/ps2_code_reg[4]/Q
                         net (fo=109, routed)         0.948     6.662    inst_keyboard/ps2_keyboard_0/ps2_code[4]
    SLICE_X31Y54         LUT2 (Prop_lut2_I0_O)        0.299     6.961 f  inst_keyboard/ps2_keyboard_0/ascii[6]_i_14/O
                         net (fo=2, routed)           0.650     7.610    inst_keyboard/ps2_keyboard_0/ascii[6]_i_14_n_0
    SLICE_X31Y56         LUT6 (Prop_lut6_I0_O)        0.124     7.734 r  inst_keyboard/ps2_keyboard_0/ascii[0]_i_27/O
                         net (fo=1, routed)           0.571     8.305    inst_keyboard/ps2_keyboard_0/ascii[0]_i_27_n_0
    SLICE_X35Y56         LUT6 (Prop_lut6_I5_O)        0.124     8.429 r  inst_keyboard/ps2_keyboard_0/ascii[0]_i_21/O
                         net (fo=1, routed)           0.426     8.855    inst_keyboard/ps2_keyboard_0/ascii[0]_i_21_n_0
    SLICE_X34Y56         LUT5 (Prop_lut5_I4_O)        0.124     8.979 r  inst_keyboard/ps2_keyboard_0/ascii[0]_i_7/O
                         net (fo=4, routed)           0.453     9.433    inst_keyboard/ps2_keyboard_0/ascii[0]_i_7_n_0
    SLICE_X33Y57         LUT6 (Prop_lut6_I1_O)        0.124     9.557 r  inst_keyboard/ps2_keyboard_0/ascii[0]_i_3/O
                         net (fo=1, routed)           0.784    10.341    inst_keyboard/ps2_keyboard_0/ascii[0]_i_3_n_0
    SLICE_X33Y56         LUT6 (Prop_lut6_I2_O)        0.124    10.465 r  inst_keyboard/ps2_keyboard_0/ascii[0]_i_1/O
                         net (fo=1, routed)           0.000    10.465    inst_keyboard/ascii[0]
    SLICE_X33Y56         FDRE                                         r  inst_keyboard/ascii_reg[0]/D
  -------------------------------------------------------------------    -------------------

                         (clock sys_clk_pin rise edge)
                                                      8.000     8.000 r  
    H16                                               0.000     8.000 r  iclk (IN)
                         net (fo=0)                   0.000     8.000    iclk
    H16                  IBUF (Prop_ibuf_I_O)         1.387     9.387 r  iclk_IBUF_inst/O
                         net (fo=1, routed)           1.880    11.267    iclk_IBUF
    BUFGCTRL_X0Y16       BUFG (Prop_bufg_I_O)         0.091    11.358 r  iclk_IBUF_BUFG_inst/O
                         net (fo=640, routed)         1.487    12.845    inst_keyboard/iclk_IBUF_BUFG
    SLICE_X33Y56         FDRE                                         r  inst_keyboard/ascii_reg[0]/C
                         clock pessimism              0.391    13.235    
                         clock uncertainty           -0.035    13.200    
    SLICE_X33Y56         FDRE (Setup_fdre_C_D)        0.029    13.229    inst_keyboard/ascii_reg[0]
  -------------------------------------------------------------------
                         required time                         13.229    
                         arrival time                         -10.465    
  -------------------------------------------------------------------
                         slack                                  2.764    





Min Delay Paths
--------------------------------------------------------------------------------------
Slack (MET) :             0.067ns  (arrival time - required time)
  Source:                 inst_keyboard/ascii_new_reg/C
                            (rising edge-triggered cell FDRE clocked by sys_clk_pin  {rise@0.000ns fall@4.000ns period=8.000ns})
  Destination:            ascii_new_prev_reg/D
                            (rising edge-triggered cell FDRE clocked by sys_clk_pin  {rise@0.000ns fall@4.000ns period=8.000ns})
  Path Group:             sys_clk_pin
  Path Type:              Hold (Min at Fast Process Corner)
  Requirement:            0.000ns  (sys_clk_pin rise@0.000ns - sys_clk_pin rise@0.000ns)
  Data Path Delay:        0.411ns  (logic 0.141ns (34.333%)  route 0.270ns (65.667%))
  Logic Levels:           0  
  Clock Path Skew:        0.273ns (DCD - SCD - CPR)
    Destination Clock Delay (DCD):    1.958ns
    Source Clock Delay      (SCD):    1.438ns
    Clock Pessimism Removal (CPR):    0.247ns

    Location             Delay type                Incr(ns)  Path(ns)    Netlist Resource(s)
  -------------------------------------------------------------------    -------------------
                         (clock sys_clk_pin rise edge)
                                                      0.000     0.000 r  
    H16                                               0.000     0.000 r  iclk (IN)
                         net (fo=0)                   0.000     0.000    iclk
    H16                  IBUF (Prop_ibuf_I_O)         0.225     0.225 r  iclk_IBUF_inst/O
                         net (fo=1, routed)           0.627     0.852    iclk_IBUF
    BUFGCTRL_X0Y16       BUFG (Prop_bufg_I_O)         0.026     0.878 r  iclk_IBUF_BUFG_inst/O
                         net (fo=640, routed)         0.560     1.438    inst_keyboard/iclk_IBUF_BUFG
    SLICE_X29Y51         FDRE                                         r  inst_keyboard/ascii_new_reg/C
  -------------------------------------------------------------------    -------------------
    SLICE_X29Y51         FDRE (Prop_fdre_C_Q)         0.141     1.579 r  inst_keyboard/ascii_new_reg/Q
                         net (fo=2, routed)           0.270     1.849    ascii_new_sig
    SLICE_X29Y43         FDRE                                         r  ascii_new_prev_reg/D
  -------------------------------------------------------------------    -------------------

                         (clock sys_clk_pin rise edge)
                                                      0.000     0.000 r  
    H16                                               0.000     0.000 r  iclk (IN)
                         net (fo=0)                   0.000     0.000    iclk
    H16                  IBUF (Prop_ibuf_I_O)         0.413     0.413 r  iclk_IBUF_inst/O
                         net (fo=1, routed)           0.683     1.096    iclk_IBUF
    BUFGCTRL_X0Y16       BUFG (Prop_bufg_I_O)         0.029     1.125 r  iclk_IBUF_BUFG_inst/O
                         net (fo=640, routed)         0.833     1.958    iclk_IBUF_BUFG
    SLICE_X29Y43         FDRE                                         r  ascii_new_prev_reg/C
                         clock pessimism             -0.247     1.711    
    SLICE_X29Y43         FDRE (Hold_fdre_C_D)         0.070     1.781    ascii_new_prev_reg
  -------------------------------------------------------------------
                         required time                         -1.781    
                         arrival time                           1.849    
  -------------------------------------------------------------------
                         slack                                  0.067    

Slack (MET) :             0.068ns  (arrival time - required time)
  Source:                 inst_keyboard/ascii_reg[1]/C
                            (rising edge-triggered cell FDRE clocked by sys_clk_pin  {rise@0.000ns fall@4.000ns period=8.000ns})
  Destination:            inst_keyboard/ascii_code_reg[1]/D
                            (rising edge-triggered cell FDRE clocked by sys_clk_pin  {rise@0.000ns fall@4.000ns period=8.000ns})
  Path Group:             sys_clk_pin
  Path Type:              Hold (Min at Fast Process Corner)
  Requirement:            0.000ns  (sys_clk_pin rise@0.000ns - sys_clk_pin rise@0.000ns)
  Data Path Delay:        0.413ns  (logic 0.141ns (34.122%)  route 0.272ns (65.878%))
  Logic Levels:           0  
  Clock Path Skew:        0.275ns (DCD - SCD - CPR)
    Destination Clock Delay (DCD):    1.959ns
    Source Clock Delay      (SCD):    1.437ns
    Clock Pessimism Removal (CPR):    0.247ns

    Location             Delay type                Incr(ns)  Path(ns)    Netlist Resource(s)
  -------------------------------------------------------------------    -------------------
                         (clock sys_clk_pin rise edge)
                                                      0.000     0.000 r  
    H16                                               0.000     0.000 r  iclk (IN)
                         net (fo=0)                   0.000     0.000    iclk
    H16                  IBUF (Prop_ibuf_I_O)         0.225     0.225 r  iclk_IBUF_inst/O
                         net (fo=1, routed)           0.627     0.852    iclk_IBUF
    BUFGCTRL_X0Y16       BUFG (Prop_bufg_I_O)         0.026     0.878 r  iclk_IBUF_BUFG_inst/O
                         net (fo=640, routed)         0.559     1.437    inst_keyboard/iclk_IBUF_BUFG
    SLICE_X35Y56         FDRE                                         r  inst_keyboard/ascii_reg[1]/C
  -------------------------------------------------------------------    -------------------
    SLICE_X35Y56         FDRE (Prop_fdre_C_Q)         0.141     1.578 r  inst_keyboard/ascii_reg[1]/Q
                         net (fo=1, routed)           0.272     1.850    inst_keyboard/ascii_reg_n_0_[1]
    SLICE_X31Y49         FDRE                                         r  inst_keyboard/ascii_code_reg[1]/D
  -------------------------------------------------------------------    -------------------

                         (clock sys_clk_pin rise edge)
                                                      0.000     0.000 r  
    H16                                               0.000     0.000 r  iclk (IN)
                         net (fo=0)                   0.000     0.000    iclk
    H16                  IBUF (Prop_ibuf_I_O)         0.413     0.413 r  iclk_IBUF_inst/O
                         net (fo=1, routed)           0.683     1.096    iclk_IBUF
    BUFGCTRL_X0Y16       BUFG (Prop_bufg_I_O)         0.029     1.125 r  iclk_IBUF_BUFG_inst/O
                         net (fo=640, routed)         0.834     1.959    inst_keyboard/iclk_IBUF_BUFG
    SLICE_X31Y49         FDRE                                         r  inst_keyboard/ascii_code_reg[1]/C
                         clock pessimism             -0.247     1.712    
    SLICE_X31Y49         FDRE (Hold_fdre_C_D)         0.070     1.782    inst_keyboard/ascii_code_reg[1]
  -------------------------------------------------------------------
                         required time                         -1.782    
                         arrival time                           1.850    
  -------------------------------------------------------------------
                         slack                                  0.068    

Slack (MET) :             0.081ns  (arrival time - required time)
  Source:                 inst_shift/sr_reg[82]/C
                            (rising edge-triggered cell FDRE clocked by sys_clk_pin  {rise@0.000ns fall@4.000ns period=8.000ns})
  Destination:            inst_LCD/prevdata_reg[82]/D
                            (rising edge-triggered cell FDRE clocked by sys_clk_pin  {rise@0.000ns fall@4.000ns period=8.000ns})
  Path Group:             sys_clk_pin
  Path Type:              Hold (Min at Fast Process Corner)
  Requirement:            0.000ns  (sys_clk_pin rise@0.000ns - sys_clk_pin rise@0.000ns)
  Data Path Delay:        0.409ns  (logic 0.164ns (40.133%)  route 0.245ns (59.867%))
  Logic Levels:           0  
  Clock Path Skew:        0.274ns (DCD - SCD - CPR)
    Destination Clock Delay (DCD):    1.959ns
    Source Clock Delay      (SCD):    1.438ns
    Clock Pessimism Removal (CPR):    0.247ns

    Location             Delay type                Incr(ns)  Path(ns)    Netlist Resource(s)
  -------------------------------------------------------------------    -------------------
                         (clock sys_clk_pin rise edge)
                                                      0.000     0.000 r  
    H16                                               0.000     0.000 r  iclk (IN)
                         net (fo=0)                   0.000     0.000    iclk
    H16                  IBUF (Prop_ibuf_I_O)         0.225     0.225 r  iclk_IBUF_inst/O
                         net (fo=1, routed)           0.627     0.852    iclk_IBUF
    BUFGCTRL_X0Y16       BUFG (Prop_bufg_I_O)         0.026     0.878 r  iclk_IBUF_BUFG_inst/O
                         net (fo=640, routed)         0.560     1.438    inst_shift/iclk_IBUF_BUFG
    SLICE_X32Y50         FDRE                                         r  inst_shift/sr_reg[82]/C
  -------------------------------------------------------------------    -------------------
    SLICE_X32Y50         FDRE (Prop_fdre_C_Q)         0.164     1.602 r  inst_shift/sr_reg[82]/Q
                         net (fo=6, routed)           0.245     1.847    inst_LCD/prevdata_reg[127]_1[82]
    SLICE_X32Y49         FDRE                                         r  inst_LCD/prevdata_reg[82]/D
  -------------------------------------------------------------------    -------------------

                         (clock sys_clk_pin rise edge)
                                                      0.000     0.000 r  
    H16                                               0.000     0.000 r  iclk (IN)
                         net (fo=0)                   0.000     0.000    iclk
    H16                  IBUF (Prop_ibuf_I_O)         0.413     0.413 r  iclk_IBUF_inst/O
                         net (fo=1, routed)           0.683     1.096    iclk_IBUF
    BUFGCTRL_X0Y16       BUFG (Prop_bufg_I_O)         0.029     1.125 r  iclk_IBUF_BUFG_inst/O
                         net (fo=640, routed)         0.834     1.959    inst_LCD/iclk_IBUF_BUFG
    SLICE_X32Y49         FDRE                                         r  inst_LCD/prevdata_reg[82]/C
                         clock pessimism             -0.247     1.712    
    SLICE_X32Y49         FDRE (Hold_fdre_C_D)         0.053     1.765    inst_LCD/prevdata_reg[82]
  -------------------------------------------------------------------
                         required time                         -1.765    
                         arrival time                           1.847    
  -------------------------------------------------------------------
                         slack                                  0.081    

Slack (MET) :             0.082ns  (arrival time - required time)
  Source:                 inst_shift/sr_reg[110]/C
                            (rising edge-triggered cell FDRE clocked by sys_clk_pin  {rise@0.000ns fall@4.000ns period=8.000ns})
  Destination:            inst_shift/sr_reg[102]/D
                            (rising edge-triggered cell FDRE clocked by sys_clk_pin  {rise@0.000ns fall@4.000ns period=8.000ns})
  Path Group:             sys_clk_pin
  Path Type:              Hold (Min at Fast Process Corner)
  Requirement:            0.000ns  (sys_clk_pin rise@0.000ns - sys_clk_pin rise@0.000ns)
  Data Path Delay:        0.467ns  (logic 0.226ns (48.394%)  route 0.241ns (51.606%))
  Logic Levels:           1  (LUT3=1)
  Clock Path Skew:        0.264ns (DCD - SCD - CPR)
    Destination Clock Delay (DCD):    1.954ns
    Source Clock Delay      (SCD):    1.443ns
    Clock Pessimism Removal (CPR):    0.247ns

    Location             Delay type                Incr(ns)  Path(ns)    Netlist Resource(s)
  -------------------------------------------------------------------    -------------------
                         (clock sys_clk_pin rise edge)
                                                      0.000     0.000 r  
    H16                                               0.000     0.000 r  iclk (IN)
                         net (fo=0)                   0.000     0.000    iclk
    H16                  IBUF (Prop_ibuf_I_O)         0.225     0.225 r  iclk_IBUF_inst/O
                         net (fo=1, routed)           0.627     0.852    iclk_IBUF
    BUFGCTRL_X0Y16       BUFG (Prop_bufg_I_O)         0.026     0.878 r  iclk_IBUF_BUFG_inst/O
                         net (fo=640, routed)         0.565     1.443    inst_shift/iclk_IBUF_BUFG
    SLICE_X35Y46         FDRE                                         r  inst_shift/sr_reg[110]/C
  -------------------------------------------------------------------    -------------------
    SLICE_X35Y46         FDRE (Prop_fdre_C_Q)         0.128     1.571 r  inst_shift/sr_reg[110]/Q
                         net (fo=5, routed)           0.241     1.812    inst_shift/Q[110]
    SLICE_X32Y50         LUT3 (Prop_lut3_I0_O)        0.098     1.910 r  inst_shift/sr[102]_i_1/O
                         net (fo=1, routed)           0.000     1.910    inst_shift/p_1_in[102]
    SLICE_X32Y50         FDRE                                         r  inst_shift/sr_reg[102]/D
  -------------------------------------------------------------------    -------------------

                         (clock sys_clk_pin rise edge)
                                                      0.000     0.000 r  
    H16                                               0.000     0.000 r  iclk (IN)
                         net (fo=0)                   0.000     0.000    iclk
    H16                  IBUF (Prop_ibuf_I_O)         0.413     0.413 r  iclk_IBUF_inst/O
                         net (fo=1, routed)           0.683     1.096    iclk_IBUF
    BUFGCTRL_X0Y16       BUFG (Prop_bufg_I_O)         0.029     1.125 r  iclk_IBUF_BUFG_inst/O
                         net (fo=640, routed)         0.829     1.954    inst_shift/iclk_IBUF_BUFG
    SLICE_X32Y50         FDRE                                         r  inst_shift/sr_reg[102]/C
                         clock pessimism             -0.247     1.707    
    SLICE_X32Y50         FDRE (Hold_fdre_C_D)         0.121     1.828    inst_shift/sr_reg[102]
  -------------------------------------------------------------------
                         required time                         -1.828    
                         arrival time                           1.910    
  -------------------------------------------------------------------
                         slack                                  0.082    

Slack (MET) :             0.089ns  (arrival time - required time)
  Source:                 inst_shift/sr_reg[86]/C
                            (rising edge-triggered cell FDRE clocked by sys_clk_pin  {rise@0.000ns fall@4.000ns period=8.000ns})
  Destination:            inst_LCD/prevdata_reg[86]/D
                            (rising edge-triggered cell FDRE clocked by sys_clk_pin  {rise@0.000ns fall@4.000ns period=8.000ns})
  Path Group:             sys_clk_pin
  Path Type:              Hold (Min at Fast Process Corner)
  Requirement:            0.000ns  (sys_clk_pin rise@0.000ns - sys_clk_pin rise@0.000ns)
  Data Path Delay:        0.375ns  (logic 0.148ns (39.509%)  route 0.227ns (60.491%))
  Logic Levels:           0  
  Clock Path Skew:        0.274ns (DCD - SCD - CPR)
    Destination Clock Delay (DCD):    1.959ns
    Source Clock Delay      (SCD):    1.438ns
    Clock Pessimism Removal (CPR):    0.247ns

    Location             Delay type                Incr(ns)  Path(ns)    Netlist Resource(s)
  -------------------------------------------------------------------    -------------------
                         (clock sys_clk_pin rise edge)
                                                      0.000     0.000 r  
    H16                                               0.000     0.000 r  iclk (IN)
                         net (fo=0)                   0.000     0.000    iclk
    H16                  IBUF (Prop_ibuf_I_O)         0.225     0.225 r  iclk_IBUF_inst/O
                         net (fo=1, routed)           0.627     0.852    iclk_IBUF
    BUFGCTRL_X0Y16       BUFG (Prop_bufg_I_O)         0.026     0.878 r  iclk_IBUF_BUFG_inst/O
                         net (fo=640, routed)         0.560     1.438    inst_shift/iclk_IBUF_BUFG
    SLICE_X32Y50         FDRE                                         r  inst_shift/sr_reg[86]/C
  -------------------------------------------------------------------    -------------------
    SLICE_X32Y50         FDRE (Prop_fdre_C_Q)         0.148     1.586 r  inst_shift/sr_reg[86]/Q
                         net (fo=5, routed)           0.227     1.813    inst_LCD/prevdata_reg[127]_1[86]
    SLICE_X32Y49         FDRE                                         r  inst_LCD/prevdata_reg[86]/D
  -------------------------------------------------------------------    -------------------

                         (clock sys_clk_pin rise edge)
                                                      0.000     0.000 r  
    H16                                               0.000     0.000 r  iclk (IN)
                         net (fo=0)                   0.000     0.000    iclk
    H16                  IBUF (Prop_ibuf_I_O)         0.413     0.413 r  iclk_IBUF_inst/O
                         net (fo=1, routed)           0.683     1.096    iclk_IBUF
    BUFGCTRL_X0Y16       BUFG (Prop_bufg_I_O)         0.029     1.125 r  iclk_IBUF_BUFG_inst/O
                         net (fo=640, routed)         0.834     1.959    inst_LCD/iclk_IBUF_BUFG
    SLICE_X32Y49         FDRE                                         r  inst_LCD/prevdata_reg[86]/C
                         clock pessimism             -0.247     1.712    
    SLICE_X32Y49         FDRE (Hold_fdre_C_D)         0.011     1.723    inst_LCD/prevdata_reg[86]
  -------------------------------------------------------------------
                         required time                         -1.723    
                         arrival time                           1.813    
  -------------------------------------------------------------------
                         slack                                  0.089    

Slack (MET) :             0.090ns  (arrival time - required time)
  Source:                 inst_shift/sr_reg[86]/C
                            (rising edge-triggered cell FDRE clocked by sys_clk_pin  {rise@0.000ns fall@4.000ns period=8.000ns})
  Destination:            inst_shift/sr_reg[94]/D
                            (rising edge-triggered cell FDRE clocked by sys_clk_pin  {rise@0.000ns fall@4.000ns period=8.000ns})
  Path Group:             sys_clk_pin
  Path Type:              Hold (Min at Fast Process Corner)
  Requirement:            0.000ns  (sys_clk_pin rise@0.000ns - sys_clk_pin rise@0.000ns)
  Data Path Delay:        0.495ns  (logic 0.250ns (50.461%)  route 0.245ns (49.539%))
  Logic Levels:           1  (LUT3=1)
  Clock Path Skew:        0.274ns (DCD - SCD - CPR)
    Destination Clock Delay (DCD):    1.959ns
    Source Clock Delay      (SCD):    1.438ns
    Clock Pessimism Removal (CPR):    0.247ns

    Location             Delay type                Incr(ns)  Path(ns)    Netlist Resource(s)
  -------------------------------------------------------------------    -------------------
                         (clock sys_clk_pin rise edge)
                                                      0.000     0.000 r  
    H16                                               0.000     0.000 r  iclk (IN)
                         net (fo=0)                   0.000     0.000    iclk
    H16                  IBUF (Prop_ibuf_I_O)         0.225     0.225 r  iclk_IBUF_inst/O
                         net (fo=1, routed)           0.627     0.852    iclk_IBUF
    BUFGCTRL_X0Y16       BUFG (Prop_bufg_I_O)         0.026     0.878 r  iclk_IBUF_BUFG_inst/O
                         net (fo=640, routed)         0.560     1.438    inst_shift/iclk_IBUF_BUFG
    SLICE_X32Y50         FDRE                                         r  inst_shift/sr_reg[86]/C
  -------------------------------------------------------------------    -------------------
    SLICE_X32Y50         FDRE (Prop_fdre_C_Q)         0.148     1.586 r  inst_shift/sr_reg[86]/Q
                         net (fo=5, routed)           0.245     1.832    inst_shift/Q[86]
    SLICE_X32Y48         LUT3 (Prop_lut3_I2_O)        0.102     1.934 r  inst_shift/sr[94]_i_1/O
                         net (fo=1, routed)           0.000     1.934    inst_shift/p_1_in[94]
    SLICE_X32Y48         FDRE                                         r  inst_shift/sr_reg[94]/D
  -------------------------------------------------------------------    -------------------

                         (clock sys_clk_pin rise edge)
                                                      0.000     0.000 r  
    H16                                               0.000     0.000 r  iclk (IN)
                         net (fo=0)                   0.000     0.000    iclk
    H16                  IBUF (Prop_ibuf_I_O)         0.413     0.413 r  iclk_IBUF_inst/O
                         net (fo=1, routed)           0.683     1.096    iclk_IBUF
    BUFGCTRL_X0Y16       BUFG (Prop_bufg_I_O)         0.029     1.125 r  iclk_IBUF_BUFG_inst/O
                         net (fo=640, routed)         0.834     1.959    inst_shift/iclk_IBUF_BUFG
    SLICE_X32Y48         FDRE                                         r  inst_shift/sr_reg[94]/C
                         clock pessimism             -0.247     1.712    
    SLICE_X32Y48         FDRE (Hold_fdre_C_D)         0.131     1.843    inst_shift/sr_reg[94]
  -------------------------------------------------------------------
                         required time                         -1.843    
                         arrival time                           1.934    
  -------------------------------------------------------------------
                         slack                                  0.090    

Slack (MET) :             0.096ns  (arrival time - required time)
  Source:                 inst_shift/sr_reg[86]/C
                            (rising edge-triggered cell FDRE clocked by sys_clk_pin  {rise@0.000ns fall@4.000ns period=8.000ns})
  Destination:            inst_shift/sr_reg[78]/D
                            (rising edge-triggered cell FDRE clocked by sys_clk_pin  {rise@0.000ns fall@4.000ns period=8.000ns})
  Path Group:             sys_clk_pin
  Path Type:              Hold (Min at Fast Process Corner)
  Requirement:            0.000ns  (sys_clk_pin rise@0.000ns - sys_clk_pin rise@0.000ns)
  Data Path Delay:        0.491ns  (logic 0.246ns (50.058%)  route 0.245ns (49.942%))
  Logic Levels:           1  (LUT3=1)
  Clock Path Skew:        0.274ns (DCD - SCD - CPR)
    Destination Clock Delay (DCD):    1.959ns
    Source Clock Delay      (SCD):    1.438ns
    Clock Pessimism Removal (CPR):    0.247ns

    Location             Delay type                Incr(ns)  Path(ns)    Netlist Resource(s)
  -------------------------------------------------------------------    -------------------
                         (clock sys_clk_pin rise edge)
                                                      0.000     0.000 r  
    H16                                               0.000     0.000 r  iclk (IN)
                         net (fo=0)                   0.000     0.000    iclk
    H16                  IBUF (Prop_ibuf_I_O)         0.225     0.225 r  iclk_IBUF_inst/O
                         net (fo=1, routed)           0.627     0.852    iclk_IBUF
    BUFGCTRL_X0Y16       BUFG (Prop_bufg_I_O)         0.026     0.878 r  iclk_IBUF_BUFG_inst/O
                         net (fo=640, routed)         0.560     1.438    inst_shift/iclk_IBUF_BUFG
    SLICE_X32Y50         FDRE                                         r  inst_shift/sr_reg[86]/C
  -------------------------------------------------------------------    -------------------
    SLICE_X32Y50         FDRE (Prop_fdre_C_Q)         0.148     1.586 r  inst_shift/sr_reg[86]/Q
                         net (fo=5, routed)           0.245     1.832    inst_shift/Q[86]
    SLICE_X32Y48         LUT3 (Prop_lut3_I0_O)        0.098     1.930 r  inst_shift/sr[78]_i_1/O
                         net (fo=1, routed)           0.000     1.930    inst_shift/p_1_in[78]
    SLICE_X32Y48         FDRE                                         r  inst_shift/sr_reg[78]/D
  -------------------------------------------------------------------    -------------------

                         (clock sys_clk_pin rise edge)
                                                      0.000     0.000 r  
    H16                                               0.000     0.000 r  iclk (IN)
                         net (fo=0)                   0.000     0.000    iclk
    H16                  IBUF (Prop_ibuf_I_O)         0.413     0.413 r  iclk_IBUF_inst/O
                         net (fo=1, routed)           0.683     1.096    iclk_IBUF
    BUFGCTRL_X0Y16       BUFG (Prop_bufg_I_O)         0.029     1.125 r  iclk_IBUF_BUFG_inst/O
                         net (fo=640, routed)         0.834     1.959    inst_shift/iclk_IBUF_BUFG
    SLICE_X32Y48         FDRE                                         r  inst_shift/sr_reg[78]/C
                         clock pessimism             -0.247     1.712    
    SLICE_X32Y48         FDRE (Hold_fdre_C_D)         0.121     1.833    inst_shift/sr_reg[78]
  -------------------------------------------------------------------
                         required time                         -1.833    
                         arrival time                           1.930    
  -------------------------------------------------------------------
                         slack                                  0.096    

Slack (MET) :             0.104ns  (arrival time - required time)
  Source:                 inst_shift/sr_reg[82]/C
                            (rising edge-triggered cell FDRE clocked by sys_clk_pin  {rise@0.000ns fall@4.000ns period=8.000ns})
  Destination:            inst_shift/sr_reg[74]/D
                            (rising edge-triggered cell FDRE clocked by sys_clk_pin  {rise@0.000ns fall@4.000ns period=8.000ns})
  Path Group:             sys_clk_pin
  Path Type:              Hold (Min at Fast Process Corner)
  Requirement:            0.000ns  (sys_clk_pin rise@0.000ns - sys_clk_pin rise@0.000ns)
  Data Path Delay:        0.508ns  (logic 0.213ns (41.904%)  route 0.295ns (58.096%))
  Logic Levels:           1  (LUT3=1)
  Clock Path Skew:        0.273ns (DCD - SCD - CPR)
    Destination Clock Delay (DCD):    1.958ns
    Source Clock Delay      (SCD):    1.438ns
    Clock Pessimism Removal (CPR):    0.247ns

    Location             Delay type                Incr(ns)  Path(ns)    Netlist Resource(s)
  -------------------------------------------------------------------    -------------------
                         (clock sys_clk_pin rise edge)
                                                      0.000     0.000 r  
    H16                                               0.000     0.000 r  iclk (IN)
                         net (fo=0)                   0.000     0.000    iclk
    H16                  IBUF (Prop_ibuf_I_O)         0.225     0.225 r  iclk_IBUF_inst/O
                         net (fo=1, routed)           0.627     0.852    iclk_IBUF
    BUFGCTRL_X0Y16       BUFG (Prop_bufg_I_O)         0.026     0.878 r  iclk_IBUF_BUFG_inst/O
                         net (fo=640, routed)         0.560     1.438    inst_shift/iclk_IBUF_BUFG
    SLICE_X32Y50         FDRE                                         r  inst_shift/sr_reg[82]/C
  -------------------------------------------------------------------    -------------------
    SLICE_X32Y50         FDRE (Prop_fdre_C_Q)         0.164     1.602 r  inst_shift/sr_reg[82]/Q
                         net (fo=6, routed)           0.295     1.897    inst_shift/Q[82]
    SLICE_X32Y46         LUT3 (Prop_lut3_I0_O)        0.049     1.946 r  inst_shift/sr[74]_i_1/O
                         net (fo=1, routed)           0.000     1.946    inst_shift/p_1_in[74]
    SLICE_X32Y46         FDRE                                         r  inst_shift/sr_reg[74]/D
  -------------------------------------------------------------------    -------------------

                         (clock sys_clk_pin rise edge)
                                                      0.000     0.000 r  
    H16                                               0.000     0.000 r  iclk (IN)
                         net (fo=0)                   0.000     0.000    iclk
    H16                  IBUF (Prop_ibuf_I_O)         0.413     0.413 r  iclk_IBUF_inst/O
                         net (fo=1, routed)           0.683     1.096    iclk_IBUF
    BUFGCTRL_X0Y16       BUFG (Prop_bufg_I_O)         0.029     1.125 r  iclk_IBUF_BUFG_inst/O
                         net (fo=640, routed)         0.833     1.958    inst_shift/iclk_IBUF_BUFG
    SLICE_X32Y46         FDRE                                         r  inst_shift/sr_reg[74]/C
                         clock pessimism             -0.247     1.711    
    SLICE_X32Y46         FDRE (Hold_fdre_C_D)         0.131     1.842    inst_shift/sr_reg[74]
  -------------------------------------------------------------------
                         required time                         -1.842    
                         arrival time                           1.946    
  -------------------------------------------------------------------
                         slack                                  0.104    

Slack (MET) :             0.104ns  (arrival time - required time)
  Source:                 inst_shift/sr_reg[81]/C
                            (rising edge-triggered cell FDRE clocked by sys_clk_pin  {rise@0.000ns fall@4.000ns period=8.000ns})
  Destination:            inst_shift/sr_reg[73]/D
                            (rising edge-triggered cell FDRE clocked by sys_clk_pin  {rise@0.000ns fall@4.000ns period=8.000ns})
  Path Group:             sys_clk_pin
  Path Type:              Hold (Min at Fast Process Corner)
  Requirement:            0.000ns  (sys_clk_pin rise@0.000ns - sys_clk_pin rise@0.000ns)
  Data Path Delay:        0.485ns  (logic 0.187ns (38.528%)  route 0.298ns (61.472%))
  Logic Levels:           1  (LUT3=1)
  Clock Path Skew:        0.274ns (DCD - SCD - CPR)
    Destination Clock Delay (DCD):    1.959ns
    Source Clock Delay      (SCD):    1.438ns
    Clock Pessimism Removal (CPR):    0.247ns

    Location             Delay type                Incr(ns)  Path(ns)    Netlist Resource(s)
  -------------------------------------------------------------------    -------------------
                         (clock sys_clk_pin rise edge)
                                                      0.000     0.000 r  
    H16                                               0.000     0.000 r  iclk (IN)
                         net (fo=0)                   0.000     0.000    iclk
    H16                  IBUF (Prop_ibuf_I_O)         0.225     0.225 r  iclk_IBUF_inst/O
                         net (fo=1, routed)           0.627     0.852    iclk_IBUF
    BUFGCTRL_X0Y16       BUFG (Prop_bufg_I_O)         0.026     0.878 r  iclk_IBUF_BUFG_inst/O
                         net (fo=640, routed)         0.560     1.438    inst_shift/iclk_IBUF_BUFG
    SLICE_X31Y50         FDRE                                         r  inst_shift/sr_reg[81]/C
  -------------------------------------------------------------------    -------------------
    SLICE_X31Y50         FDRE (Prop_fdre_C_Q)         0.141     1.579 r  inst_shift/sr_reg[81]/Q
                         net (fo=6, routed)           0.298     1.877    inst_shift/Q[81]
    SLICE_X31Y47         LUT3 (Prop_lut3_I0_O)        0.046     1.923 r  inst_shift/sr[73]_i_1/O
                         net (fo=1, routed)           0.000     1.923    inst_shift/p_1_in[73]
    SLICE_X31Y47         FDRE                                         r  inst_shift/sr_reg[73]/D
  -------------------------------------------------------------------    -------------------

                         (clock sys_clk_pin rise edge)
                                                      0.000     0.000 r  
    H16                                               0.000     0.000 r  iclk (IN)
                         net (fo=0)                   0.000     0.000    iclk
    H16                  IBUF (Prop_ibuf_I_O)         0.413     0.413 r  iclk_IBUF_inst/O
                         net (fo=1, routed)           0.683     1.096    iclk_IBUF
    BUFGCTRL_X0Y16       BUFG (Prop_bufg_I_O)         0.029     1.125 r  iclk_IBUF_BUFG_inst/O
                         net (fo=640, routed)         0.834     1.959    inst_shift/iclk_IBUF_BUFG
    SLICE_X31Y47         FDRE                                         r  inst_shift/sr_reg[73]/C
                         clock pessimism             -0.247     1.712    
    SLICE_X31Y47         FDRE (Hold_fdre_C_D)         0.107     1.819    inst_shift/sr_reg[73]
  -------------------------------------------------------------------
                         required time                         -1.819    
                         arrival time                           1.923    
  -------------------------------------------------------------------
                         slack                                  0.104    

Slack (MET) :             0.113ns  (arrival time - required time)
  Source:                 inst_shift/sr_reg[1]/C
                            (rising edge-triggered cell FDRE clocked by sys_clk_pin  {rise@0.000ns fall@4.000ns period=8.000ns})
  Destination:            inst_shift/sr_reg[9]/D
                            (rising edge-triggered cell FDRE clocked by sys_clk_pin  {rise@0.000ns fall@4.000ns period=8.000ns})
  Path Group:             sys_clk_pin
  Path Type:              Hold (Min at Fast Process Corner)
  Requirement:            0.000ns  (sys_clk_pin rise@0.000ns - sys_clk_pin rise@0.000ns)
  Data Path Delay:        0.484ns  (logic 0.212ns (43.790%)  route 0.272ns (56.210%))
  Logic Levels:           1  (LUT3=1)
  Clock Path Skew:        0.264ns (DCD - SCD - CPR)
    Destination Clock Delay (DCD):    1.955ns
    Source Clock Delay      (SCD):    1.444ns
    Clock Pessimism Removal (CPR):    0.247ns

    Location             Delay type                Incr(ns)  Path(ns)    Netlist Resource(s)
  -------------------------------------------------------------------    -------------------
                         (clock sys_clk_pin rise edge)
                                                      0.000     0.000 r  
    H16                                               0.000     0.000 r  iclk (IN)
                         net (fo=0)                   0.000     0.000    iclk
    H16                  IBUF (Prop_ibuf_I_O)         0.225     0.225 r  iclk_IBUF_inst/O
                         net (fo=1, routed)           0.627     0.852    iclk_IBUF
    BUFGCTRL_X0Y16       BUFG (Prop_bufg_I_O)         0.026     0.878 r  iclk_IBUF_BUFG_inst/O
                         net (fo=640, routed)         0.566     1.444    inst_shift/iclk_IBUF_BUFG
    SLICE_X32Y48         FDRE                                         r  inst_shift/sr_reg[1]/C
  -------------------------------------------------------------------    -------------------
    SLICE_X32Y48         FDRE (Prop_fdre_C_Q)         0.164     1.608 r  inst_shift/sr_reg[1]/Q
                         net (fo=10, routed)          0.272     1.880    inst_shift/Q[1]
    SLICE_X35Y50         LUT3 (Prop_lut3_I2_O)        0.048     1.928 r  inst_shift/sr[9]_i_1/O
                         net (fo=1, routed)           0.000     1.928    inst_shift/p_1_in[9]
    SLICE_X35Y50         FDRE                                         r  inst_shift/sr_reg[9]/D
  -------------------------------------------------------------------    -------------------

                         (clock sys_clk_pin rise edge)
                                                      0.000     0.000 r  
    H16                                               0.000     0.000 r  iclk (IN)
                         net (fo=0)                   0.000     0.000    iclk
    H16                  IBUF (Prop_ibuf_I_O)         0.413     0.413 r  iclk_IBUF_inst/O
                         net (fo=1, routed)           0.683     1.096    iclk_IBUF
    BUFGCTRL_X0Y16       BUFG (Prop_bufg_I_O)         0.029     1.125 r  iclk_IBUF_BUFG_inst/O
                         net (fo=640, routed)         0.830     1.955    inst_shift/iclk_IBUF_BUFG
    SLICE_X35Y50         FDRE                                         r  inst_shift/sr_reg[9]/C
                         clock pessimism             -0.247     1.708    
    SLICE_X35Y50         FDRE (Hold_fdre_C_D)         0.107     1.815    inst_shift/sr_reg[9]
  -------------------------------------------------------------------
                         required time                         -1.815    
                         arrival time                           1.928    
  -------------------------------------------------------------------
                         slack                                  0.113    





Pulse Width Checks
--------------------------------------------------------------------------------------
Clock Name:         sys_clk_pin
Waveform(ns):       { 0.000 4.000 }
Period(ns):         8.000
Sources:            { iclk }

Check Type        Corner  Lib Pin  Reference Pin  Required(ns)  Actual(ns)  Slack(ns)  Location        Pin
Min Period        n/a     BUFG/I   n/a            2.155         8.000       5.845      BUFGCTRL_X0Y16  iclk_IBUF_BUFG_inst/I
Min Period        n/a     FDRE/C   n/a            1.000         8.000       7.000      SLICE_X29Y43    ascii_new_prev_reg/C
Min Period        n/a     FDRE/C   n/a            1.000         8.000       7.000      SLICE_X38Y52    inst_LCD/Counter_reg[0]/C
Min Period        n/a     FDRE/C   n/a            1.000         8.000       7.000      SLICE_X38Y54    inst_LCD/Counter_reg[9]/C
Min Period        n/a     FDRE/C   n/a            1.000         8.000       7.000      SLICE_X40Y56    inst_LCD/INST_i2c_manager/data_clk_prev_reg/C
Min Period        n/a     FDRE/C   n/a            1.000         8.000       7.000      SLICE_X40Y56    inst_LCD/INST_i2c_manager/data_clk_reg/C
Min Period        n/a     FDPE/C   n/a            1.000         8.000       7.000      SLICE_X41Y51    inst_LCD/INST_i2c_manager/sda_int_reg/C
Min Period        n/a     FDCE/C   n/a            1.000         8.000       7.000      SLICE_X43Y56    inst_LCD/INST_i2c_manager/stretch_reg/C
Min Period        n/a     FDRE/C   n/a            1.000         8.000       7.000      SLICE_X43Y46    inst_LCD/prevdata1_reg[100]/C
Min Period        n/a     FDRE/C   n/a            1.000         8.000       7.000      SLICE_X40Y46    inst_LCD/prevdata1_reg[101]/C
Low Pulse Width   Slow    FDRE/C   n/a            0.500         4.000       3.500      SLICE_X38Y52    inst_LCD/Counter_reg[0]/C
Low Pulse Width   Fast    FDRE/C   n/a            0.500         4.000       3.500      SLICE_X38Y52    inst_LCD/Counter_reg[0]/C
Low Pulse Width   Slow    FDRE/C   n/a            0.500         4.000       3.500      SLICE_X38Y54    inst_LCD/Counter_reg[9]/C
Low Pulse Width   Fast    FDRE/C   n/a            0.500         4.000       3.500      SLICE_X38Y54    inst_LCD/Counter_reg[9]/C
Low Pulse Width   Slow    FDRE/C   n/a            0.500         4.000       3.500      SLICE_X40Y56    inst_LCD/INST_i2c_manager/data_clk_prev_reg/C
Low Pulse Width   Slow    FDRE/C   n/a            0.500         4.000       3.500      SLICE_X40Y56    inst_LCD/INST_i2c_manager/data_clk_reg/C
Low Pulse Width   Slow    FDPE/C   n/a            0.500         4.000       3.500      SLICE_X41Y51    inst_LCD/INST_i2c_manager/sda_int_reg/C
Low Pulse Width   Slow    FDCE/C   n/a            0.500         4.000       3.500      SLICE_X43Y56    inst_LCD/INST_i2c_manager/stretch_reg/C
Low Pulse Width   Slow    FDRE/C   n/a            0.500         4.000       3.500      SLICE_X34Y52    inst_LCD/prevdata_reg[109]/C
Low Pulse Width   Fast    FDRE/C   n/a            0.500         4.000       3.500      SLICE_X34Y52    inst_LCD/prevdata_reg[109]/C
High Pulse Width  Fast    FDRE/C   n/a            0.500         4.000       3.500      SLICE_X29Y43    ascii_new_prev_reg/C
High Pulse Width  Fast    FDRE/C   n/a            0.500         4.000       3.500      SLICE_X38Y52    inst_LCD/Counter_reg[0]/C
High Pulse Width  Fast    FDRE/C   n/a            0.500         4.000       3.500      SLICE_X40Y56    inst_LCD/INST_i2c_manager/data_clk_prev_reg/C
High Pulse Width  Fast    FDRE/C   n/a            0.500         4.000       3.500      SLICE_X40Y56    inst_LCD/INST_i2c_manager/data_clk_reg/C
High Pulse Width  Fast    FDPE/C   n/a            0.500         4.000       3.500      SLICE_X41Y51    inst_LCD/INST_i2c_manager/sda_int_reg/C
High Pulse Width  Fast    FDCE/C   n/a            0.500         4.000       3.500      SLICE_X43Y56    inst_LCD/INST_i2c_manager/stretch_reg/C
High Pulse Width  Fast    FDRE/C   n/a            0.500         4.000       3.500      SLICE_X43Y46    inst_LCD/prevdata1_reg[100]/C
High Pulse Width  Fast    FDRE/C   n/a            0.500         4.000       3.500      SLICE_X40Y46    inst_LCD/prevdata1_reg[101]/C
High Pulse Width  Fast    FDRE/C   n/a            0.500         4.000       3.500      SLICE_X40Y46    inst_LCD/prevdata1_reg[102]/C
High Pulse Width  Fast    FDRE/C   n/a            0.500         4.000       3.500      SLICE_X43Y47    inst_LCD/prevdata1_reg[103]/C



---------------------------------------------------------------------------------------------------
Path Group:  **async_default**
From Clock:  sys_clk_pin
  To Clock:  sys_clk_pin

Setup :            0  Failing Endpoints,  Worst Slack        5.384ns,  Total Violation        0.000ns
Hold  :            0  Failing Endpoints,  Worst Slack        0.779ns,  Total Violation        0.000ns
---------------------------------------------------------------------------------------------------


Max Delay Paths
--------------------------------------------------------------------------------------
Slack (MET) :             5.384ns  (required time - arrival time)
  Source:                 inst_LCD/reset_reg/C
                            (rising edge-triggered cell FDRE clocked by sys_clk_pin  {rise@0.000ns fall@4.000ns period=8.000ns})
  Destination:            inst_LCD/INST_i2c_manager/count_reg[11]/CLR
                            (recovery check against rising-edge clock sys_clk_pin  {rise@0.000ns fall@4.000ns period=8.000ns})
  Path Group:             **async_default**
  Path Type:              Recovery (Max at Slow Process Corner)
  Requirement:            8.000ns  (sys_clk_pin rise@8.000ns - sys_clk_pin rise@0.000ns)
  Data Path Delay:        2.150ns  (logic 0.718ns (33.402%)  route 1.432ns (66.598%))
  Logic Levels:           1  (LUT1=1)
  Clock Path Skew:        -0.026ns (DCD - SCD + CPR)
    Destination Clock Delay (DCD):    4.920ns = ( 12.920 - 8.000 ) 
    Source Clock Delay      (SCD):    5.374ns
    Clock Pessimism Removal (CPR):    0.429ns
  Clock Uncertainty:      0.035ns  ((TSJ^2 + TIJ^2)^1/2 + DJ) / 2 + PE
    Total System Jitter     (TSJ):    0.071ns
    Total Input Jitter      (TIJ):    0.000ns
    Discrete Jitter          (DJ):    0.000ns
    Phase Error              (PE):    0.000ns

    Location             Delay type                Incr(ns)  Path(ns)    Netlist Resource(s)
  -------------------------------------------------------------------    -------------------
                         (clock sys_clk_pin rise edge)
                                                      0.000     0.000 r  
    H16                                               0.000     0.000 r  iclk (IN)
                         net (fo=0)                   0.000     0.000    iclk
    H16                  IBUF (Prop_ibuf_I_O)         1.457     1.457 r  iclk_IBUF_inst/O
                         net (fo=1, routed)           2.076     3.533    iclk_IBUF
    BUFGCTRL_X0Y16       BUFG (Prop_bufg_I_O)         0.101     3.634 r  iclk_IBUF_BUFG_inst/O
                         net (fo=640, routed)         1.740     5.374    inst_LCD/iclk_IBUF_BUFG
    SLICE_X40Y55         FDRE                                         r  inst_LCD/reset_reg/C
  -------------------------------------------------------------------    -------------------
    SLICE_X40Y55         FDRE (Prop_fdre_C_Q)         0.419     5.793 r  inst_LCD/reset_reg/Q
                         net (fo=6, routed)           0.473     6.267    inst_LCD/INST_i2c_manager/data_tx_reg[0]_0
    SLICE_X40Y56         LUT1 (Prop_lut1_I0_O)        0.299     6.566 f  inst_LCD/INST_i2c_manager/FSM_onehot_state[8]_i_3/O
                         net (fo=26, routed)          0.958     7.524    inst_LCD/INST_i2c_manager/FSM_onehot_state[8]_i_3_n_0
    SLICE_X43Y58         FDCE                                         f  inst_LCD/INST_i2c_manager/count_reg[11]/CLR
  -------------------------------------------------------------------    -------------------

                         (clock sys_clk_pin rise edge)
                                                      8.000     8.000 r  
    H16                                               0.000     8.000 r  iclk (IN)
                         net (fo=0)                   0.000     8.000    iclk
    H16                  IBUF (Prop_ibuf_I_O)         1.387     9.387 r  iclk_IBUF_inst/O
                         net (fo=1, routed)           1.880    11.267    iclk_IBUF
    BUFGCTRL_X0Y16       BUFG (Prop_bufg_I_O)         0.091    11.358 r  iclk_IBUF_BUFG_inst/O
                         net (fo=640, routed)         1.562    12.920    inst_LCD/INST_i2c_manager/iclk_IBUF_BUFG
    SLICE_X43Y58         FDCE                                         r  inst_LCD/INST_i2c_manager/count_reg[11]/C
                         clock pessimism              0.429    13.348    
                         clock uncertainty           -0.035    13.313    
    SLICE_X43Y58         FDCE (Recov_fdce_C_CLR)     -0.405    12.908    inst_LCD/INST_i2c_manager/count_reg[11]
  -------------------------------------------------------------------
                         required time                         12.908    
                         arrival time                          -7.524    
  -------------------------------------------------------------------
                         slack                                  5.384    

Slack (MET) :             5.384ns  (required time - arrival time)
  Source:                 inst_LCD/reset_reg/C
                            (rising edge-triggered cell FDRE clocked by sys_clk_pin  {rise@0.000ns fall@4.000ns period=8.000ns})
  Destination:            inst_LCD/INST_i2c_manager/count_reg[4]/CLR
                            (recovery check against rising-edge clock sys_clk_pin  {rise@0.000ns fall@4.000ns period=8.000ns})
  Path Group:             **async_default**
  Path Type:              Recovery (Max at Slow Process Corner)
  Requirement:            8.000ns  (sys_clk_pin rise@8.000ns - sys_clk_pin rise@0.000ns)
  Data Path Delay:        2.150ns  (logic 0.718ns (33.402%)  route 1.432ns (66.598%))
  Logic Levels:           1  (LUT1=1)
  Clock Path Skew:        -0.026ns (DCD - SCD + CPR)
    Destination Clock Delay (DCD):    4.920ns = ( 12.920 - 8.000 ) 
    Source Clock Delay      (SCD):    5.374ns
    Clock Pessimism Removal (CPR):    0.429ns
  Clock Uncertainty:      0.035ns  ((TSJ^2 + TIJ^2)^1/2 + DJ) / 2 + PE
    Total System Jitter     (TSJ):    0.071ns
    Total Input Jitter      (TIJ):    0.000ns
    Discrete Jitter          (DJ):    0.000ns
    Phase Error              (PE):    0.000ns

    Location             Delay type                Incr(ns)  Path(ns)    Netlist Resource(s)
  -------------------------------------------------------------------    -------------------
                         (clock sys_clk_pin rise edge)
                                                      0.000     0.000 r  
    H16                                               0.000     0.000 r  iclk (IN)
                         net (fo=0)                   0.000     0.000    iclk
    H16                  IBUF (Prop_ibuf_I_O)         1.457     1.457 r  iclk_IBUF_inst/O
                         net (fo=1, routed)           2.076     3.533    iclk_IBUF
    BUFGCTRL_X0Y16       BUFG (Prop_bufg_I_O)         0.101     3.634 r  iclk_IBUF_BUFG_inst/O
                         net (fo=640, routed)         1.740     5.374    inst_LCD/iclk_IBUF_BUFG
    SLICE_X40Y55         FDRE                                         r  inst_LCD/reset_reg/C
  -------------------------------------------------------------------    -------------------
    SLICE_X40Y55         FDRE (Prop_fdre_C_Q)         0.419     5.793 r  inst_LCD/reset_reg/Q
                         net (fo=6, routed)           0.473     6.267    inst_LCD/INST_i2c_manager/data_tx_reg[0]_0
    SLICE_X40Y56         LUT1 (Prop_lut1_I0_O)        0.299     6.566 f  inst_LCD/INST_i2c_manager/FSM_onehot_state[8]_i_3/O
                         net (fo=26, routed)          0.958     7.524    inst_LCD/INST_i2c_manager/FSM_onehot_state[8]_i_3_n_0
    SLICE_X43Y58         FDCE                                         f  inst_LCD/INST_i2c_manager/count_reg[4]/CLR
  -------------------------------------------------------------------    -------------------

                         (clock sys_clk_pin rise edge)
                                                      8.000     8.000 r  
    H16                                               0.000     8.000 r  iclk (IN)
                         net (fo=0)                   0.000     8.000    iclk
    H16                  IBUF (Prop_ibuf_I_O)         1.387     9.387 r  iclk_IBUF_inst/O
                         net (fo=1, routed)           1.880    11.267    iclk_IBUF
    BUFGCTRL_X0Y16       BUFG (Prop_bufg_I_O)         0.091    11.358 r  iclk_IBUF_BUFG_inst/O
                         net (fo=640, routed)         1.562    12.920    inst_LCD/INST_i2c_manager/iclk_IBUF_BUFG
    SLICE_X43Y58         FDCE                                         r  inst_LCD/INST_i2c_manager/count_reg[4]/C
                         clock pessimism              0.429    13.348    
                         clock uncertainty           -0.035    13.313    
    SLICE_X43Y58         FDCE (Recov_fdce_C_CLR)     -0.405    12.908    inst_LCD/INST_i2c_manager/count_reg[4]
  -------------------------------------------------------------------
                         required time                         12.908    
                         arrival time                          -7.524    
  -------------------------------------------------------------------
                         slack                                  5.384    

Slack (MET) :             5.384ns  (required time - arrival time)
  Source:                 inst_LCD/reset_reg/C
                            (rising edge-triggered cell FDRE clocked by sys_clk_pin  {rise@0.000ns fall@4.000ns period=8.000ns})
  Destination:            inst_LCD/INST_i2c_manager/count_reg[8]/CLR
                            (recovery check against rising-edge clock sys_clk_pin  {rise@0.000ns fall@4.000ns period=8.000ns})
  Path Group:             **async_default**
  Path Type:              Recovery (Max at Slow Process Corner)
  Requirement:            8.000ns  (sys_clk_pin rise@8.000ns - sys_clk_pin rise@0.000ns)
  Data Path Delay:        2.150ns  (logic 0.718ns (33.402%)  route 1.432ns (66.598%))
  Logic Levels:           1  (LUT1=1)
  Clock Path Skew:        -0.026ns (DCD - SCD + CPR)
    Destination Clock Delay (DCD):    4.920ns = ( 12.920 - 8.000 ) 
    Source Clock Delay      (SCD):    5.374ns
    Clock Pessimism Removal (CPR):    0.429ns
  Clock Uncertainty:      0.035ns  ((TSJ^2 + TIJ^2)^1/2 + DJ) / 2 + PE
    Total System Jitter     (TSJ):    0.071ns
    Total Input Jitter      (TIJ):    0.000ns
    Discrete Jitter          (DJ):    0.000ns
    Phase Error              (PE):    0.000ns

    Location             Delay type                Incr(ns)  Path(ns)    Netlist Resource(s)
  -------------------------------------------------------------------    -------------------
                         (clock sys_clk_pin rise edge)
                                                      0.000     0.000 r  
    H16                                               0.000     0.000 r  iclk (IN)
                         net (fo=0)                   0.000     0.000    iclk
    H16                  IBUF (Prop_ibuf_I_O)         1.457     1.457 r  iclk_IBUF_inst/O
                         net (fo=1, routed)           2.076     3.533    iclk_IBUF
    BUFGCTRL_X0Y16       BUFG (Prop_bufg_I_O)         0.101     3.634 r  iclk_IBUF_BUFG_inst/O
                         net (fo=640, routed)         1.740     5.374    inst_LCD/iclk_IBUF_BUFG
    SLICE_X40Y55         FDRE                                         r  inst_LCD/reset_reg/C
  -------------------------------------------------------------------    -------------------
    SLICE_X40Y55         FDRE (Prop_fdre_C_Q)         0.419     5.793 r  inst_LCD/reset_reg/Q
                         net (fo=6, routed)           0.473     6.267    inst_LCD/INST_i2c_manager/data_tx_reg[0]_0
    SLICE_X40Y56         LUT1 (Prop_lut1_I0_O)        0.299     6.566 f  inst_LCD/INST_i2c_manager/FSM_onehot_state[8]_i_3/O
                         net (fo=26, routed)          0.958     7.524    inst_LCD/INST_i2c_manager/FSM_onehot_state[8]_i_3_n_0
    SLICE_X43Y58         FDCE                                         f  inst_LCD/INST_i2c_manager/count_reg[8]/CLR
  -------------------------------------------------------------------    -------------------

                         (clock sys_clk_pin rise edge)
                                                      8.000     8.000 r  
    H16                                               0.000     8.000 r  iclk (IN)
                         net (fo=0)                   0.000     8.000    iclk
    H16                  IBUF (Prop_ibuf_I_O)         1.387     9.387 r  iclk_IBUF_inst/O
                         net (fo=1, routed)           1.880    11.267    iclk_IBUF
    BUFGCTRL_X0Y16       BUFG (Prop_bufg_I_O)         0.091    11.358 r  iclk_IBUF_BUFG_inst/O
                         net (fo=640, routed)         1.562    12.920    inst_LCD/INST_i2c_manager/iclk_IBUF_BUFG
    SLICE_X43Y58         FDCE                                         r  inst_LCD/INST_i2c_manager/count_reg[8]/C
                         clock pessimism              0.429    13.348    
                         clock uncertainty           -0.035    13.313    
    SLICE_X43Y58         FDCE (Recov_fdce_C_CLR)     -0.405    12.908    inst_LCD/INST_i2c_manager/count_reg[8]
  -------------------------------------------------------------------
                         required time                         12.908    
                         arrival time                          -7.524    
  -------------------------------------------------------------------
                         slack                                  5.384    

Slack (MET) :             5.384ns  (required time - arrival time)
  Source:                 inst_LCD/reset_reg/C
                            (rising edge-triggered cell FDRE clocked by sys_clk_pin  {rise@0.000ns fall@4.000ns period=8.000ns})
  Destination:            inst_LCD/INST_i2c_manager/count_reg[9]/CLR
                            (recovery check against rising-edge clock sys_clk_pin  {rise@0.000ns fall@4.000ns period=8.000ns})
  Path Group:             **async_default**
  Path Type:              Recovery (Max at Slow Process Corner)
  Requirement:            8.000ns  (sys_clk_pin rise@8.000ns - sys_clk_pin rise@0.000ns)
  Data Path Delay:        2.150ns  (logic 0.718ns (33.402%)  route 1.432ns (66.598%))
  Logic Levels:           1  (LUT1=1)
  Clock Path Skew:        -0.026ns (DCD - SCD + CPR)
    Destination Clock Delay (DCD):    4.920ns = ( 12.920 - 8.000 ) 
    Source Clock Delay      (SCD):    5.374ns
    Clock Pessimism Removal (CPR):    0.429ns
  Clock Uncertainty:      0.035ns  ((TSJ^2 + TIJ^2)^1/2 + DJ) / 2 + PE
    Total System Jitter     (TSJ):    0.071ns
    Total Input Jitter      (TIJ):    0.000ns
    Discrete Jitter          (DJ):    0.000ns
    Phase Error              (PE):    0.000ns

    Location             Delay type                Incr(ns)  Path(ns)    Netlist Resource(s)
  -------------------------------------------------------------------    -------------------
                         (clock sys_clk_pin rise edge)
                                                      0.000     0.000 r  
    H16                                               0.000     0.000 r  iclk (IN)
                         net (fo=0)                   0.000     0.000    iclk
    H16                  IBUF (Prop_ibuf_I_O)         1.457     1.457 r  iclk_IBUF_inst/O
                         net (fo=1, routed)           2.076     3.533    iclk_IBUF
    BUFGCTRL_X0Y16       BUFG (Prop_bufg_I_O)         0.101     3.634 r  iclk_IBUF_BUFG_inst/O
                         net (fo=640, routed)         1.740     5.374    inst_LCD/iclk_IBUF_BUFG
    SLICE_X40Y55         FDRE                                         r  inst_LCD/reset_reg/C
  -------------------------------------------------------------------    -------------------
    SLICE_X40Y55         FDRE (Prop_fdre_C_Q)         0.419     5.793 r  inst_LCD/reset_reg/Q
                         net (fo=6, routed)           0.473     6.267    inst_LCD/INST_i2c_manager/data_tx_reg[0]_0
    SLICE_X40Y56         LUT1 (Prop_lut1_I0_O)        0.299     6.566 f  inst_LCD/INST_i2c_manager/FSM_onehot_state[8]_i_3/O
                         net (fo=26, routed)          0.958     7.524    inst_LCD/INST_i2c_manager/FSM_onehot_state[8]_i_3_n_0
    SLICE_X43Y58         FDCE                                         f  inst_LCD/INST_i2c_manager/count_reg[9]/CLR
  -------------------------------------------------------------------    -------------------

                         (clock sys_clk_pin rise edge)
                                                      8.000     8.000 r  
    H16                                               0.000     8.000 r  iclk (IN)
                         net (fo=0)                   0.000     8.000    iclk
    H16                  IBUF (Prop_ibuf_I_O)         1.387     9.387 r  iclk_IBUF_inst/O
                         net (fo=1, routed)           1.880    11.267    iclk_IBUF
    BUFGCTRL_X0Y16       BUFG (Prop_bufg_I_O)         0.091    11.358 r  iclk_IBUF_BUFG_inst/O
                         net (fo=640, routed)         1.562    12.920    inst_LCD/INST_i2c_manager/iclk_IBUF_BUFG
    SLICE_X43Y58         FDCE                                         r  inst_LCD/INST_i2c_manager/count_reg[9]/C
                         clock pessimism              0.429    13.348    
                         clock uncertainty           -0.035    13.313    
    SLICE_X43Y58         FDCE (Recov_fdce_C_CLR)     -0.405    12.908    inst_LCD/INST_i2c_manager/count_reg[9]
  -------------------------------------------------------------------
                         required time                         12.908    
                         arrival time                          -7.524    
  -------------------------------------------------------------------
                         slack                                  5.384    

Slack (MET) :             5.515ns  (required time - arrival time)
  Source:                 inst_LCD/reset_reg/C
                            (rising edge-triggered cell FDRE clocked by sys_clk_pin  {rise@0.000ns fall@4.000ns period=8.000ns})
  Destination:            inst_LCD/INST_i2c_manager/count_reg[1]/CLR
                            (recovery check against rising-edge clock sys_clk_pin  {rise@0.000ns fall@4.000ns period=8.000ns})
  Path Group:             **async_default**
  Path Type:              Recovery (Max at Slow Process Corner)
  Requirement:            8.000ns  (sys_clk_pin rise@8.000ns - sys_clk_pin rise@0.000ns)
  Data Path Delay:        2.018ns  (logic 0.718ns (35.574%)  route 1.300ns (64.426%))
  Logic Levels:           1  (LUT1=1)
  Clock Path Skew:        -0.026ns (DCD - SCD + CPR)
    Destination Clock Delay (DCD):    4.920ns = ( 12.920 - 8.000 ) 
    Source Clock Delay      (SCD):    5.374ns
    Clock Pessimism Removal (CPR):    0.429ns
  Clock Uncertainty:      0.035ns  ((TSJ^2 + TIJ^2)^1/2 + DJ) / 2 + PE
    Total System Jitter     (TSJ):    0.071ns
    Total Input Jitter      (TIJ):    0.000ns
    Discrete Jitter          (DJ):    0.000ns
    Phase Error              (PE):    0.000ns

    Location             Delay type                Incr(ns)  Path(ns)    Netlist Resource(s)
  -------------------------------------------------------------------    -------------------
                         (clock sys_clk_pin rise edge)
                                                      0.000     0.000 r  
    H16                                               0.000     0.000 r  iclk (IN)
                         net (fo=0)                   0.000     0.000    iclk
    H16                  IBUF (Prop_ibuf_I_O)         1.457     1.457 r  iclk_IBUF_inst/O
                         net (fo=1, routed)           2.076     3.533    iclk_IBUF
    BUFGCTRL_X0Y16       BUFG (Prop_bufg_I_O)         0.101     3.634 r  iclk_IBUF_BUFG_inst/O
                         net (fo=640, routed)         1.740     5.374    inst_LCD/iclk_IBUF_BUFG
    SLICE_X40Y55         FDRE                                         r  inst_LCD/reset_reg/C
  -------------------------------------------------------------------    -------------------
    SLICE_X40Y55         FDRE (Prop_fdre_C_Q)         0.419     5.793 r  inst_LCD/reset_reg/Q
                         net (fo=6, routed)           0.473     6.267    inst_LCD/INST_i2c_manager/data_tx_reg[0]_0
    SLICE_X40Y56         LUT1 (Prop_lut1_I0_O)        0.299     6.566 f  inst_LCD/INST_i2c_manager/FSM_onehot_state[8]_i_3/O
                         net (fo=26, routed)          0.827     7.393    inst_LCD/INST_i2c_manager/FSM_onehot_state[8]_i_3_n_0
    SLICE_X43Y57         FDCE                                         f  inst_LCD/INST_i2c_manager/count_reg[1]/CLR
  -------------------------------------------------------------------    -------------------

                         (clock sys_clk_pin rise edge)
                                                      8.000     8.000 r  
    H16                                               0.000     8.000 r  iclk (IN)
                         net (fo=0)                   0.000     8.000    iclk
    H16                  IBUF (Prop_ibuf_I_O)         1.387     9.387 r  iclk_IBUF_inst/O
                         net (fo=1, routed)           1.880    11.267    iclk_IBUF
    BUFGCTRL_X0Y16       BUFG (Prop_bufg_I_O)         0.091    11.358 r  iclk_IBUF_BUFG_inst/O
                         net (fo=640, routed)         1.562    12.920    inst_LCD/INST_i2c_manager/iclk_IBUF_BUFG
    SLICE_X43Y57         FDCE                                         r  inst_LCD/INST_i2c_manager/count_reg[1]/C
                         clock pessimism              0.429    13.348    
                         clock uncertainty           -0.035    13.313    
    SLICE_X43Y57         FDCE (Recov_fdce_C_CLR)     -0.405    12.908    inst_LCD/INST_i2c_manager/count_reg[1]
  -------------------------------------------------------------------
                         required time                         12.908    
                         arrival time                          -7.393    
  -------------------------------------------------------------------
                         slack                                  5.515    

Slack (MET) :             5.515ns  (required time - arrival time)
  Source:                 inst_LCD/reset_reg/C
                            (rising edge-triggered cell FDRE clocked by sys_clk_pin  {rise@0.000ns fall@4.000ns period=8.000ns})
  Destination:            inst_LCD/INST_i2c_manager/count_reg[5]/CLR
                            (recovery check against rising-edge clock sys_clk_pin  {rise@0.000ns fall@4.000ns period=8.000ns})
  Path Group:             **async_default**
  Path Type:              Recovery (Max at Slow Process Corner)
  Requirement:            8.000ns  (sys_clk_pin rise@8.000ns - sys_clk_pin rise@0.000ns)
  Data Path Delay:        2.018ns  (logic 0.718ns (35.574%)  route 1.300ns (64.426%))
  Logic Levels:           1  (LUT1=1)
  Clock Path Skew:        -0.026ns (DCD - SCD + CPR)
    Destination Clock Delay (DCD):    4.920ns = ( 12.920 - 8.000 ) 
    Source Clock Delay      (SCD):    5.374ns
    Clock Pessimism Removal (CPR):    0.429ns
  Clock Uncertainty:      0.035ns  ((TSJ^2 + TIJ^2)^1/2 + DJ) / 2 + PE
    Total System Jitter     (TSJ):    0.071ns
    Total Input Jitter      (TIJ):    0.000ns
    Discrete Jitter          (DJ):    0.000ns
    Phase Error              (PE):    0.000ns

    Location             Delay type                Incr(ns)  Path(ns)    Netlist Resource(s)
  -------------------------------------------------------------------    -------------------
                         (clock sys_clk_pin rise edge)
                                                      0.000     0.000 r  
    H16                                               0.000     0.000 r  iclk (IN)
                         net (fo=0)                   0.000     0.000    iclk
    H16                  IBUF (Prop_ibuf_I_O)         1.457     1.457 r  iclk_IBUF_inst/O
                         net (fo=1, routed)           2.076     3.533    iclk_IBUF
    BUFGCTRL_X0Y16       BUFG (Prop_bufg_I_O)         0.101     3.634 r  iclk_IBUF_BUFG_inst/O
                         net (fo=640, routed)         1.740     5.374    inst_LCD/iclk_IBUF_BUFG
    SLICE_X40Y55         FDRE                                         r  inst_LCD/reset_reg/C
  -------------------------------------------------------------------    -------------------
    SLICE_X40Y55         FDRE (Prop_fdre_C_Q)         0.419     5.793 r  inst_LCD/reset_reg/Q
                         net (fo=6, routed)           0.473     6.267    inst_LCD/INST_i2c_manager/data_tx_reg[0]_0
    SLICE_X40Y56         LUT1 (Prop_lut1_I0_O)        0.299     6.566 f  inst_LCD/INST_i2c_manager/FSM_onehot_state[8]_i_3/O
                         net (fo=26, routed)          0.827     7.393    inst_LCD/INST_i2c_manager/FSM_onehot_state[8]_i_3_n_0
    SLICE_X43Y57         FDCE                                         f  inst_LCD/INST_i2c_manager/count_reg[5]/CLR
  -------------------------------------------------------------------    -------------------

                         (clock sys_clk_pin rise edge)
                                                      8.000     8.000 r  
    H16                                               0.000     8.000 r  iclk (IN)
                         net (fo=0)                   0.000     8.000    iclk
    H16                  IBUF (Prop_ibuf_I_O)         1.387     9.387 r  iclk_IBUF_inst/O
                         net (fo=1, routed)           1.880    11.267    iclk_IBUF
    BUFGCTRL_X0Y16       BUFG (Prop_bufg_I_O)         0.091    11.358 r  iclk_IBUF_BUFG_inst/O
                         net (fo=640, routed)         1.562    12.920    inst_LCD/INST_i2c_manager/iclk_IBUF_BUFG
    SLICE_X43Y57         FDCE                                         r  inst_LCD/INST_i2c_manager/count_reg[5]/C
                         clock pessimism              0.429    13.348    
                         clock uncertainty           -0.035    13.313    
    SLICE_X43Y57         FDCE (Recov_fdce_C_CLR)     -0.405    12.908    inst_LCD/INST_i2c_manager/count_reg[5]
  -------------------------------------------------------------------
                         required time                         12.908    
                         arrival time                          -7.393    
  -------------------------------------------------------------------
                         slack                                  5.515    

Slack (MET) :             5.515ns  (required time - arrival time)
  Source:                 inst_LCD/reset_reg/C
                            (rising edge-triggered cell FDRE clocked by sys_clk_pin  {rise@0.000ns fall@4.000ns period=8.000ns})
  Destination:            inst_LCD/INST_i2c_manager/count_reg[6]/CLR
                            (recovery check against rising-edge clock sys_clk_pin  {rise@0.000ns fall@4.000ns period=8.000ns})
  Path Group:             **async_default**
  Path Type:              Recovery (Max at Slow Process Corner)
  Requirement:            8.000ns  (sys_clk_pin rise@8.000ns - sys_clk_pin rise@0.000ns)
  Data Path Delay:        2.018ns  (logic 0.718ns (35.574%)  route 1.300ns (64.426%))
  Logic Levels:           1  (LUT1=1)
  Clock Path Skew:        -0.026ns (DCD - SCD + CPR)
    Destination Clock Delay (DCD):    4.920ns = ( 12.920 - 8.000 ) 
    Source Clock Delay      (SCD):    5.374ns
    Clock Pessimism Removal (CPR):    0.429ns
  Clock Uncertainty:      0.035ns  ((TSJ^2 + TIJ^2)^1/2 + DJ) / 2 + PE
    Total System Jitter     (TSJ):    0.071ns
    Total Input Jitter      (TIJ):    0.000ns
    Discrete Jitter          (DJ):    0.000ns
    Phase Error              (PE):    0.000ns

    Location             Delay type                Incr(ns)  Path(ns)    Netlist Resource(s)
  -------------------------------------------------------------------    -------------------
                         (clock sys_clk_pin rise edge)
                                                      0.000     0.000 r  
    H16                                               0.000     0.000 r  iclk (IN)
                         net (fo=0)                   0.000     0.000    iclk
    H16                  IBUF (Prop_ibuf_I_O)         1.457     1.457 r  iclk_IBUF_inst/O
                         net (fo=1, routed)           2.076     3.533    iclk_IBUF
    BUFGCTRL_X0Y16       BUFG (Prop_bufg_I_O)         0.101     3.634 r  iclk_IBUF_BUFG_inst/O
                         net (fo=640, routed)         1.740     5.374    inst_LCD/iclk_IBUF_BUFG
    SLICE_X40Y55         FDRE                                         r  inst_LCD/reset_reg/C
  -------------------------------------------------------------------    -------------------
    SLICE_X40Y55         FDRE (Prop_fdre_C_Q)         0.419     5.793 r  inst_LCD/reset_reg/Q
                         net (fo=6, routed)           0.473     6.267    inst_LCD/INST_i2c_manager/data_tx_reg[0]_0
    SLICE_X40Y56         LUT1 (Prop_lut1_I0_O)        0.299     6.566 f  inst_LCD/INST_i2c_manager/FSM_onehot_state[8]_i_3/O
                         net (fo=26, routed)          0.827     7.393    inst_LCD/INST_i2c_manager/FSM_onehot_state[8]_i_3_n_0
    SLICE_X43Y57         FDCE                                         f  inst_LCD/INST_i2c_manager/count_reg[6]/CLR
  -------------------------------------------------------------------    -------------------

                         (clock sys_clk_pin rise edge)
                                                      8.000     8.000 r  
    H16                                               0.000     8.000 r  iclk (IN)
                         net (fo=0)                   0.000     8.000    iclk
    H16                  IBUF (Prop_ibuf_I_O)         1.387     9.387 r  iclk_IBUF_inst/O
                         net (fo=1, routed)           1.880    11.267    iclk_IBUF
    BUFGCTRL_X0Y16       BUFG (Prop_bufg_I_O)         0.091    11.358 r  iclk_IBUF_BUFG_inst/O
                         net (fo=640, routed)         1.562    12.920    inst_LCD/INST_i2c_manager/iclk_IBUF_BUFG
    SLICE_X43Y57         FDCE                                         r  inst_LCD/INST_i2c_manager/count_reg[6]/C
                         clock pessimism              0.429    13.348    
                         clock uncertainty           -0.035    13.313    
    SLICE_X43Y57         FDCE (Recov_fdce_C_CLR)     -0.405    12.908    inst_LCD/INST_i2c_manager/count_reg[6]
  -------------------------------------------------------------------
                         required time                         12.908    
                         arrival time                          -7.393    
  -------------------------------------------------------------------
                         slack                                  5.515    

Slack (MET) :             5.515ns  (required time - arrival time)
  Source:                 inst_LCD/reset_reg/C
                            (rising edge-triggered cell FDRE clocked by sys_clk_pin  {rise@0.000ns fall@4.000ns period=8.000ns})
  Destination:            inst_LCD/INST_i2c_manager/count_reg[7]/CLR
                            (recovery check against rising-edge clock sys_clk_pin  {rise@0.000ns fall@4.000ns period=8.000ns})
  Path Group:             **async_default**
  Path Type:              Recovery (Max at Slow Process Corner)
  Requirement:            8.000ns  (sys_clk_pin rise@8.000ns - sys_clk_pin rise@0.000ns)
  Data Path Delay:        2.018ns  (logic 0.718ns (35.574%)  route 1.300ns (64.426%))
  Logic Levels:           1  (LUT1=1)
  Clock Path Skew:        -0.026ns (DCD - SCD + CPR)
    Destination Clock Delay (DCD):    4.920ns = ( 12.920 - 8.000 ) 
    Source Clock Delay      (SCD):    5.374ns
    Clock Pessimism Removal (CPR):    0.429ns
  Clock Uncertainty:      0.035ns  ((TSJ^2 + TIJ^2)^1/2 + DJ) / 2 + PE
    Total System Jitter     (TSJ):    0.071ns
    Total Input Jitter      (TIJ):    0.000ns
    Discrete Jitter          (DJ):    0.000ns
    Phase Error              (PE):    0.000ns

    Location             Delay type                Incr(ns)  Path(ns)    Netlist Resource(s)
  -------------------------------------------------------------------    -------------------
                         (clock sys_clk_pin rise edge)
                                                      0.000     0.000 r  
    H16                                               0.000     0.000 r  iclk (IN)
                         net (fo=0)                   0.000     0.000    iclk
    H16                  IBUF (Prop_ibuf_I_O)         1.457     1.457 r  iclk_IBUF_inst/O
                         net (fo=1, routed)           2.076     3.533    iclk_IBUF
    BUFGCTRL_X0Y16       BUFG (Prop_bufg_I_O)         0.101     3.634 r  iclk_IBUF_BUFG_inst/O
                         net (fo=640, routed)         1.740     5.374    inst_LCD/iclk_IBUF_BUFG
    SLICE_X40Y55         FDRE                                         r  inst_LCD/reset_reg/C
  -------------------------------------------------------------------    -------------------
    SLICE_X40Y55         FDRE (Prop_fdre_C_Q)         0.419     5.793 r  inst_LCD/reset_reg/Q
                         net (fo=6, routed)           0.473     6.267    inst_LCD/INST_i2c_manager/data_tx_reg[0]_0
    SLICE_X40Y56         LUT1 (Prop_lut1_I0_O)        0.299     6.566 f  inst_LCD/INST_i2c_manager/FSM_onehot_state[8]_i_3/O
                         net (fo=26, routed)          0.827     7.393    inst_LCD/INST_i2c_manager/FSM_onehot_state[8]_i_3_n_0
    SLICE_X43Y57         FDCE                                         f  inst_LCD/INST_i2c_manager/count_reg[7]/CLR
  -------------------------------------------------------------------    -------------------

                         (clock sys_clk_pin rise edge)
                                                      8.000     8.000 r  
    H16                                               0.000     8.000 r  iclk (IN)
                         net (fo=0)                   0.000     8.000    iclk
    H16                  IBUF (Prop_ibuf_I_O)         1.387     9.387 r  iclk_IBUF_inst/O
                         net (fo=1, routed)           1.880    11.267    iclk_IBUF
    BUFGCTRL_X0Y16       BUFG (Prop_bufg_I_O)         0.091    11.358 r  iclk_IBUF_BUFG_inst/O
                         net (fo=640, routed)         1.562    12.920    inst_LCD/INST_i2c_manager/iclk_IBUF_BUFG
    SLICE_X43Y57         FDCE                                         r  inst_LCD/INST_i2c_manager/count_reg[7]/C
                         clock pessimism              0.429    13.348    
                         clock uncertainty           -0.035    13.313    
    SLICE_X43Y57         FDCE (Recov_fdce_C_CLR)     -0.405    12.908    inst_LCD/INST_i2c_manager/count_reg[7]
  -------------------------------------------------------------------
                         required time                         12.908    
                         arrival time                          -7.393    
  -------------------------------------------------------------------
                         slack                                  5.515    

Slack (MET) :             5.546ns  (required time - arrival time)
  Source:                 inst_LCD/reset_reg/C
                            (rising edge-triggered cell FDRE clocked by sys_clk_pin  {rise@0.000ns fall@4.000ns period=8.000ns})
  Destination:            inst_LCD/INST_i2c_manager/FSM_onehot_state_reg[8]/CLR
                            (recovery check against rising-edge clock sys_clk_pin  {rise@0.000ns fall@4.000ns period=8.000ns})
  Path Group:             **async_default**
  Path Type:              Recovery (Max at Slow Process Corner)
  Requirement:            8.000ns  (sys_clk_pin rise@8.000ns - sys_clk_pin rise@0.000ns)
  Data Path Delay:        1.990ns  (logic 0.718ns (36.079%)  route 1.272ns (63.921%))
  Logic Levels:           1  (LUT1=1)
  Clock Path Skew:        -0.024ns (DCD - SCD + CPR)
    Destination Clock Delay (DCD):    4.922ns = ( 12.922 - 8.000 ) 
    Source Clock Delay      (SCD):    5.374ns
    Clock Pessimism Removal (CPR):    0.429ns
  Clock Uncertainty:      0.035ns  ((TSJ^2 + TIJ^2)^1/2 + DJ) / 2 + PE
    Total System Jitter     (TSJ):    0.071ns
    Total Input Jitter      (TIJ):    0.000ns
    Discrete Jitter          (DJ):    0.000ns
    Phase Error              (PE):    0.000ns

    Location             Delay type                Incr(ns)  Path(ns)    Netlist Resource(s)
  -------------------------------------------------------------------    -------------------
                         (clock sys_clk_pin rise edge)
                                                      0.000     0.000 r  
    H16                                               0.000     0.000 r  iclk (IN)
                         net (fo=0)                   0.000     0.000    iclk
    H16                  IBUF (Prop_ibuf_I_O)         1.457     1.457 r  iclk_IBUF_inst/O
                         net (fo=1, routed)           2.076     3.533    iclk_IBUF
    BUFGCTRL_X0Y16       BUFG (Prop_bufg_I_O)         0.101     3.634 r  iclk_IBUF_BUFG_inst/O
                         net (fo=640, routed)         1.740     5.374    inst_LCD/iclk_IBUF_BUFG
    SLICE_X40Y55         FDRE                                         r  inst_LCD/reset_reg/C
  -------------------------------------------------------------------    -------------------
    SLICE_X40Y55         FDRE (Prop_fdre_C_Q)         0.419     5.793 r  inst_LCD/reset_reg/Q
                         net (fo=6, routed)           0.473     6.267    inst_LCD/INST_i2c_manager/data_tx_reg[0]_0
    SLICE_X40Y56         LUT1 (Prop_lut1_I0_O)        0.299     6.566 f  inst_LCD/INST_i2c_manager/FSM_onehot_state[8]_i_3/O
                         net (fo=26, routed)          0.799     7.364    inst_LCD/INST_i2c_manager/FSM_onehot_state[8]_i_3_n_0
    SLICE_X43Y51         FDCE                                         f  inst_LCD/INST_i2c_manager/FSM_onehot_state_reg[8]/CLR
  -------------------------------------------------------------------    -------------------

                         (clock sys_clk_pin rise edge)
                                                      8.000     8.000 r  
    H16                                               0.000     8.000 r  iclk (IN)
                         net (fo=0)                   0.000     8.000    iclk
    H16                  IBUF (Prop_ibuf_I_O)         1.387     9.387 r  iclk_IBUF_inst/O
                         net (fo=1, routed)           1.880    11.267    iclk_IBUF
    BUFGCTRL_X0Y16       BUFG (Prop_bufg_I_O)         0.091    11.358 r  iclk_IBUF_BUFG_inst/O
                         net (fo=640, routed)         1.564    12.922    inst_LCD/INST_i2c_manager/iclk_IBUF_BUFG
    SLICE_X43Y51         FDCE                                         r  inst_LCD/INST_i2c_manager/FSM_onehot_state_reg[8]/C
                         clock pessimism              0.429    13.350    
                         clock uncertainty           -0.035    13.315    
    SLICE_X43Y51         FDCE (Recov_fdce_C_CLR)     -0.405    12.910    inst_LCD/INST_i2c_manager/FSM_onehot_state_reg[8]
  -------------------------------------------------------------------
                         required time                         12.910    
                         arrival time                          -7.364    
  -------------------------------------------------------------------
                         slack                                  5.546    

Slack (MET) :             5.574ns  (required time - arrival time)
  Source:                 inst_LCD/reset_reg/C
                            (rising edge-triggered cell FDRE clocked by sys_clk_pin  {rise@0.000ns fall@4.000ns period=8.000ns})
  Destination:            inst_LCD/INST_i2c_manager/sda_int_reg/PRE
                            (recovery check against rising-edge clock sys_clk_pin  {rise@0.000ns fall@4.000ns period=8.000ns})
  Path Group:             **async_default**
  Path Type:              Recovery (Max at Slow Process Corner)
  Requirement:            8.000ns  (sys_clk_pin rise@8.000ns - sys_clk_pin rise@0.000ns)
  Data Path Delay:        2.007ns  (logic 0.718ns (35.768%)  route 1.289ns (64.232%))
  Logic Levels:           1  (LUT1=1)
  Clock Path Skew:        -0.024ns (DCD - SCD + CPR)
    Destination Clock Delay (DCD):    4.922ns = ( 12.922 - 8.000 ) 
    Source Clock Delay      (SCD):    5.374ns
    Clock Pessimism Removal (CPR):    0.429ns
  Clock Uncertainty:      0.035ns  ((TSJ^2 + TIJ^2)^1/2 + DJ) / 2 + PE
    Total System Jitter     (TSJ):    0.071ns
    Total Input Jitter      (TIJ):    0.000ns
    Discrete Jitter          (DJ):    0.000ns
    Phase Error              (PE):    0.000ns

    Location             Delay type                Incr(ns)  Path(ns)    Netlist Resource(s)
  -------------------------------------------------------------------    -------------------
                         (clock sys_clk_pin rise edge)
                                                      0.000     0.000 r  
    H16                                               0.000     0.000 r  iclk (IN)
                         net (fo=0)                   0.000     0.000    iclk
    H16                  IBUF (Prop_ibuf_I_O)         1.457     1.457 r  iclk_IBUF_inst/O
                         net (fo=1, routed)           2.076     3.533    iclk_IBUF
    BUFGCTRL_X0Y16       BUFG (Prop_bufg_I_O)         0.101     3.634 r  iclk_IBUF_BUFG_inst/O
                         net (fo=640, routed)         1.740     5.374    inst_LCD/iclk_IBUF_BUFG
    SLICE_X40Y55         FDRE                                         r  inst_LCD/reset_reg/C
  -------------------------------------------------------------------    -------------------
    SLICE_X40Y55         FDRE (Prop_fdre_C_Q)         0.419     5.793 r  inst_LCD/reset_reg/Q
                         net (fo=6, routed)           0.473     6.267    inst_LCD/INST_i2c_manager/data_tx_reg[0]_0
    SLICE_X40Y56         LUT1 (Prop_lut1_I0_O)        0.299     6.566 f  inst_LCD/INST_i2c_manager/FSM_onehot_state[8]_i_3/O
                         net (fo=26, routed)          0.816     7.382    inst_LCD/INST_i2c_manager/FSM_onehot_state[8]_i_3_n_0
    SLICE_X41Y51         FDPE                                         f  inst_LCD/INST_i2c_manager/sda_int_reg/PRE
  -------------------------------------------------------------------    -------------------

                         (clock sys_clk_pin rise edge)
                                                      8.000     8.000 r  
    H16                                               0.000     8.000 r  iclk (IN)
                         net (fo=0)                   0.000     8.000    iclk
    H16                  IBUF (Prop_ibuf_I_O)         1.387     9.387 r  iclk_IBUF_inst/O
                         net (fo=1, routed)           1.880    11.267    iclk_IBUF
    BUFGCTRL_X0Y16       BUFG (Prop_bufg_I_O)         0.091    11.358 r  iclk_IBUF_BUFG_inst/O
                         net (fo=640, routed)         1.564    12.922    inst_LCD/INST_i2c_manager/iclk_IBUF_BUFG
    SLICE_X41Y51         FDPE                                         r  inst_LCD/INST_i2c_manager/sda_int_reg/C
                         clock pessimism              0.429    13.350    
                         clock uncertainty           -0.035    13.315    
    SLICE_X41Y51         FDPE (Recov_fdpe_C_PRE)     -0.359    12.956    inst_LCD/INST_i2c_manager/sda_int_reg
  -------------------------------------------------------------------
                         required time                         12.956    
                         arrival time                          -7.382    
  -------------------------------------------------------------------
                         slack                                  5.574    





Min Delay Paths
--------------------------------------------------------------------------------------
Slack (MET) :             0.779ns  (arrival time - required time)
  Source:                 inst_LCD/reset_reg/C
                            (rising edge-triggered cell FDRE clocked by sys_clk_pin  {rise@0.000ns fall@4.000ns period=8.000ns})
  Destination:            inst_LCD/INST_i2c_manager/bit_cnt_reg[2]/PRE
                            (removal check against rising-edge clock sys_clk_pin  {rise@0.000ns fall@4.000ns period=8.000ns})
  Path Group:             **async_default**
  Path Type:              Removal (Min at Fast Process Corner)
  Requirement:            0.000ns  (sys_clk_pin rise@0.000ns - sys_clk_pin rise@0.000ns)
  Data Path Delay:        0.701ns  (logic 0.226ns (32.239%)  route 0.475ns (67.761%))
  Logic Levels:           1  (LUT1=1)
  Clock Path Skew:        0.017ns (DCD - SCD - CPR)
    Destination Clock Delay (DCD):    1.984ns
    Source Clock Delay      (SCD):    1.466ns
    Clock Pessimism Removal (CPR):    0.501ns

    Location             Delay type                Incr(ns)  Path(ns)    Netlist Resource(s)
  -------------------------------------------------------------------    -------------------
                         (clock sys_clk_pin rise edge)
                                                      0.000     0.000 r  
    H16                                               0.000     0.000 r  iclk (IN)
                         net (fo=0)                   0.000     0.000    iclk
    H16                  IBUF (Prop_ibuf_I_O)         0.225     0.225 r  iclk_IBUF_inst/O
                         net (fo=1, routed)           0.627     0.852    iclk_IBUF
    BUFGCTRL_X0Y16       BUFG (Prop_bufg_I_O)         0.026     0.878 r  iclk_IBUF_BUFG_inst/O
                         net (fo=640, routed)         0.588     1.466    inst_LCD/iclk_IBUF_BUFG
    SLICE_X40Y55         FDRE                                         r  inst_LCD/reset_reg/C
  -------------------------------------------------------------------    -------------------
    SLICE_X40Y55         FDRE (Prop_fdre_C_Q)         0.128     1.594 r  inst_LCD/reset_reg/Q
                         net (fo=6, routed)           0.205     1.800    inst_LCD/INST_i2c_manager/data_tx_reg[0]_0
    SLICE_X40Y56         LUT1 (Prop_lut1_I0_O)        0.098     1.898 f  inst_LCD/INST_i2c_manager/FSM_onehot_state[8]_i_3/O
                         net (fo=26, routed)          0.270     2.167    inst_LCD/INST_i2c_manager/FSM_onehot_state[8]_i_3_n_0
    SLICE_X41Y52         FDPE                                         f  inst_LCD/INST_i2c_manager/bit_cnt_reg[2]/PRE
  -------------------------------------------------------------------    -------------------

                         (clock sys_clk_pin rise edge)
                                                      0.000     0.000 r  
    H16                                               0.000     0.000 r  iclk (IN)
                         net (fo=0)                   0.000     0.000    iclk
    H16                  IBUF (Prop_ibuf_I_O)         0.413     0.413 r  iclk_IBUF_inst/O
                         net (fo=1, routed)           0.683     1.096    iclk_IBUF
    BUFGCTRL_X0Y16       BUFG (Prop_bufg_I_O)         0.029     1.125 r  iclk_IBUF_BUFG_inst/O
                         net (fo=640, routed)         0.859     1.984    inst_LCD/INST_i2c_manager/iclk_IBUF_BUFG
    SLICE_X41Y52         FDPE                                         r  inst_LCD/INST_i2c_manager/bit_cnt_reg[2]/C
                         clock pessimism             -0.501     1.483    
    SLICE_X41Y52         FDPE (Remov_fdpe_C_PRE)     -0.095     1.388    inst_LCD/INST_i2c_manager/bit_cnt_reg[2]
  -------------------------------------------------------------------
                         required time                         -1.388    
                         arrival time                           2.167    
  -------------------------------------------------------------------
                         slack                                  0.779    

Slack (MET) :             0.779ns  (arrival time - required time)
  Source:                 inst_LCD/reset_reg/C
                            (rising edge-triggered cell FDRE clocked by sys_clk_pin  {rise@0.000ns fall@4.000ns period=8.000ns})
  Destination:            inst_LCD/INST_i2c_manager/busy_reg/PRE
                            (removal check against rising-edge clock sys_clk_pin  {rise@0.000ns fall@4.000ns period=8.000ns})
  Path Group:             **async_default**
  Path Type:              Removal (Min at Fast Process Corner)
  Requirement:            0.000ns  (sys_clk_pin rise@0.000ns - sys_clk_pin rise@0.000ns)
  Data Path Delay:        0.701ns  (logic 0.226ns (32.239%)  route 0.475ns (67.761%))
  Logic Levels:           1  (LUT1=1)
  Clock Path Skew:        0.017ns (DCD - SCD - CPR)
    Destination Clock Delay (DCD):    1.984ns
    Source Clock Delay      (SCD):    1.466ns
    Clock Pessimism Removal (CPR):    0.501ns

    Location             Delay type                Incr(ns)  Path(ns)    Netlist Resource(s)
  -------------------------------------------------------------------    -------------------
                         (clock sys_clk_pin rise edge)
                                                      0.000     0.000 r  
    H16                                               0.000     0.000 r  iclk (IN)
                         net (fo=0)                   0.000     0.000    iclk
    H16                  IBUF (Prop_ibuf_I_O)         0.225     0.225 r  iclk_IBUF_inst/O
                         net (fo=1, routed)           0.627     0.852    iclk_IBUF
    BUFGCTRL_X0Y16       BUFG (Prop_bufg_I_O)         0.026     0.878 r  iclk_IBUF_BUFG_inst/O
                         net (fo=640, routed)         0.588     1.466    inst_LCD/iclk_IBUF_BUFG
    SLICE_X40Y55         FDRE                                         r  inst_LCD/reset_reg/C
  -------------------------------------------------------------------    -------------------
    SLICE_X40Y55         FDRE (Prop_fdre_C_Q)         0.128     1.594 r  inst_LCD/reset_reg/Q
                         net (fo=6, routed)           0.205     1.800    inst_LCD/INST_i2c_manager/data_tx_reg[0]_0
    SLICE_X40Y56         LUT1 (Prop_lut1_I0_O)        0.098     1.898 f  inst_LCD/INST_i2c_manager/FSM_onehot_state[8]_i_3/O
                         net (fo=26, routed)          0.270     2.167    inst_LCD/INST_i2c_manager/FSM_onehot_state[8]_i_3_n_0
    SLICE_X41Y52         FDPE                                         f  inst_LCD/INST_i2c_manager/busy_reg/PRE
  -------------------------------------------------------------------    -------------------

                         (clock sys_clk_pin rise edge)
                                                      0.000     0.000 r  
    H16                                               0.000     0.000 r  iclk (IN)
                         net (fo=0)                   0.000     0.000    iclk
    H16                  IBUF (Prop_ibuf_I_O)         0.413     0.413 r  iclk_IBUF_inst/O
                         net (fo=1, routed)           0.683     1.096    iclk_IBUF
    BUFGCTRL_X0Y16       BUFG (Prop_bufg_I_O)         0.029     1.125 r  iclk_IBUF_BUFG_inst/O
                         net (fo=640, routed)         0.859     1.984    inst_LCD/INST_i2c_manager/iclk_IBUF_BUFG
    SLICE_X41Y52         FDPE                                         r  inst_LCD/INST_i2c_manager/busy_reg/C
                         clock pessimism             -0.501     1.483    
    SLICE_X41Y52         FDPE (Remov_fdpe_C_PRE)     -0.095     1.388    inst_LCD/INST_i2c_manager/busy_reg
  -------------------------------------------------------------------
                         required time                         -1.388    
                         arrival time                           2.167    
  -------------------------------------------------------------------
                         slack                                  0.779    

Slack (MET) :             0.780ns  (arrival time - required time)
  Source:                 inst_LCD/reset_reg/C
                            (rising edge-triggered cell FDRE clocked by sys_clk_pin  {rise@0.000ns fall@4.000ns period=8.000ns})
  Destination:            inst_LCD/INST_i2c_manager/FSM_onehot_state_reg[4]/CLR
                            (removal check against rising-edge clock sys_clk_pin  {rise@0.000ns fall@4.000ns period=8.000ns})
  Path Group:             **async_default**
  Path Type:              Removal (Min at Fast Process Corner)
  Requirement:            0.000ns  (sys_clk_pin rise@0.000ns - sys_clk_pin rise@0.000ns)
  Data Path Delay:        0.705ns  (logic 0.226ns (32.040%)  route 0.479ns (67.960%))
  Logic Levels:           1  (LUT1=1)
  Clock Path Skew:        0.017ns (DCD - SCD - CPR)
    Destination Clock Delay (DCD):    1.984ns
    Source Clock Delay      (SCD):    1.466ns
    Clock Pessimism Removal (CPR):    0.501ns

    Location             Delay type                Incr(ns)  Path(ns)    Netlist Resource(s)
  -------------------------------------------------------------------    -------------------
                         (clock sys_clk_pin rise edge)
                                                      0.000     0.000 r  
    H16                                               0.000     0.000 r  iclk (IN)
                         net (fo=0)                   0.000     0.000    iclk
    H16                  IBUF (Prop_ibuf_I_O)         0.225     0.225 r  iclk_IBUF_inst/O
                         net (fo=1, routed)           0.627     0.852    iclk_IBUF
    BUFGCTRL_X0Y16       BUFG (Prop_bufg_I_O)         0.026     0.878 r  iclk_IBUF_BUFG_inst/O
                         net (fo=640, routed)         0.588     1.466    inst_LCD/iclk_IBUF_BUFG
    SLICE_X40Y55         FDRE                                         r  inst_LCD/reset_reg/C
  -------------------------------------------------------------------    -------------------
    SLICE_X40Y55         FDRE (Prop_fdre_C_Q)         0.128     1.594 r  inst_LCD/reset_reg/Q
                         net (fo=6, routed)           0.205     1.800    inst_LCD/INST_i2c_manager/data_tx_reg[0]_0
    SLICE_X40Y56         LUT1 (Prop_lut1_I0_O)        0.098     1.898 f  inst_LCD/INST_i2c_manager/FSM_onehot_state[8]_i_3/O
                         net (fo=26, routed)          0.274     2.171    inst_LCD/INST_i2c_manager/FSM_onehot_state[8]_i_3_n_0
    SLICE_X40Y52         FDCE                                         f  inst_LCD/INST_i2c_manager/FSM_onehot_state_reg[4]/CLR
  -------------------------------------------------------------------    -------------------

                         (clock sys_clk_pin rise edge)
                                                      0.000     0.000 r  
    H16                                               0.000     0.000 r  iclk (IN)
                         net (fo=0)                   0.000     0.000    iclk
    H16                  IBUF (Prop_ibuf_I_O)         0.413     0.413 r  iclk_IBUF_inst/O
                         net (fo=1, routed)           0.683     1.096    iclk_IBUF
    BUFGCTRL_X0Y16       BUFG (Prop_bufg_I_O)         0.029     1.125 r  iclk_IBUF_BUFG_inst/O
                         net (fo=640, routed)         0.859     1.984    inst_LCD/INST_i2c_manager/iclk_IBUF_BUFG
    SLICE_X40Y52         FDCE                                         r  inst_LCD/INST_i2c_manager/FSM_onehot_state_reg[4]/C
                         clock pessimism             -0.501     1.483    
    SLICE_X40Y52         FDCE (Remov_fdce_C_CLR)     -0.092     1.391    inst_LCD/INST_i2c_manager/FSM_onehot_state_reg[4]
  -------------------------------------------------------------------
                         required time                         -1.391    
                         arrival time                           2.171    
  -------------------------------------------------------------------
                         slack                                  0.780    

Slack (MET) :             0.800ns  (arrival time - required time)
  Source:                 inst_LCD/reset_reg/C
                            (rising edge-triggered cell FDRE clocked by sys_clk_pin  {rise@0.000ns fall@4.000ns period=8.000ns})
  Destination:            inst_LCD/INST_i2c_manager/FSM_onehot_state_reg[1]/CLR
                            (removal check against rising-edge clock sys_clk_pin  {rise@0.000ns fall@4.000ns period=8.000ns})
  Path Group:             **async_default**
  Path Type:              Removal (Min at Fast Process Corner)
  Requirement:            0.000ns  (sys_clk_pin rise@0.000ns - sys_clk_pin rise@0.000ns)
  Data Path Delay:        0.750ns  (logic 0.226ns (30.130%)  route 0.524ns (69.870%))
  Logic Levels:           1  (LUT1=1)
  Clock Path Skew:        0.017ns (DCD - SCD - CPR)
    Destination Clock Delay (DCD):    1.984ns
    Source Clock Delay      (SCD):    1.466ns
    Clock Pessimism Removal (CPR):    0.501ns

    Location             Delay type                Incr(ns)  Path(ns)    Netlist Resource(s)
  -------------------------------------------------------------------    -------------------
                         (clock sys_clk_pin rise edge)
                                                      0.000     0.000 r  
    H16                                               0.000     0.000 r  iclk (IN)
                         net (fo=0)                   0.000     0.000    iclk
    H16                  IBUF (Prop_ibuf_I_O)         0.225     0.225 r  iclk_IBUF_inst/O
                         net (fo=1, routed)           0.627     0.852    iclk_IBUF
    BUFGCTRL_X0Y16       BUFG (Prop_bufg_I_O)         0.026     0.878 r  iclk_IBUF_BUFG_inst/O
                         net (fo=640, routed)         0.588     1.466    inst_LCD/iclk_IBUF_BUFG
    SLICE_X40Y55         FDRE                                         r  inst_LCD/reset_reg/C
  -------------------------------------------------------------------    -------------------
    SLICE_X40Y55         FDRE (Prop_fdre_C_Q)         0.128     1.594 r  inst_LCD/reset_reg/Q
                         net (fo=6, routed)           0.205     1.800    inst_LCD/INST_i2c_manager/data_tx_reg[0]_0
    SLICE_X40Y56         LUT1 (Prop_lut1_I0_O)        0.098     1.898 f  inst_LCD/INST_i2c_manager/FSM_onehot_state[8]_i_3/O
                         net (fo=26, routed)          0.319     2.216    inst_LCD/INST_i2c_manager/FSM_onehot_state[8]_i_3_n_0
    SLICE_X42Y51         FDCE                                         f  inst_LCD/INST_i2c_manager/FSM_onehot_state_reg[1]/CLR
  -------------------------------------------------------------------    -------------------

                         (clock sys_clk_pin rise edge)
                                                      0.000     0.000 r  
    H16                                               0.000     0.000 r  iclk (IN)
                         net (fo=0)                   0.000     0.000    iclk
    H16                  IBUF (Prop_ibuf_I_O)         0.413     0.413 r  iclk_IBUF_inst/O
                         net (fo=1, routed)           0.683     1.096    iclk_IBUF
    BUFGCTRL_X0Y16       BUFG (Prop_bufg_I_O)         0.029     1.125 r  iclk_IBUF_BUFG_inst/O
                         net (fo=640, routed)         0.859     1.984    inst_LCD/INST_i2c_manager/iclk_IBUF_BUFG
    SLICE_X42Y51         FDCE                                         r  inst_LCD/INST_i2c_manager/FSM_onehot_state_reg[1]/C
                         clock pessimism             -0.501     1.483    
    SLICE_X42Y51         FDCE (Remov_fdce_C_CLR)     -0.067     1.416    inst_LCD/INST_i2c_manager/FSM_onehot_state_reg[1]
  -------------------------------------------------------------------
                         required time                         -1.416    
                         arrival time                           2.216    
  -------------------------------------------------------------------
                         slack                                  0.800    

Slack (MET) :             0.800ns  (arrival time - required time)
  Source:                 inst_LCD/reset_reg/C
                            (rising edge-triggered cell FDRE clocked by sys_clk_pin  {rise@0.000ns fall@4.000ns period=8.000ns})
  Destination:            inst_LCD/INST_i2c_manager/FSM_onehot_state_reg[2]/CLR
                            (removal check against rising-edge clock sys_clk_pin  {rise@0.000ns fall@4.000ns period=8.000ns})
  Path Group:             **async_default**
  Path Type:              Removal (Min at Fast Process Corner)
  Requirement:            0.000ns  (sys_clk_pin rise@0.000ns - sys_clk_pin rise@0.000ns)
  Data Path Delay:        0.750ns  (logic 0.226ns (30.130%)  route 0.524ns (69.870%))
  Logic Levels:           1  (LUT1=1)
  Clock Path Skew:        0.017ns (DCD - SCD - CPR)
    Destination Clock Delay (DCD):    1.984ns
    Source Clock Delay      (SCD):    1.466ns
    Clock Pessimism Removal (CPR):    0.501ns

    Location             Delay type                Incr(ns)  Path(ns)    Netlist Resource(s)
  -------------------------------------------------------------------    -------------------
                         (clock sys_clk_pin rise edge)
                                                      0.000     0.000 r  
    H16                                               0.000     0.000 r  iclk (IN)
                         net (fo=0)                   0.000     0.000    iclk
    H16                  IBUF (Prop_ibuf_I_O)         0.225     0.225 r  iclk_IBUF_inst/O
                         net (fo=1, routed)           0.627     0.852    iclk_IBUF
    BUFGCTRL_X0Y16       BUFG (Prop_bufg_I_O)         0.026     0.878 r  iclk_IBUF_BUFG_inst/O
                         net (fo=640, routed)         0.588     1.466    inst_LCD/iclk_IBUF_BUFG
    SLICE_X40Y55         FDRE                                         r  inst_LCD/reset_reg/C
  -------------------------------------------------------------------    -------------------
    SLICE_X40Y55         FDRE (Prop_fdre_C_Q)         0.128     1.594 r  inst_LCD/reset_reg/Q
                         net (fo=6, routed)           0.205     1.800    inst_LCD/INST_i2c_manager/data_tx_reg[0]_0
    SLICE_X40Y56         LUT1 (Prop_lut1_I0_O)        0.098     1.898 f  inst_LCD/INST_i2c_manager/FSM_onehot_state[8]_i_3/O
                         net (fo=26, routed)          0.319     2.216    inst_LCD/INST_i2c_manager/FSM_onehot_state[8]_i_3_n_0
    SLICE_X42Y51         FDCE                                         f  inst_LCD/INST_i2c_manager/FSM_onehot_state_reg[2]/CLR
  -------------------------------------------------------------------    -------------------

                         (clock sys_clk_pin rise edge)
                                                      0.000     0.000 r  
    H16                                               0.000     0.000 r  iclk (IN)
                         net (fo=0)                   0.000     0.000    iclk
    H16                  IBUF (Prop_ibuf_I_O)         0.413     0.413 r  iclk_IBUF_inst/O
                         net (fo=1, routed)           0.683     1.096    iclk_IBUF
    BUFGCTRL_X0Y16       BUFG (Prop_bufg_I_O)         0.029     1.125 r  iclk_IBUF_BUFG_inst/O
                         net (fo=640, routed)         0.859     1.984    inst_LCD/INST_i2c_manager/iclk_IBUF_BUFG
    SLICE_X42Y51         FDCE                                         r  inst_LCD/INST_i2c_manager/FSM_onehot_state_reg[2]/C
                         clock pessimism             -0.501     1.483    
    SLICE_X42Y51         FDCE (Remov_fdce_C_CLR)     -0.067     1.416    inst_LCD/INST_i2c_manager/FSM_onehot_state_reg[2]
  -------------------------------------------------------------------
                         required time                         -1.416    
                         arrival time                           2.216    
  -------------------------------------------------------------------
                         slack                                  0.800    

Slack (MET) :             0.800ns  (arrival time - required time)
  Source:                 inst_LCD/reset_reg/C
                            (rising edge-triggered cell FDRE clocked by sys_clk_pin  {rise@0.000ns fall@4.000ns period=8.000ns})
  Destination:            inst_LCD/INST_i2c_manager/FSM_onehot_state_reg[3]/CLR
                            (removal check against rising-edge clock sys_clk_pin  {rise@0.000ns fall@4.000ns period=8.000ns})
  Path Group:             **async_default**
  Path Type:              Removal (Min at Fast Process Corner)
  Requirement:            0.000ns  (sys_clk_pin rise@0.000ns - sys_clk_pin rise@0.000ns)
  Data Path Delay:        0.750ns  (logic 0.226ns (30.130%)  route 0.524ns (69.870%))
  Logic Levels:           1  (LUT1=1)
  Clock Path Skew:        0.017ns (DCD - SCD - CPR)
    Destination Clock Delay (DCD):    1.984ns
    Source Clock Delay      (SCD):    1.466ns
    Clock Pessimism Removal (CPR):    0.501ns

    Location             Delay type                Incr(ns)  Path(ns)    Netlist Resource(s)
  -------------------------------------------------------------------    -------------------
                         (clock sys_clk_pin rise edge)
                                                      0.000     0.000 r  
    H16                                               0.000     0.000 r  iclk (IN)
                         net (fo=0)                   0.000     0.000    iclk
    H16                  IBUF (Prop_ibuf_I_O)         0.225     0.225 r  iclk_IBUF_inst/O
                         net (fo=1, routed)           0.627     0.852    iclk_IBUF
    BUFGCTRL_X0Y16       BUFG (Prop_bufg_I_O)         0.026     0.878 r  iclk_IBUF_BUFG_inst/O
                         net (fo=640, routed)         0.588     1.466    inst_LCD/iclk_IBUF_BUFG
    SLICE_X40Y55         FDRE                                         r  inst_LCD/reset_reg/C
  -------------------------------------------------------------------    -------------------
    SLICE_X40Y55         FDRE (Prop_fdre_C_Q)         0.128     1.594 r  inst_LCD/reset_reg/Q
                         net (fo=6, routed)           0.205     1.800    inst_LCD/INST_i2c_manager/data_tx_reg[0]_0
    SLICE_X40Y56         LUT1 (Prop_lut1_I0_O)        0.098     1.898 f  inst_LCD/INST_i2c_manager/FSM_onehot_state[8]_i_3/O
                         net (fo=26, routed)          0.319     2.216    inst_LCD/INST_i2c_manager/FSM_onehot_state[8]_i_3_n_0
    SLICE_X42Y51         FDCE                                         f  inst_LCD/INST_i2c_manager/FSM_onehot_state_reg[3]/CLR
  -------------------------------------------------------------------    -------------------

                         (clock sys_clk_pin rise edge)
                                                      0.000     0.000 r  
    H16                                               0.000     0.000 r  iclk (IN)
                         net (fo=0)                   0.000     0.000    iclk
    H16                  IBUF (Prop_ibuf_I_O)         0.413     0.413 r  iclk_IBUF_inst/O
                         net (fo=1, routed)           0.683     1.096    iclk_IBUF
    BUFGCTRL_X0Y16       BUFG (Prop_bufg_I_O)         0.029     1.125 r  iclk_IBUF_BUFG_inst/O
                         net (fo=640, routed)         0.859     1.984    inst_LCD/INST_i2c_manager/iclk_IBUF_BUFG
    SLICE_X42Y51         FDCE                                         r  inst_LCD/INST_i2c_manager/FSM_onehot_state_reg[3]/C
                         clock pessimism             -0.501     1.483    
    SLICE_X42Y51         FDCE (Remov_fdce_C_CLR)     -0.067     1.416    inst_LCD/INST_i2c_manager/FSM_onehot_state_reg[3]
  -------------------------------------------------------------------
                         required time                         -1.416    
                         arrival time                           2.216    
  -------------------------------------------------------------------
                         slack                                  0.800    

Slack (MET) :             0.800ns  (arrival time - required time)
  Source:                 inst_LCD/reset_reg/C
                            (rising edge-triggered cell FDRE clocked by sys_clk_pin  {rise@0.000ns fall@4.000ns period=8.000ns})
  Destination:            inst_LCD/INST_i2c_manager/FSM_onehot_state_reg[5]/CLR
                            (removal check against rising-edge clock sys_clk_pin  {rise@0.000ns fall@4.000ns period=8.000ns})
  Path Group:             **async_default**
  Path Type:              Removal (Min at Fast Process Corner)
  Requirement:            0.000ns  (sys_clk_pin rise@0.000ns - sys_clk_pin rise@0.000ns)
  Data Path Delay:        0.750ns  (logic 0.226ns (30.130%)  route 0.524ns (69.870%))
  Logic Levels:           1  (LUT1=1)
  Clock Path Skew:        0.017ns (DCD - SCD - CPR)
    Destination Clock Delay (DCD):    1.984ns
    Source Clock Delay      (SCD):    1.466ns
    Clock Pessimism Removal (CPR):    0.501ns

    Location             Delay type                Incr(ns)  Path(ns)    Netlist Resource(s)
  -------------------------------------------------------------------    -------------------
                         (clock sys_clk_pin rise edge)
                                                      0.000     0.000 r  
    H16                                               0.000     0.000 r  iclk (IN)
                         net (fo=0)                   0.000     0.000    iclk
    H16                  IBUF (Prop_ibuf_I_O)         0.225     0.225 r  iclk_IBUF_inst/O
                         net (fo=1, routed)           0.627     0.852    iclk_IBUF
    BUFGCTRL_X0Y16       BUFG (Prop_bufg_I_O)         0.026     0.878 r  iclk_IBUF_BUFG_inst/O
                         net (fo=640, routed)         0.588     1.466    inst_LCD/iclk_IBUF_BUFG
    SLICE_X40Y55         FDRE                                         r  inst_LCD/reset_reg/C
  -------------------------------------------------------------------    -------------------
    SLICE_X40Y55         FDRE (Prop_fdre_C_Q)         0.128     1.594 r  inst_LCD/reset_reg/Q
                         net (fo=6, routed)           0.205     1.800    inst_LCD/INST_i2c_manager/data_tx_reg[0]_0
    SLICE_X40Y56         LUT1 (Prop_lut1_I0_O)        0.098     1.898 f  inst_LCD/INST_i2c_manager/FSM_onehot_state[8]_i_3/O
                         net (fo=26, routed)          0.319     2.216    inst_LCD/INST_i2c_manager/FSM_onehot_state[8]_i_3_n_0
    SLICE_X42Y51         FDCE                                         f  inst_LCD/INST_i2c_manager/FSM_onehot_state_reg[5]/CLR
  -------------------------------------------------------------------    -------------------

                         (clock sys_clk_pin rise edge)
                                                      0.000     0.000 r  
    H16                                               0.000     0.000 r  iclk (IN)
                         net (fo=0)                   0.000     0.000    iclk
    H16                  IBUF (Prop_ibuf_I_O)         0.413     0.413 r  iclk_IBUF_inst/O
                         net (fo=1, routed)           0.683     1.096    iclk_IBUF
    BUFGCTRL_X0Y16       BUFG (Prop_bufg_I_O)         0.029     1.125 r  iclk_IBUF_BUFG_inst/O
                         net (fo=640, routed)         0.859     1.984    inst_LCD/INST_i2c_manager/iclk_IBUF_BUFG
    SLICE_X42Y51         FDCE                                         r  inst_LCD/INST_i2c_manager/FSM_onehot_state_reg[5]/C
                         clock pessimism             -0.501     1.483    
    SLICE_X42Y51         FDCE (Remov_fdce_C_CLR)     -0.067     1.416    inst_LCD/INST_i2c_manager/FSM_onehot_state_reg[5]
  -------------------------------------------------------------------
                         required time                         -1.416    
                         arrival time                           2.216    
  -------------------------------------------------------------------
                         slack                                  0.800    

Slack (MET) :             0.804ns  (arrival time - required time)
  Source:                 inst_LCD/reset_reg/C
                            (rising edge-triggered cell FDRE clocked by sys_clk_pin  {rise@0.000ns fall@4.000ns period=8.000ns})
  Destination:            inst_LCD/INST_i2c_manager/scl_ena_reg/CLR
                            (removal check against rising-edge clock sys_clk_pin  {rise@0.000ns fall@4.000ns period=8.000ns})
  Path Group:             **async_default**
  Path Type:              Removal (Min at Fast Process Corner)
  Requirement:            0.000ns  (sys_clk_pin rise@0.000ns - sys_clk_pin rise@0.000ns)
  Data Path Delay:        0.754ns  (logic 0.226ns (29.983%)  route 0.528ns (70.017%))
  Logic Levels:           1  (LUT1=1)
  Clock Path Skew:        0.017ns (DCD - SCD - CPR)
    Destination Clock Delay (DCD):    1.984ns
    Source Clock Delay      (SCD):    1.466ns
    Clock Pessimism Removal (CPR):    0.501ns

    Location             Delay type                Incr(ns)  Path(ns)    Netlist Resource(s)
  -------------------------------------------------------------------    -------------------
                         (clock sys_clk_pin rise edge)
                                                      0.000     0.000 r  
    H16                                               0.000     0.000 r  iclk (IN)
                         net (fo=0)                   0.000     0.000    iclk
    H16                  IBUF (Prop_ibuf_I_O)         0.225     0.225 r  iclk_IBUF_inst/O
                         net (fo=1, routed)           0.627     0.852    iclk_IBUF
    BUFGCTRL_X0Y16       BUFG (Prop_bufg_I_O)         0.026     0.878 r  iclk_IBUF_BUFG_inst/O
                         net (fo=640, routed)         0.588     1.466    inst_LCD/iclk_IBUF_BUFG
    SLICE_X40Y55         FDRE                                         r  inst_LCD/reset_reg/C
  -------------------------------------------------------------------    -------------------
    SLICE_X40Y55         FDRE (Prop_fdre_C_Q)         0.128     1.594 r  inst_LCD/reset_reg/Q
                         net (fo=6, routed)           0.205     1.800    inst_LCD/INST_i2c_manager/data_tx_reg[0]_0
    SLICE_X40Y56         LUT1 (Prop_lut1_I0_O)        0.098     1.898 f  inst_LCD/INST_i2c_manager/FSM_onehot_state[8]_i_3/O
                         net (fo=26, routed)          0.322     2.220    inst_LCD/INST_i2c_manager/FSM_onehot_state[8]_i_3_n_0
    SLICE_X42Y52         FDCE                                         f  inst_LCD/INST_i2c_manager/scl_ena_reg/CLR
  -------------------------------------------------------------------    -------------------

                         (clock sys_clk_pin rise edge)
                                                      0.000     0.000 r  
    H16                                               0.000     0.000 r  iclk (IN)
                         net (fo=0)                   0.000     0.000    iclk
    H16                  IBUF (Prop_ibuf_I_O)         0.413     0.413 r  iclk_IBUF_inst/O
                         net (fo=1, routed)           0.683     1.096    iclk_IBUF
    BUFGCTRL_X0Y16       BUFG (Prop_bufg_I_O)         0.029     1.125 r  iclk_IBUF_BUFG_inst/O
                         net (fo=640, routed)         0.859     1.984    inst_LCD/INST_i2c_manager/iclk_IBUF_BUFG
    SLICE_X42Y52         FDCE                                         r  inst_LCD/INST_i2c_manager/scl_ena_reg/C
                         clock pessimism             -0.501     1.483    
    SLICE_X42Y52         FDCE (Remov_fdce_C_CLR)     -0.067     1.416    inst_LCD/INST_i2c_manager/scl_ena_reg
  -------------------------------------------------------------------
                         required time                         -1.416    
                         arrival time                           2.220    
  -------------------------------------------------------------------
                         slack                                  0.804    

Slack (MET) :             0.804ns  (arrival time - required time)
  Source:                 inst_LCD/reset_reg/C
                            (rising edge-triggered cell FDRE clocked by sys_clk_pin  {rise@0.000ns fall@4.000ns period=8.000ns})
  Destination:            inst_LCD/INST_i2c_manager/FSM_onehot_state_reg[0]/PRE
                            (removal check against rising-edge clock sys_clk_pin  {rise@0.000ns fall@4.000ns period=8.000ns})
  Path Group:             **async_default**
  Path Type:              Removal (Min at Fast Process Corner)
  Requirement:            0.000ns  (sys_clk_pin rise@0.000ns - sys_clk_pin rise@0.000ns)
  Data Path Delay:        0.750ns  (logic 0.226ns (30.130%)  route 0.524ns (69.870%))
  Logic Levels:           1  (LUT1=1)
  Clock Path Skew:        0.017ns (DCD - SCD - CPR)
    Destination Clock Delay (DCD):    1.984ns
    Source Clock Delay      (SCD):    1.466ns
    Clock Pessimism Removal (CPR):    0.501ns

    Location             Delay type                Incr(ns)  Path(ns)    Netlist Resource(s)
  -------------------------------------------------------------------    -------------------
                         (clock sys_clk_pin rise edge)
                                                      0.000     0.000 r  
    H16                                               0.000     0.000 r  iclk (IN)
                         net (fo=0)                   0.000     0.000    iclk
    H16                  IBUF (Prop_ibuf_I_O)         0.225     0.225 r  iclk_IBUF_inst/O
                         net (fo=1, routed)           0.627     0.852    iclk_IBUF
    BUFGCTRL_X0Y16       BUFG (Prop_bufg_I_O)         0.026     0.878 r  iclk_IBUF_BUFG_inst/O
                         net (fo=640, routed)         0.588     1.466    inst_LCD/iclk_IBUF_BUFG
    SLICE_X40Y55         FDRE                                         r  inst_LCD/reset_reg/C
  -------------------------------------------------------------------    -------------------
    SLICE_X40Y55         FDRE (Prop_fdre_C_Q)         0.128     1.594 r  inst_LCD/reset_reg/Q
                         net (fo=6, routed)           0.205     1.800    inst_LCD/INST_i2c_manager/data_tx_reg[0]_0
    SLICE_X40Y56         LUT1 (Prop_lut1_I0_O)        0.098     1.898 f  inst_LCD/INST_i2c_manager/FSM_onehot_state[8]_i_3/O
                         net (fo=26, routed)          0.319     2.216    inst_LCD/INST_i2c_manager/FSM_onehot_state[8]_i_3_n_0
    SLICE_X42Y51         FDPE                                         f  inst_LCD/INST_i2c_manager/FSM_onehot_state_reg[0]/PRE
  -------------------------------------------------------------------    -------------------

                         (clock sys_clk_pin rise edge)
                                                      0.000     0.000 r  
    H16                                               0.000     0.000 r  iclk (IN)
                         net (fo=0)                   0.000     0.000    iclk
    H16                  IBUF (Prop_ibuf_I_O)         0.413     0.413 r  iclk_IBUF_inst/O
                         net (fo=1, routed)           0.683     1.096    iclk_IBUF
    BUFGCTRL_X0Y16       BUFG (Prop_bufg_I_O)         0.029     1.125 r  iclk_IBUF_BUFG_inst/O
                         net (fo=640, routed)         0.859     1.984    inst_LCD/INST_i2c_manager/iclk_IBUF_BUFG
    SLICE_X42Y51         FDPE                                         r  inst_LCD/INST_i2c_manager/FSM_onehot_state_reg[0]/C
                         clock pessimism             -0.501     1.483    
    SLICE_X42Y51         FDPE (Remov_fdpe_C_PRE)     -0.071     1.412    inst_LCD/INST_i2c_manager/FSM_onehot_state_reg[0]
  -------------------------------------------------------------------
                         required time                         -1.412    
                         arrival time                           2.216    
  -------------------------------------------------------------------
                         slack                                  0.804    

Slack (MET) :             0.808ns  (arrival time - required time)
  Source:                 inst_LCD/reset_reg/C
                            (rising edge-triggered cell FDRE clocked by sys_clk_pin  {rise@0.000ns fall@4.000ns period=8.000ns})
  Destination:            inst_LCD/INST_i2c_manager/bit_cnt_reg[1]/PRE
                            (removal check against rising-edge clock sys_clk_pin  {rise@0.000ns fall@4.000ns period=8.000ns})
  Path Group:             **async_default**
  Path Type:              Removal (Min at Fast Process Corner)
  Requirement:            0.000ns  (sys_clk_pin rise@0.000ns - sys_clk_pin rise@0.000ns)
  Data Path Delay:        0.754ns  (logic 0.226ns (29.983%)  route 0.528ns (70.017%))
  Logic Levels:           1  (LUT1=1)
  Clock Path Skew:        0.017ns (DCD - SCD - CPR)
    Destination Clock Delay (DCD):    1.984ns
    Source Clock Delay      (SCD):    1.466ns
    Clock Pessimism Removal (CPR):    0.501ns

    Location             Delay type                Incr(ns)  Path(ns)    Netlist Resource(s)
  -------------------------------------------------------------------    -------------------
                         (clock sys_clk_pin rise edge)
                                                      0.000     0.000 r  
    H16                                               0.000     0.000 r  iclk (IN)
                         net (fo=0)                   0.000     0.000    iclk
    H16                  IBUF (Prop_ibuf_I_O)         0.225     0.225 r  iclk_IBUF_inst/O
                         net (fo=1, routed)           0.627     0.852    iclk_IBUF
    BUFGCTRL_X0Y16       BUFG (Prop_bufg_I_O)         0.026     0.878 r  iclk_IBUF_BUFG_inst/O
                         net (fo=640, routed)         0.588     1.466    inst_LCD/iclk_IBUF_BUFG
    SLICE_X40Y55         FDRE                                         r  inst_LCD/reset_reg/C
  -------------------------------------------------------------------    -------------------
    SLICE_X40Y55         FDRE (Prop_fdre_C_Q)         0.128     1.594 r  inst_LCD/reset_reg/Q
                         net (fo=6, routed)           0.205     1.800    inst_LCD/INST_i2c_manager/data_tx_reg[0]_0
    SLICE_X40Y56         LUT1 (Prop_lut1_I0_O)        0.098     1.898 f  inst_LCD/INST_i2c_manager/FSM_onehot_state[8]_i_3/O
                         net (fo=26, routed)          0.322     2.220    inst_LCD/INST_i2c_manager/FSM_onehot_state[8]_i_3_n_0
    SLICE_X42Y52         FDPE                                         f  inst_LCD/INST_i2c_manager/bit_cnt_reg[1]/PRE
  -------------------------------------------------------------------    -------------------

                         (clock sys_clk_pin rise edge)
                                                      0.000     0.000 r  
    H16                                               0.000     0.000 r  iclk (IN)
                         net (fo=0)                   0.000     0.000    iclk
    H16                  IBUF (Prop_ibuf_I_O)         0.413     0.413 r  iclk_IBUF_inst/O
                         net (fo=1, routed)           0.683     1.096    iclk_IBUF
    BUFGCTRL_X0Y16       BUFG (Prop_bufg_I_O)         0.029     1.125 r  iclk_IBUF_BUFG_inst/O
                         net (fo=640, routed)         0.859     1.984    inst_LCD/INST_i2c_manager/iclk_IBUF_BUFG
    SLICE_X42Y52         FDPE                                         r  inst_LCD/INST_i2c_manager/bit_cnt_reg[1]/C
                         clock pessimism             -0.501     1.483    
    SLICE_X42Y52         FDPE (Remov_fdpe_C_PRE)     -0.071     1.412    inst_LCD/INST_i2c_manager/bit_cnt_reg[1]
  -------------------------------------------------------------------
                         required time                         -1.412    
                         arrival time                           2.220    
  -------------------------------------------------------------------
                         slack                                  0.808    





