Copyright 1986-2019 Xilinx, Inc. All Rights Reserved.
-----------------------------------------------------------------------------------------------------------------------------------------------------------------------------------------------------------------------
| Tool Version : Vivado v.2019.1 (win64) Build 2552052 Fri May 24 14:49:42 MDT 2019
| Date         : Wed Mar 12 21:40:23 2025
| Host         : UL-41 running 64-bit major release  (build 9200)
| Command      : report_timing_summary -max_paths 10 -file design_1_wrapper_timing_summary_routed.rpt -pb design_1_wrapper_timing_summary_routed.pb -rpx design_1_wrapper_timing_summary_routed.rpx -warn_on_violation
| Design       : design_1_wrapper
| Device       : 7z007s-clg400
| Speed File   : -1  PRODUCTION 1.11 2016-07-27
-----------------------------------------------------------------------------------------------------------------------------------------------------------------------------------------------------------------------

Timing Summary Report

------------------------------------------------------------------------------------------------
| Timer Settings
| --------------
------------------------------------------------------------------------------------------------

  Enable Multi Corner Analysis               :  Yes
  Enable Pessimism Removal                   :  Yes
  Pessimism Removal Resolution               :  Nearest Common Node
  Enable Input Delay Default Clock           :  No
  Enable Preset / Clear Arcs                 :  No
  Disable Flight Delays                      :  No
  Ignore I/O Paths                           :  No
  Timing Early Launch at Borrowing Latches   :  No
  Borrow Time for Max Delay Exceptions       :  Yes

  Corner  Analyze    Analyze    
  Name    Max Paths  Min Paths  
  ------  ---------  ---------  
  Slow    Yes        Yes        
  Fast    Yes        Yes        



check_timing report

Table of Contents
-----------------
1. checking no_clock
2. checking constant_clock
3. checking pulse_width_clock
4. checking unconstrained_internal_endpoints
5. checking no_input_delay
6. checking no_output_delay
7. checking multiple_clock
8. checking generated_clocks
9. checking loops
10. checking partial_input_delay
11. checking partial_output_delay
12. checking latch_loops

1. checking no_clock
--------------------
 There are 14 register/latch pins with no clock driven by root clock pin: design_1_i/baud_rate_0/U0/clk_en_reg/Q (HIGH)

 There are 11 register/latch pins with no clock driven by root clock pin: design_1_i/ps2_keyboard_to_ascii_0/U0/ps2_keyboard_0/debounce_ps2_clk/result_reg/Q (HIGH)


2. checking constant_clock
--------------------------
 There are 0 register/latch pins with constant_clock.


3. checking pulse_width_clock
-----------------------------
 There are 0 register/latch pins which need pulse_width check


4. checking unconstrained_internal_endpoints
--------------------------------------------
 There are 52 pins that are not constrained for maximum delay. (HIGH)

 There are 0 pins that are not constrained for maximum delay due to constant clock.


5. checking no_input_delay
--------------------------
 There are 3 input ports with no input delay specified. (HIGH)

 There are 0 input ports with no input delay but user has a false path constraint.


6. checking no_output_delay
---------------------------
 There is 1 port with no output delay specified. (HIGH)

 There are 0 ports with no output delay but user has a false path constraint

 There are 0 ports with no output delay but with a timing clock defined on it or propagating through it


7. checking multiple_clock
--------------------------
 There are 0 register/latch pins with multiple clocks.


8. checking generated_clocks
----------------------------
 There are 0 generated clocks that are not connected to a clock source.


9. checking loops
-----------------
 There are 0 combinational loops in the design.


10. checking partial_input_delay
--------------------------------
 There are 0 input ports with partial input delay specified.


11. checking partial_output_delay
---------------------------------
 There are 0 ports with partial output delay specified.


12. checking latch_loops
------------------------
 There are 0 combinational latch loops in the design through latch input



------------------------------------------------------------------------------------------------
| Design Timing Summary
| ---------------------
------------------------------------------------------------------------------------------------

    WNS(ns)      TNS(ns)  TNS Failing Endpoints  TNS Total Endpoints      WHS(ns)      THS(ns)  THS Failing Endpoints  THS Total Endpoints     WPWS(ns)     TPWS(ns)  TPWS Failing Endpoints  TPWS Total Endpoints  
    -------      -------  ---------------------  -------------------      -------      -------  ---------------------  -------------------     --------     --------  ----------------------  --------------------  
      3.261        0.000                      0                  250        0.200        0.000                      0                  250        3.500        0.000                       0                   129  


All user specified timing constraints are met.


------------------------------------------------------------------------------------------------
| Clock Summary
| -------------
------------------------------------------------------------------------------------------------

Clock        Waveform(ns)         Period(ns)      Frequency(MHz)
-----        ------------         ----------      --------------
sys_clk_pin  {0.000 4.000}        8.000           125.000         


------------------------------------------------------------------------------------------------
| Intra Clock Table
| -----------------
------------------------------------------------------------------------------------------------

Clock             WNS(ns)      TNS(ns)  TNS Failing Endpoints  TNS Total Endpoints      WHS(ns)      THS(ns)  THS Failing Endpoints  THS Total Endpoints     WPWS(ns)     TPWS(ns)  TPWS Failing Endpoints  TPWS Total Endpoints  
-----             -------      -------  ---------------------  -------------------      -------      -------  ---------------------  -------------------     --------     --------  ----------------------  --------------------  
sys_clk_pin         3.261        0.000                      0                  250        0.200        0.000                      0                  250        3.500        0.000                       0                   129  


------------------------------------------------------------------------------------------------
| Inter Clock Table
| -----------------
------------------------------------------------------------------------------------------------

From Clock    To Clock          WNS(ns)      TNS(ns)  TNS Failing Endpoints  TNS Total Endpoints      WHS(ns)      THS(ns)  THS Failing Endpoints  THS Total Endpoints  
----------    --------          -------      -------  ---------------------  -------------------      -------      -------  ---------------------  -------------------  


------------------------------------------------------------------------------------------------
| Other Path Groups Table
| -----------------------
------------------------------------------------------------------------------------------------

Path Group    From Clock    To Clock          WNS(ns)      TNS(ns)  TNS Failing Endpoints  TNS Total Endpoints      WHS(ns)      THS(ns)  THS Failing Endpoints  THS Total Endpoints  
----------    ----------    --------          -------      -------  ---------------------  -------------------      -------      -------  ---------------------  -------------------  


------------------------------------------------------------------------------------------------
| Timing Details
| --------------
------------------------------------------------------------------------------------------------


---------------------------------------------------------------------------------------------------
From Clock:  sys_clk_pin
  To Clock:  sys_clk_pin

Setup :            0  Failing Endpoints,  Worst Slack        3.261ns,  Total Violation        0.000ns
Hold  :            0  Failing Endpoints,  Worst Slack        0.200ns,  Total Violation        0.000ns
PW    :            0  Failing Endpoints,  Worst Slack        3.500ns,  Total Violation        0.000ns
---------------------------------------------------------------------------------------------------


Max Delay Paths
--------------------------------------------------------------------------------------
Slack (MET) :             3.261ns  (required time - arrival time)
  Source:                 design_1_i/ps2_keyboard_to_ascii_0/U0/ps2_keyboard_0/ps2_code_reg[6]/C
                            (rising edge-triggered cell FDRE clocked by sys_clk_pin  {rise@0.000ns fall@4.000ns period=8.000ns})
  Destination:            design_1_i/ps2_keyboard_to_ascii_0/U0/ascii_reg[4]/D
                            (rising edge-triggered cell FDRE clocked by sys_clk_pin  {rise@0.000ns fall@4.000ns period=8.000ns})
  Path Group:             sys_clk_pin
  Path Type:              Setup (Max at Slow Process Corner)
  Requirement:            8.000ns  (sys_clk_pin rise@8.000ns - sys_clk_pin rise@0.000ns)
  Data Path Delay:        4.758ns  (logic 1.088ns (22.866%)  route 3.670ns (77.134%))
  Logic Levels:           4  (LUT4=1 LUT6=3)
  Clock Path Skew:        -0.025ns (DCD - SCD + CPR)
    Destination Clock Delay (DCD):    4.936ns = ( 12.936 - 8.000 ) 
    Source Clock Delay      (SCD):    5.389ns
    Clock Pessimism Removal (CPR):    0.428ns
  Clock Uncertainty:      0.035ns  ((TSJ^2 + TIJ^2)^1/2 + DJ) / 2 + PE
    Total System Jitter     (TSJ):    0.071ns
    Total Input Jitter      (TIJ):    0.000ns
    Discrete Jitter          (DJ):    0.000ns
    Phase Error              (PE):    0.000ns

    Location             Delay type                Incr(ns)  Path(ns)    Netlist Resource(s)
  -------------------------------------------------------------------    -------------------
                         (clock sys_clk_pin rise edge)
                                                      0.000     0.000 r  
    H16                                               0.000     0.000 r  clk (IN)
                         net (fo=0)                   0.000     0.000    clk
    H16                  IBUF (Prop_ibuf_I_O)         1.457     1.457 r  clk_IBUF_inst/O
                         net (fo=1, routed)           2.076     3.533    clk_IBUF
    BUFGCTRL_X0Y16       BUFG (Prop_bufg_I_O)         0.101     3.634 r  clk_IBUF_BUFG_inst/O
                         net (fo=128, routed)         1.755     5.389    design_1_i/ps2_keyboard_to_ascii_0/U0/ps2_keyboard_0/clk
    SLICE_X39Y46         FDRE                                         r  design_1_i/ps2_keyboard_to_ascii_0/U0/ps2_keyboard_0/ps2_code_reg[6]/C
  -------------------------------------------------------------------    -------------------
    SLICE_X39Y46         FDRE (Prop_fdre_C_Q)         0.419     5.808 r  design_1_i/ps2_keyboard_to_ascii_0/U0/ps2_keyboard_0/ps2_code_reg[6]/Q
                         net (fo=53, routed)          2.071     7.879    design_1_i/ps2_keyboard_to_ascii_0/U0/ps2_keyboard_0/ps2_code[6]
    SLICE_X43Y45         LUT6 (Prop_lut6_I0_O)        0.297     8.176 r  design_1_i/ps2_keyboard_to_ascii_0/U0/ps2_keyboard_0/ascii[4]_i_8/O
                         net (fo=1, routed)           0.729     8.905    design_1_i/ps2_keyboard_to_ascii_0/U0/ps2_keyboard_0/ascii[4]_i_8_n_0
    SLICE_X42Y45         LUT6 (Prop_lut6_I5_O)        0.124     9.029 r  design_1_i/ps2_keyboard_to_ascii_0/U0/ps2_keyboard_0/ascii[4]_i_4/O
                         net (fo=1, routed)           0.436     9.465    design_1_i/ps2_keyboard_to_ascii_0/U0/ps2_keyboard_0/ascii[4]_i_4_n_0
    SLICE_X42Y44         LUT6 (Prop_lut6_I1_O)        0.124     9.589 r  design_1_i/ps2_keyboard_to_ascii_0/U0/ps2_keyboard_0/ascii[4]_i_3/O
                         net (fo=1, routed)           0.434    10.023    design_1_i/ps2_keyboard_to_ascii_0/U0/ps2_keyboard_0/ascii[4]_i_3_n_0
    SLICE_X38Y44         LUT4 (Prop_lut4_I3_O)        0.124    10.147 r  design_1_i/ps2_keyboard_to_ascii_0/U0/ps2_keyboard_0/ascii[4]_i_1/O
                         net (fo=1, routed)           0.000    10.147    design_1_i/ps2_keyboard_to_ascii_0/U0/ascii[4]
    SLICE_X38Y44         FDRE                                         r  design_1_i/ps2_keyboard_to_ascii_0/U0/ascii_reg[4]/D
  -------------------------------------------------------------------    -------------------

                         (clock sys_clk_pin rise edge)
                                                      8.000     8.000 r  
    H16                                               0.000     8.000 r  clk (IN)
                         net (fo=0)                   0.000     8.000    clk
    H16                  IBUF (Prop_ibuf_I_O)         1.387     9.387 r  clk_IBUF_inst/O
                         net (fo=1, routed)           1.880    11.267    clk_IBUF
    BUFGCTRL_X0Y16       BUFG (Prop_bufg_I_O)         0.091    11.358 r  clk_IBUF_BUFG_inst/O
                         net (fo=128, routed)         1.578    12.936    design_1_i/ps2_keyboard_to_ascii_0/U0/clk
    SLICE_X38Y44         FDRE                                         r  design_1_i/ps2_keyboard_to_ascii_0/U0/ascii_reg[4]/C
                         clock pessimism              0.428    13.364    
                         clock uncertainty           -0.035    13.329    
    SLICE_X38Y44         FDRE (Setup_fdre_C_D)        0.079    13.408    design_1_i/ps2_keyboard_to_ascii_0/U0/ascii_reg[4]
  -------------------------------------------------------------------
                         required time                         13.408    
                         arrival time                         -10.147    
  -------------------------------------------------------------------
                         slack                                  3.261    

Slack (MET) :             3.528ns  (required time - arrival time)
  Source:                 design_1_i/ps2_keyboard_to_ascii_0/U0/ps2_keyboard_0/ps2_code_reg[4]/C
                            (rising edge-triggered cell FDRE clocked by sys_clk_pin  {rise@0.000ns fall@4.000ns period=8.000ns})
  Destination:            design_1_i/ps2_keyboard_to_ascii_0/U0/ascii_reg[1]/CE
                            (rising edge-triggered cell FDRE clocked by sys_clk_pin  {rise@0.000ns fall@4.000ns period=8.000ns})
  Path Group:             sys_clk_pin
  Path Type:              Setup (Max at Slow Process Corner)
  Requirement:            8.000ns  (sys_clk_pin rise@8.000ns - sys_clk_pin rise@0.000ns)
  Data Path Delay:        4.170ns  (logic 1.090ns (26.136%)  route 3.080ns (73.864%))
  Logic Levels:           4  (LUT2=1 LUT5=1 LUT6=2)
  Clock Path Skew:        -0.061ns (DCD - SCD + CPR)
    Destination Clock Delay (DCD):    4.937ns = ( 12.937 - 8.000 ) 
    Source Clock Delay      (SCD):    5.389ns
    Clock Pessimism Removal (CPR):    0.391ns
  Clock Uncertainty:      0.035ns  ((TSJ^2 + TIJ^2)^1/2 + DJ) / 2 + PE
    Total System Jitter     (TSJ):    0.071ns
    Total Input Jitter      (TIJ):    0.000ns
    Discrete Jitter          (DJ):    0.000ns
    Phase Error              (PE):    0.000ns

    Location             Delay type                Incr(ns)  Path(ns)    Netlist Resource(s)
  -------------------------------------------------------------------    -------------------
                         (clock sys_clk_pin rise edge)
                                                      0.000     0.000 r  
    H16                                               0.000     0.000 r  clk (IN)
                         net (fo=0)                   0.000     0.000    clk
    H16                  IBUF (Prop_ibuf_I_O)         1.457     1.457 r  clk_IBUF_inst/O
                         net (fo=1, routed)           2.076     3.533    clk_IBUF
    BUFGCTRL_X0Y16       BUFG (Prop_bufg_I_O)         0.101     3.634 r  clk_IBUF_BUFG_inst/O
                         net (fo=128, routed)         1.755     5.389    design_1_i/ps2_keyboard_to_ascii_0/U0/ps2_keyboard_0/clk
    SLICE_X39Y46         FDRE                                         r  design_1_i/ps2_keyboard_to_ascii_0/U0/ps2_keyboard_0/ps2_code_reg[4]/C
  -------------------------------------------------------------------    -------------------
    SLICE_X39Y46         FDRE (Prop_fdre_C_Q)         0.419     5.808 r  design_1_i/ps2_keyboard_to_ascii_0/U0/ps2_keyboard_0/ps2_code_reg[4]/Q
                         net (fo=60, routed)          1.083     6.891    design_1_i/ps2_keyboard_to_ascii_0/U0/ps2_keyboard_0/ps2_code[4]
    SLICE_X39Y45         LUT6 (Prop_lut6_I2_O)        0.299     7.190 r  design_1_i/ps2_keyboard_to_ascii_0/U0/ps2_keyboard_0/ascii[6]_i_10/O
                         net (fo=1, routed)           0.402     7.592    design_1_i/ps2_keyboard_to_ascii_0/U0/ps2_keyboard_0/ascii[6]_i_10_n_0
    SLICE_X39Y45         LUT6 (Prop_lut6_I0_O)        0.124     7.716 r  design_1_i/ps2_keyboard_to_ascii_0/U0/ps2_keyboard_0/ascii[6]_i_6/O
                         net (fo=1, routed)           0.526     8.242    design_1_i/ps2_keyboard_to_ascii_0/U0/ps2_keyboard_0/ascii[6]_i_6_n_0
    SLICE_X38Y45         LUT5 (Prop_lut5_I0_O)        0.124     8.366 r  design_1_i/ps2_keyboard_to_ascii_0/U0/ps2_keyboard_0/ascii[6]_i_3/O
                         net (fo=2, routed)           0.560     8.927    design_1_i/ps2_keyboard_to_ascii_0/U0/ps2_keyboard_0/control_l_reg
    SLICE_X37Y43         LUT2 (Prop_lut2_I0_O)        0.124     9.051 r  design_1_i/ps2_keyboard_to_ascii_0/U0/ps2_keyboard_0/ascii[6]_i_1/O
                         net (fo=7, routed)           0.509     9.560    design_1_i/ps2_keyboard_to_ascii_0/U0/ps2_keyboard_0_n_8
    SLICE_X40Y44         FDRE                                         r  design_1_i/ps2_keyboard_to_ascii_0/U0/ascii_reg[1]/CE
  -------------------------------------------------------------------    -------------------

                         (clock sys_clk_pin rise edge)
                                                      8.000     8.000 r  
    H16                                               0.000     8.000 r  clk (IN)
                         net (fo=0)                   0.000     8.000    clk
    H16                  IBUF (Prop_ibuf_I_O)         1.387     9.387 r  clk_IBUF_inst/O
                         net (fo=1, routed)           1.880    11.267    clk_IBUF
    BUFGCTRL_X0Y16       BUFG (Prop_bufg_I_O)         0.091    11.358 r  clk_IBUF_BUFG_inst/O
                         net (fo=128, routed)         1.579    12.937    design_1_i/ps2_keyboard_to_ascii_0/U0/clk
    SLICE_X40Y44         FDRE                                         r  design_1_i/ps2_keyboard_to_ascii_0/U0/ascii_reg[1]/C
                         clock pessimism              0.391    13.328    
                         clock uncertainty           -0.035    13.293    
    SLICE_X40Y44         FDRE (Setup_fdre_C_CE)      -0.205    13.088    design_1_i/ps2_keyboard_to_ascii_0/U0/ascii_reg[1]
  -------------------------------------------------------------------
                         required time                         13.088    
                         arrival time                          -9.560    
  -------------------------------------------------------------------
                         slack                                  3.528    

Slack (MET) :             3.530ns  (required time - arrival time)
  Source:                 design_1_i/ps2_keyboard_to_ascii_0/U0/ps2_keyboard_0/ps2_code_reg[5]/C
                            (rising edge-triggered cell FDRE clocked by sys_clk_pin  {rise@0.000ns fall@4.000ns period=8.000ns})
  Destination:            design_1_i/ps2_keyboard_to_ascii_0/U0/ascii_reg[5]/D
                            (rising edge-triggered cell FDRE clocked by sys_clk_pin  {rise@0.000ns fall@4.000ns period=8.000ns})
  Path Group:             sys_clk_pin
  Path Type:              Setup (Max at Slow Process Corner)
  Requirement:            8.000ns  (sys_clk_pin rise@8.000ns - sys_clk_pin rise@0.000ns)
  Data Path Delay:        4.405ns  (logic 1.504ns (34.144%)  route 2.901ns (65.856%))
  Logic Levels:           5  (LUT4=1 LUT6=2 MUXF7=1 MUXF8=1)
  Clock Path Skew:        -0.061ns (DCD - SCD + CPR)
    Destination Clock Delay (DCD):    4.937ns = ( 12.937 - 8.000 ) 
    Source Clock Delay      (SCD):    5.389ns
    Clock Pessimism Removal (CPR):    0.391ns
  Clock Uncertainty:      0.035ns  ((TSJ^2 + TIJ^2)^1/2 + DJ) / 2 + PE
    Total System Jitter     (TSJ):    0.071ns
    Total Input Jitter      (TIJ):    0.000ns
    Discrete Jitter          (DJ):    0.000ns
    Phase Error              (PE):    0.000ns

    Location             Delay type                Incr(ns)  Path(ns)    Netlist Resource(s)
  -------------------------------------------------------------------    -------------------
                         (clock sys_clk_pin rise edge)
                                                      0.000     0.000 r  
    H16                                               0.000     0.000 r  clk (IN)
                         net (fo=0)                   0.000     0.000    clk
    H16                  IBUF (Prop_ibuf_I_O)         1.457     1.457 r  clk_IBUF_inst/O
                         net (fo=1, routed)           2.076     3.533    clk_IBUF
    BUFGCTRL_X0Y16       BUFG (Prop_bufg_I_O)         0.101     3.634 r  clk_IBUF_BUFG_inst/O
                         net (fo=128, routed)         1.755     5.389    design_1_i/ps2_keyboard_to_ascii_0/U0/ps2_keyboard_0/clk
    SLICE_X39Y46         FDRE                                         r  design_1_i/ps2_keyboard_to_ascii_0/U0/ps2_keyboard_0/ps2_code_reg[5]/C
  -------------------------------------------------------------------    -------------------
    SLICE_X39Y46         FDRE (Prop_fdre_C_Q)         0.419     5.808 r  design_1_i/ps2_keyboard_to_ascii_0/U0/ps2_keyboard_0/ps2_code_reg[5]/Q
                         net (fo=52, routed)          1.718     7.526    design_1_i/ps2_keyboard_to_ascii_0/U0/ps2_keyboard_0/ps2_code[5]
    SLICE_X41Y44         LUT6 (Prop_lut6_I1_O)        0.296     7.822 r  design_1_i/ps2_keyboard_to_ascii_0/U0/ps2_keyboard_0/ascii[5]_i_11/O
                         net (fo=1, routed)           0.000     7.822    design_1_i/ps2_keyboard_to_ascii_0/U0/ps2_keyboard_0/ascii[5]_i_11_n_0
    SLICE_X41Y44         MUXF7 (Prop_muxf7_I1_O)      0.245     8.067 r  design_1_i/ps2_keyboard_to_ascii_0/U0/ps2_keyboard_0/ascii_reg[5]_i_6/O
                         net (fo=1, routed)           0.000     8.067    design_1_i/ps2_keyboard_to_ascii_0/U0/ps2_keyboard_0/ascii_reg[5]_i_6_n_0
    SLICE_X41Y44         MUXF8 (Prop_muxf8_I0_O)      0.104     8.171 r  design_1_i/ps2_keyboard_to_ascii_0/U0/ps2_keyboard_0/ascii_reg[5]_i_3/O
                         net (fo=1, routed)           0.583     8.754    design_1_i/ps2_keyboard_to_ascii_0/U0/ps2_keyboard_0/ascii_reg[5]_i_3_n_0
    SLICE_X39Y44         LUT6 (Prop_lut6_I1_O)        0.316     9.070 r  design_1_i/ps2_keyboard_to_ascii_0/U0/ps2_keyboard_0/ascii[5]_i_2/O
                         net (fo=1, routed)           0.600     9.670    design_1_i/ps2_keyboard_to_ascii_0/U0/ps2_keyboard_0/ascii[5]_i_2_n_0
    SLICE_X40Y43         LUT4 (Prop_lut4_I3_O)        0.124     9.794 r  design_1_i/ps2_keyboard_to_ascii_0/U0/ps2_keyboard_0/ascii[5]_i_1/O
                         net (fo=1, routed)           0.000     9.794    design_1_i/ps2_keyboard_to_ascii_0/U0/ascii[5]
    SLICE_X40Y43         FDRE                                         r  design_1_i/ps2_keyboard_to_ascii_0/U0/ascii_reg[5]/D
  -------------------------------------------------------------------    -------------------

                         (clock sys_clk_pin rise edge)
                                                      8.000     8.000 r  
    H16                                               0.000     8.000 r  clk (IN)
                         net (fo=0)                   0.000     8.000    clk
    H16                  IBUF (Prop_ibuf_I_O)         1.387     9.387 r  clk_IBUF_inst/O
                         net (fo=1, routed)           1.880    11.267    clk_IBUF
    BUFGCTRL_X0Y16       BUFG (Prop_bufg_I_O)         0.091    11.358 r  clk_IBUF_BUFG_inst/O
                         net (fo=128, routed)         1.579    12.937    design_1_i/ps2_keyboard_to_ascii_0/U0/clk
    SLICE_X40Y43         FDRE                                         r  design_1_i/ps2_keyboard_to_ascii_0/U0/ascii_reg[5]/C
                         clock pessimism              0.391    13.328    
                         clock uncertainty           -0.035    13.293    
    SLICE_X40Y43         FDRE (Setup_fdre_C_D)        0.031    13.324    design_1_i/ps2_keyboard_to_ascii_0/U0/ascii_reg[5]
  -------------------------------------------------------------------
                         required time                         13.324    
                         arrival time                          -9.794    
  -------------------------------------------------------------------
                         slack                                  3.530    

Slack (MET) :             3.530ns  (required time - arrival time)
  Source:                 design_1_i/ps2_keyboard_to_ascii_0/U0/ps2_keyboard_0/ps2_code_reg[2]/C
                            (rising edge-triggered cell FDRE clocked by sys_clk_pin  {rise@0.000ns fall@4.000ns period=8.000ns})
  Destination:            design_1_i/ps2_keyboard_to_ascii_0/U0/FSM_sequential_state_reg[1]/D
                            (rising edge-triggered cell FDRE clocked by sys_clk_pin  {rise@0.000ns fall@4.000ns period=8.000ns})
  Path Group:             sys_clk_pin
  Path Type:              Setup (Max at Slow Process Corner)
  Requirement:            8.000ns  (sys_clk_pin rise@8.000ns - sys_clk_pin rise@0.000ns)
  Data Path Delay:        4.126ns  (logic 1.094ns (26.518%)  route 3.032ns (73.482%))
  Logic Levels:           3  (LUT3=1 LUT4=1 LUT6=1)
  Clock Path Skew:        -0.025ns (DCD - SCD + CPR)
    Destination Clock Delay (DCD):    4.936ns = ( 12.936 - 8.000 ) 
    Source Clock Delay      (SCD):    5.389ns
    Clock Pessimism Removal (CPR):    0.428ns
  Clock Uncertainty:      0.035ns  ((TSJ^2 + TIJ^2)^1/2 + DJ) / 2 + PE
    Total System Jitter     (TSJ):    0.071ns
    Total Input Jitter      (TIJ):    0.000ns
    Discrete Jitter          (DJ):    0.000ns
    Phase Error              (PE):    0.000ns

    Location             Delay type                Incr(ns)  Path(ns)    Netlist Resource(s)
  -------------------------------------------------------------------    -------------------
                         (clock sys_clk_pin rise edge)
                                                      0.000     0.000 r  
    H16                                               0.000     0.000 r  clk (IN)
                         net (fo=0)                   0.000     0.000    clk
    H16                  IBUF (Prop_ibuf_I_O)         1.457     1.457 r  clk_IBUF_inst/O
                         net (fo=1, routed)           2.076     3.533    clk_IBUF
    BUFGCTRL_X0Y16       BUFG (Prop_bufg_I_O)         0.101     3.634 r  clk_IBUF_BUFG_inst/O
                         net (fo=128, routed)         1.755     5.389    design_1_i/ps2_keyboard_to_ascii_0/U0/ps2_keyboard_0/clk
    SLICE_X39Y46         FDRE                                         r  design_1_i/ps2_keyboard_to_ascii_0/U0/ps2_keyboard_0/ps2_code_reg[2]/C
  -------------------------------------------------------------------    -------------------
    SLICE_X39Y46         FDRE (Prop_fdre_C_Q)         0.456     5.845 r  design_1_i/ps2_keyboard_to_ascii_0/U0/ps2_keyboard_0/ps2_code_reg[2]/Q
                         net (fo=57, routed)          1.411     7.257    design_1_i/ps2_keyboard_to_ascii_0/U0/ps2_keyboard_0/ps2_code[2]
    SLICE_X36Y44         LUT3 (Prop_lut3_I1_O)        0.152     7.409 r  design_1_i/ps2_keyboard_to_ascii_0/U0/ps2_keyboard_0/FSM_sequential_state[1]_i_3/O
                         net (fo=1, routed)           0.288     7.696    design_1_i/ps2_keyboard_to_ascii_0/U0/ps2_keyboard_0/FSM_sequential_state[1]_i_3_n_0
    SLICE_X36Y44         LUT6 (Prop_lut6_I2_O)        0.332     8.028 r  design_1_i/ps2_keyboard_to_ascii_0/U0/ps2_keyboard_0/FSM_sequential_state[1]_i_2/O
                         net (fo=2, routed)           0.809     8.837    design_1_i/ps2_keyboard_to_ascii_0/U0/ps2_keyboard_0/ps2_code_reg[7]_0
    SLICE_X37Y43         LUT4 (Prop_lut4_I0_O)        0.154     8.991 r  design_1_i/ps2_keyboard_to_ascii_0/U0/ps2_keyboard_0/FSM_sequential_state[1]_i_1/O
                         net (fo=1, routed)           0.524     9.515    design_1_i/ps2_keyboard_to_ascii_0/U0/ps2_keyboard_0_n_10
    SLICE_X36Y43         FDRE                                         r  design_1_i/ps2_keyboard_to_ascii_0/U0/FSM_sequential_state_reg[1]/D
  -------------------------------------------------------------------    -------------------

                         (clock sys_clk_pin rise edge)
                                                      8.000     8.000 r  
    H16                                               0.000     8.000 r  clk (IN)
                         net (fo=0)                   0.000     8.000    clk
    H16                  IBUF (Prop_ibuf_I_O)         1.387     9.387 r  clk_IBUF_inst/O
                         net (fo=1, routed)           1.880    11.267    clk_IBUF
    BUFGCTRL_X0Y16       BUFG (Prop_bufg_I_O)         0.091    11.358 r  clk_IBUF_BUFG_inst/O
                         net (fo=128, routed)         1.578    12.936    design_1_i/ps2_keyboard_to_ascii_0/U0/clk
    SLICE_X36Y43         FDRE                                         r  design_1_i/ps2_keyboard_to_ascii_0/U0/FSM_sequential_state_reg[1]/C
                         clock pessimism              0.428    13.364    
                         clock uncertainty           -0.035    13.329    
    SLICE_X36Y43         FDRE (Setup_fdre_C_D)       -0.284    13.045    design_1_i/ps2_keyboard_to_ascii_0/U0/FSM_sequential_state_reg[1]
  -------------------------------------------------------------------
                         required time                         13.045    
                         arrival time                          -9.515    
  -------------------------------------------------------------------
                         slack                                  3.530    

Slack (MET) :             3.562ns  (required time - arrival time)
  Source:                 design_1_i/ps2_keyboard_to_ascii_0/U0/ps2_keyboard_0/ps2_code_reg[4]/C
                            (rising edge-triggered cell FDRE clocked by sys_clk_pin  {rise@0.000ns fall@4.000ns period=8.000ns})
  Destination:            design_1_i/ps2_keyboard_to_ascii_0/U0/ascii_reg[0]/CE
                            (rising edge-triggered cell FDRE clocked by sys_clk_pin  {rise@0.000ns fall@4.000ns period=8.000ns})
  Path Group:             sys_clk_pin
  Path Type:              Setup (Max at Slow Process Corner)
  Requirement:            8.000ns  (sys_clk_pin rise@8.000ns - sys_clk_pin rise@0.000ns)
  Data Path Delay:        4.208ns  (logic 1.090ns (25.900%)  route 3.118ns (74.100%))
  Logic Levels:           4  (LUT2=1 LUT5=1 LUT6=2)
  Clock Path Skew:        -0.025ns (DCD - SCD + CPR)
    Destination Clock Delay (DCD):    4.936ns = ( 12.936 - 8.000 ) 
    Source Clock Delay      (SCD):    5.389ns
    Clock Pessimism Removal (CPR):    0.428ns
  Clock Uncertainty:      0.035ns  ((TSJ^2 + TIJ^2)^1/2 + DJ) / 2 + PE
    Total System Jitter     (TSJ):    0.071ns
    Total Input Jitter      (TIJ):    0.000ns
    Discrete Jitter          (DJ):    0.000ns
    Phase Error              (PE):    0.000ns

    Location             Delay type                Incr(ns)  Path(ns)    Netlist Resource(s)
  -------------------------------------------------------------------    -------------------
                         (clock sys_clk_pin rise edge)
                                                      0.000     0.000 r  
    H16                                               0.000     0.000 r  clk (IN)
                         net (fo=0)                   0.000     0.000    clk
    H16                  IBUF (Prop_ibuf_I_O)         1.457     1.457 r  clk_IBUF_inst/O
                         net (fo=1, routed)           2.076     3.533    clk_IBUF
    BUFGCTRL_X0Y16       BUFG (Prop_bufg_I_O)         0.101     3.634 r  clk_IBUF_BUFG_inst/O
                         net (fo=128, routed)         1.755     5.389    design_1_i/ps2_keyboard_to_ascii_0/U0/ps2_keyboard_0/clk
    SLICE_X39Y46         FDRE                                         r  design_1_i/ps2_keyboard_to_ascii_0/U0/ps2_keyboard_0/ps2_code_reg[4]/C
  -------------------------------------------------------------------    -------------------
    SLICE_X39Y46         FDRE (Prop_fdre_C_Q)         0.419     5.808 r  design_1_i/ps2_keyboard_to_ascii_0/U0/ps2_keyboard_0/ps2_code_reg[4]/Q
                         net (fo=60, routed)          1.083     6.891    design_1_i/ps2_keyboard_to_ascii_0/U0/ps2_keyboard_0/ps2_code[4]
    SLICE_X39Y45         LUT6 (Prop_lut6_I2_O)        0.299     7.190 r  design_1_i/ps2_keyboard_to_ascii_0/U0/ps2_keyboard_0/ascii[6]_i_10/O
                         net (fo=1, routed)           0.402     7.592    design_1_i/ps2_keyboard_to_ascii_0/U0/ps2_keyboard_0/ascii[6]_i_10_n_0
    SLICE_X39Y45         LUT6 (Prop_lut6_I0_O)        0.124     7.716 r  design_1_i/ps2_keyboard_to_ascii_0/U0/ps2_keyboard_0/ascii[6]_i_6/O
                         net (fo=1, routed)           0.526     8.242    design_1_i/ps2_keyboard_to_ascii_0/U0/ps2_keyboard_0/ascii[6]_i_6_n_0
    SLICE_X38Y45         LUT5 (Prop_lut5_I0_O)        0.124     8.366 r  design_1_i/ps2_keyboard_to_ascii_0/U0/ps2_keyboard_0/ascii[6]_i_3/O
                         net (fo=2, routed)           0.560     8.927    design_1_i/ps2_keyboard_to_ascii_0/U0/ps2_keyboard_0/control_l_reg
    SLICE_X37Y43         LUT2 (Prop_lut2_I0_O)        0.124     9.051 r  design_1_i/ps2_keyboard_to_ascii_0/U0/ps2_keyboard_0/ascii[6]_i_1/O
                         net (fo=7, routed)           0.547     9.598    design_1_i/ps2_keyboard_to_ascii_0/U0/ps2_keyboard_0_n_8
    SLICE_X38Y43         FDRE                                         r  design_1_i/ps2_keyboard_to_ascii_0/U0/ascii_reg[0]/CE
  -------------------------------------------------------------------    -------------------

                         (clock sys_clk_pin rise edge)
                                                      8.000     8.000 r  
    H16                                               0.000     8.000 r  clk (IN)
                         net (fo=0)                   0.000     8.000    clk
    H16                  IBUF (Prop_ibuf_I_O)         1.387     9.387 r  clk_IBUF_inst/O
                         net (fo=1, routed)           1.880    11.267    clk_IBUF
    BUFGCTRL_X0Y16       BUFG (Prop_bufg_I_O)         0.091    11.358 r  clk_IBUF_BUFG_inst/O
                         net (fo=128, routed)         1.578    12.936    design_1_i/ps2_keyboard_to_ascii_0/U0/clk
    SLICE_X38Y43         FDRE                                         r  design_1_i/ps2_keyboard_to_ascii_0/U0/ascii_reg[0]/C
                         clock pessimism              0.428    13.364    
                         clock uncertainty           -0.035    13.329    
    SLICE_X38Y43         FDRE (Setup_fdre_C_CE)      -0.169    13.160    design_1_i/ps2_keyboard_to_ascii_0/U0/ascii_reg[0]
  -------------------------------------------------------------------
                         required time                         13.160    
                         arrival time                          -9.598    
  -------------------------------------------------------------------
                         slack                                  3.562    

Slack (MET) :             3.562ns  (required time - arrival time)
  Source:                 design_1_i/ps2_keyboard_to_ascii_0/U0/ps2_keyboard_0/ps2_code_reg[4]/C
                            (rising edge-triggered cell FDRE clocked by sys_clk_pin  {rise@0.000ns fall@4.000ns period=8.000ns})
  Destination:            design_1_i/ps2_keyboard_to_ascii_0/U0/ascii_reg[2]/CE
                            (rising edge-triggered cell FDRE clocked by sys_clk_pin  {rise@0.000ns fall@4.000ns period=8.000ns})
  Path Group:             sys_clk_pin
  Path Type:              Setup (Max at Slow Process Corner)
  Requirement:            8.000ns  (sys_clk_pin rise@8.000ns - sys_clk_pin rise@0.000ns)
  Data Path Delay:        4.208ns  (logic 1.090ns (25.900%)  route 3.118ns (74.100%))
  Logic Levels:           4  (LUT2=1 LUT5=1 LUT6=2)
  Clock Path Skew:        -0.025ns (DCD - SCD + CPR)
    Destination Clock Delay (DCD):    4.936ns = ( 12.936 - 8.000 ) 
    Source Clock Delay      (SCD):    5.389ns
    Clock Pessimism Removal (CPR):    0.428ns
  Clock Uncertainty:      0.035ns  ((TSJ^2 + TIJ^2)^1/2 + DJ) / 2 + PE
    Total System Jitter     (TSJ):    0.071ns
    Total Input Jitter      (TIJ):    0.000ns
    Discrete Jitter          (DJ):    0.000ns
    Phase Error              (PE):    0.000ns

    Location             Delay type                Incr(ns)  Path(ns)    Netlist Resource(s)
  -------------------------------------------------------------------    -------------------
                         (clock sys_clk_pin rise edge)
                                                      0.000     0.000 r  
    H16                                               0.000     0.000 r  clk (IN)
                         net (fo=0)                   0.000     0.000    clk
    H16                  IBUF (Prop_ibuf_I_O)         1.457     1.457 r  clk_IBUF_inst/O
                         net (fo=1, routed)           2.076     3.533    clk_IBUF
    BUFGCTRL_X0Y16       BUFG (Prop_bufg_I_O)         0.101     3.634 r  clk_IBUF_BUFG_inst/O
                         net (fo=128, routed)         1.755     5.389    design_1_i/ps2_keyboard_to_ascii_0/U0/ps2_keyboard_0/clk
    SLICE_X39Y46         FDRE                                         r  design_1_i/ps2_keyboard_to_ascii_0/U0/ps2_keyboard_0/ps2_code_reg[4]/C
  -------------------------------------------------------------------    -------------------
    SLICE_X39Y46         FDRE (Prop_fdre_C_Q)         0.419     5.808 r  design_1_i/ps2_keyboard_to_ascii_0/U0/ps2_keyboard_0/ps2_code_reg[4]/Q
                         net (fo=60, routed)          1.083     6.891    design_1_i/ps2_keyboard_to_ascii_0/U0/ps2_keyboard_0/ps2_code[4]
    SLICE_X39Y45         LUT6 (Prop_lut6_I2_O)        0.299     7.190 r  design_1_i/ps2_keyboard_to_ascii_0/U0/ps2_keyboard_0/ascii[6]_i_10/O
                         net (fo=1, routed)           0.402     7.592    design_1_i/ps2_keyboard_to_ascii_0/U0/ps2_keyboard_0/ascii[6]_i_10_n_0
    SLICE_X39Y45         LUT6 (Prop_lut6_I0_O)        0.124     7.716 r  design_1_i/ps2_keyboard_to_ascii_0/U0/ps2_keyboard_0/ascii[6]_i_6/O
                         net (fo=1, routed)           0.526     8.242    design_1_i/ps2_keyboard_to_ascii_0/U0/ps2_keyboard_0/ascii[6]_i_6_n_0
    SLICE_X38Y45         LUT5 (Prop_lut5_I0_O)        0.124     8.366 r  design_1_i/ps2_keyboard_to_ascii_0/U0/ps2_keyboard_0/ascii[6]_i_3/O
                         net (fo=2, routed)           0.560     8.927    design_1_i/ps2_keyboard_to_ascii_0/U0/ps2_keyboard_0/control_l_reg
    SLICE_X37Y43         LUT2 (Prop_lut2_I0_O)        0.124     9.051 r  design_1_i/ps2_keyboard_to_ascii_0/U0/ps2_keyboard_0/ascii[6]_i_1/O
                         net (fo=7, routed)           0.547     9.598    design_1_i/ps2_keyboard_to_ascii_0/U0/ps2_keyboard_0_n_8
    SLICE_X38Y43         FDRE                                         r  design_1_i/ps2_keyboard_to_ascii_0/U0/ascii_reg[2]/CE
  -------------------------------------------------------------------    -------------------

                         (clock sys_clk_pin rise edge)
                                                      8.000     8.000 r  
    H16                                               0.000     8.000 r  clk (IN)
                         net (fo=0)                   0.000     8.000    clk
    H16                  IBUF (Prop_ibuf_I_O)         1.387     9.387 r  clk_IBUF_inst/O
                         net (fo=1, routed)           1.880    11.267    clk_IBUF
    BUFGCTRL_X0Y16       BUFG (Prop_bufg_I_O)         0.091    11.358 r  clk_IBUF_BUFG_inst/O
                         net (fo=128, routed)         1.578    12.936    design_1_i/ps2_keyboard_to_ascii_0/U0/clk
    SLICE_X38Y43         FDRE                                         r  design_1_i/ps2_keyboard_to_ascii_0/U0/ascii_reg[2]/C
                         clock pessimism              0.428    13.364    
                         clock uncertainty           -0.035    13.329    
    SLICE_X38Y43         FDRE (Setup_fdre_C_CE)      -0.169    13.160    design_1_i/ps2_keyboard_to_ascii_0/U0/ascii_reg[2]
  -------------------------------------------------------------------
                         required time                         13.160    
                         arrival time                          -9.598    
  -------------------------------------------------------------------
                         slack                                  3.562    

Slack (MET) :             3.668ns  (required time - arrival time)
  Source:                 design_1_i/ps2_keyboard_to_ascii_0/U0/ps2_keyboard_0/ps2_code_reg[4]/C
                            (rising edge-triggered cell FDRE clocked by sys_clk_pin  {rise@0.000ns fall@4.000ns period=8.000ns})
  Destination:            design_1_i/ps2_keyboard_to_ascii_0/U0/ascii_reg[5]/CE
                            (rising edge-triggered cell FDRE clocked by sys_clk_pin  {rise@0.000ns fall@4.000ns period=8.000ns})
  Path Group:             sys_clk_pin
  Path Type:              Setup (Max at Slow Process Corner)
  Requirement:            8.000ns  (sys_clk_pin rise@8.000ns - sys_clk_pin rise@0.000ns)
  Data Path Delay:        4.031ns  (logic 1.090ns (27.043%)  route 2.941ns (72.957%))
  Logic Levels:           4  (LUT2=1 LUT5=1 LUT6=2)
  Clock Path Skew:        -0.061ns (DCD - SCD + CPR)
    Destination Clock Delay (DCD):    4.937ns = ( 12.937 - 8.000 ) 
    Source Clock Delay      (SCD):    5.389ns
    Clock Pessimism Removal (CPR):    0.391ns
  Clock Uncertainty:      0.035ns  ((TSJ^2 + TIJ^2)^1/2 + DJ) / 2 + PE
    Total System Jitter     (TSJ):    0.071ns
    Total Input Jitter      (TIJ):    0.000ns
    Discrete Jitter          (DJ):    0.000ns
    Phase Error              (PE):    0.000ns

    Location             Delay type                Incr(ns)  Path(ns)    Netlist Resource(s)
  -------------------------------------------------------------------    -------------------
                         (clock sys_clk_pin rise edge)
                                                      0.000     0.000 r  
    H16                                               0.000     0.000 r  clk (IN)
                         net (fo=0)                   0.000     0.000    clk
    H16                  IBUF (Prop_ibuf_I_O)         1.457     1.457 r  clk_IBUF_inst/O
                         net (fo=1, routed)           2.076     3.533    clk_IBUF
    BUFGCTRL_X0Y16       BUFG (Prop_bufg_I_O)         0.101     3.634 r  clk_IBUF_BUFG_inst/O
                         net (fo=128, routed)         1.755     5.389    design_1_i/ps2_keyboard_to_ascii_0/U0/ps2_keyboard_0/clk
    SLICE_X39Y46         FDRE                                         r  design_1_i/ps2_keyboard_to_ascii_0/U0/ps2_keyboard_0/ps2_code_reg[4]/C
  -------------------------------------------------------------------    -------------------
    SLICE_X39Y46         FDRE (Prop_fdre_C_Q)         0.419     5.808 r  design_1_i/ps2_keyboard_to_ascii_0/U0/ps2_keyboard_0/ps2_code_reg[4]/Q
                         net (fo=60, routed)          1.083     6.891    design_1_i/ps2_keyboard_to_ascii_0/U0/ps2_keyboard_0/ps2_code[4]
    SLICE_X39Y45         LUT6 (Prop_lut6_I2_O)        0.299     7.190 r  design_1_i/ps2_keyboard_to_ascii_0/U0/ps2_keyboard_0/ascii[6]_i_10/O
                         net (fo=1, routed)           0.402     7.592    design_1_i/ps2_keyboard_to_ascii_0/U0/ps2_keyboard_0/ascii[6]_i_10_n_0
    SLICE_X39Y45         LUT6 (Prop_lut6_I0_O)        0.124     7.716 r  design_1_i/ps2_keyboard_to_ascii_0/U0/ps2_keyboard_0/ascii[6]_i_6/O
                         net (fo=1, routed)           0.526     8.242    design_1_i/ps2_keyboard_to_ascii_0/U0/ps2_keyboard_0/ascii[6]_i_6_n_0
    SLICE_X38Y45         LUT5 (Prop_lut5_I0_O)        0.124     8.366 r  design_1_i/ps2_keyboard_to_ascii_0/U0/ps2_keyboard_0/ascii[6]_i_3/O
                         net (fo=2, routed)           0.560     8.927    design_1_i/ps2_keyboard_to_ascii_0/U0/ps2_keyboard_0/control_l_reg
    SLICE_X37Y43         LUT2 (Prop_lut2_I0_O)        0.124     9.051 r  design_1_i/ps2_keyboard_to_ascii_0/U0/ps2_keyboard_0/ascii[6]_i_1/O
                         net (fo=7, routed)           0.369     9.420    design_1_i/ps2_keyboard_to_ascii_0/U0/ps2_keyboard_0_n_8
    SLICE_X40Y43         FDRE                                         r  design_1_i/ps2_keyboard_to_ascii_0/U0/ascii_reg[5]/CE
  -------------------------------------------------------------------    -------------------

                         (clock sys_clk_pin rise edge)
                                                      8.000     8.000 r  
    H16                                               0.000     8.000 r  clk (IN)
                         net (fo=0)                   0.000     8.000    clk
    H16                  IBUF (Prop_ibuf_I_O)         1.387     9.387 r  clk_IBUF_inst/O
                         net (fo=1, routed)           1.880    11.267    clk_IBUF
    BUFGCTRL_X0Y16       BUFG (Prop_bufg_I_O)         0.091    11.358 r  clk_IBUF_BUFG_inst/O
                         net (fo=128, routed)         1.579    12.937    design_1_i/ps2_keyboard_to_ascii_0/U0/clk
    SLICE_X40Y43         FDRE                                         r  design_1_i/ps2_keyboard_to_ascii_0/U0/ascii_reg[5]/C
                         clock pessimism              0.391    13.328    
                         clock uncertainty           -0.035    13.293    
    SLICE_X40Y43         FDRE (Setup_fdre_C_CE)      -0.205    13.088    design_1_i/ps2_keyboard_to_ascii_0/U0/ascii_reg[5]
  -------------------------------------------------------------------
                         required time                         13.088    
                         arrival time                          -9.420    
  -------------------------------------------------------------------
                         slack                                  3.668    

Slack (MET) :             3.668ns  (required time - arrival time)
  Source:                 design_1_i/ps2_keyboard_to_ascii_0/U0/ps2_keyboard_0/ps2_code_reg[4]/C
                            (rising edge-triggered cell FDRE clocked by sys_clk_pin  {rise@0.000ns fall@4.000ns period=8.000ns})
  Destination:            design_1_i/ps2_keyboard_to_ascii_0/U0/ascii_reg[6]/CE
                            (rising edge-triggered cell FDRE clocked by sys_clk_pin  {rise@0.000ns fall@4.000ns period=8.000ns})
  Path Group:             sys_clk_pin
  Path Type:              Setup (Max at Slow Process Corner)
  Requirement:            8.000ns  (sys_clk_pin rise@8.000ns - sys_clk_pin rise@0.000ns)
  Data Path Delay:        4.031ns  (logic 1.090ns (27.043%)  route 2.941ns (72.957%))
  Logic Levels:           4  (LUT2=1 LUT5=1 LUT6=2)
  Clock Path Skew:        -0.061ns (DCD - SCD + CPR)
    Destination Clock Delay (DCD):    4.937ns = ( 12.937 - 8.000 ) 
    Source Clock Delay      (SCD):    5.389ns
    Clock Pessimism Removal (CPR):    0.391ns
  Clock Uncertainty:      0.035ns  ((TSJ^2 + TIJ^2)^1/2 + DJ) / 2 + PE
    Total System Jitter     (TSJ):    0.071ns
    Total Input Jitter      (TIJ):    0.000ns
    Discrete Jitter          (DJ):    0.000ns
    Phase Error              (PE):    0.000ns

    Location             Delay type                Incr(ns)  Path(ns)    Netlist Resource(s)
  -------------------------------------------------------------------    -------------------
                         (clock sys_clk_pin rise edge)
                                                      0.000     0.000 r  
    H16                                               0.000     0.000 r  clk (IN)
                         net (fo=0)                   0.000     0.000    clk
    H16                  IBUF (Prop_ibuf_I_O)         1.457     1.457 r  clk_IBUF_inst/O
                         net (fo=1, routed)           2.076     3.533    clk_IBUF
    BUFGCTRL_X0Y16       BUFG (Prop_bufg_I_O)         0.101     3.634 r  clk_IBUF_BUFG_inst/O
                         net (fo=128, routed)         1.755     5.389    design_1_i/ps2_keyboard_to_ascii_0/U0/ps2_keyboard_0/clk
    SLICE_X39Y46         FDRE                                         r  design_1_i/ps2_keyboard_to_ascii_0/U0/ps2_keyboard_0/ps2_code_reg[4]/C
  -------------------------------------------------------------------    -------------------
    SLICE_X39Y46         FDRE (Prop_fdre_C_Q)         0.419     5.808 r  design_1_i/ps2_keyboard_to_ascii_0/U0/ps2_keyboard_0/ps2_code_reg[4]/Q
                         net (fo=60, routed)          1.083     6.891    design_1_i/ps2_keyboard_to_ascii_0/U0/ps2_keyboard_0/ps2_code[4]
    SLICE_X39Y45         LUT6 (Prop_lut6_I2_O)        0.299     7.190 r  design_1_i/ps2_keyboard_to_ascii_0/U0/ps2_keyboard_0/ascii[6]_i_10/O
                         net (fo=1, routed)           0.402     7.592    design_1_i/ps2_keyboard_to_ascii_0/U0/ps2_keyboard_0/ascii[6]_i_10_n_0
    SLICE_X39Y45         LUT6 (Prop_lut6_I0_O)        0.124     7.716 r  design_1_i/ps2_keyboard_to_ascii_0/U0/ps2_keyboard_0/ascii[6]_i_6/O
                         net (fo=1, routed)           0.526     8.242    design_1_i/ps2_keyboard_to_ascii_0/U0/ps2_keyboard_0/ascii[6]_i_6_n_0
    SLICE_X38Y45         LUT5 (Prop_lut5_I0_O)        0.124     8.366 r  design_1_i/ps2_keyboard_to_ascii_0/U0/ps2_keyboard_0/ascii[6]_i_3/O
                         net (fo=2, routed)           0.560     8.927    design_1_i/ps2_keyboard_to_ascii_0/U0/ps2_keyboard_0/control_l_reg
    SLICE_X37Y43         LUT2 (Prop_lut2_I0_O)        0.124     9.051 r  design_1_i/ps2_keyboard_to_ascii_0/U0/ps2_keyboard_0/ascii[6]_i_1/O
                         net (fo=7, routed)           0.369     9.420    design_1_i/ps2_keyboard_to_ascii_0/U0/ps2_keyboard_0_n_8
    SLICE_X40Y43         FDRE                                         r  design_1_i/ps2_keyboard_to_ascii_0/U0/ascii_reg[6]/CE
  -------------------------------------------------------------------    -------------------

                         (clock sys_clk_pin rise edge)
                                                      8.000     8.000 r  
    H16                                               0.000     8.000 r  clk (IN)
                         net (fo=0)                   0.000     8.000    clk
    H16                  IBUF (Prop_ibuf_I_O)         1.387     9.387 r  clk_IBUF_inst/O
                         net (fo=1, routed)           1.880    11.267    clk_IBUF
    BUFGCTRL_X0Y16       BUFG (Prop_bufg_I_O)         0.091    11.358 r  clk_IBUF_BUFG_inst/O
                         net (fo=128, routed)         1.579    12.937    design_1_i/ps2_keyboard_to_ascii_0/U0/clk
    SLICE_X40Y43         FDRE                                         r  design_1_i/ps2_keyboard_to_ascii_0/U0/ascii_reg[6]/C
                         clock pessimism              0.391    13.328    
                         clock uncertainty           -0.035    13.293    
    SLICE_X40Y43         FDRE (Setup_fdre_C_CE)      -0.205    13.088    design_1_i/ps2_keyboard_to_ascii_0/U0/ascii_reg[6]
  -------------------------------------------------------------------
                         required time                         13.088    
                         arrival time                          -9.420    
  -------------------------------------------------------------------
                         slack                                  3.668    

Slack (MET) :             3.715ns  (required time - arrival time)
  Source:                 design_1_i/ps2_keyboard_to_ascii_0/U0/ps2_keyboard_0/ps2_code_reg[4]/C
                            (rising edge-triggered cell FDRE clocked by sys_clk_pin  {rise@0.000ns fall@4.000ns period=8.000ns})
  Destination:            design_1_i/ps2_keyboard_to_ascii_0/U0/ascii_reg[3]/CE
                            (rising edge-triggered cell FDRE clocked by sys_clk_pin  {rise@0.000ns fall@4.000ns period=8.000ns})
  Path Group:             sys_clk_pin
  Path Type:              Setup (Max at Slow Process Corner)
  Requirement:            8.000ns  (sys_clk_pin rise@8.000ns - sys_clk_pin rise@0.000ns)
  Data Path Delay:        4.019ns  (logic 1.090ns (27.120%)  route 2.929ns (72.880%))
  Logic Levels:           4  (LUT2=1 LUT5=1 LUT6=2)
  Clock Path Skew:        -0.025ns (DCD - SCD + CPR)
    Destination Clock Delay (DCD):    4.936ns = ( 12.936 - 8.000 ) 
    Source Clock Delay      (SCD):    5.389ns
    Clock Pessimism Removal (CPR):    0.428ns
  Clock Uncertainty:      0.035ns  ((TSJ^2 + TIJ^2)^1/2 + DJ) / 2 + PE
    Total System Jitter     (TSJ):    0.071ns
    Total Input Jitter      (TIJ):    0.000ns
    Discrete Jitter          (DJ):    0.000ns
    Phase Error              (PE):    0.000ns

    Location             Delay type                Incr(ns)  Path(ns)    Netlist Resource(s)
  -------------------------------------------------------------------    -------------------
                         (clock sys_clk_pin rise edge)
                                                      0.000     0.000 r  
    H16                                               0.000     0.000 r  clk (IN)
                         net (fo=0)                   0.000     0.000    clk
    H16                  IBUF (Prop_ibuf_I_O)         1.457     1.457 r  clk_IBUF_inst/O
                         net (fo=1, routed)           2.076     3.533    clk_IBUF
    BUFGCTRL_X0Y16       BUFG (Prop_bufg_I_O)         0.101     3.634 r  clk_IBUF_BUFG_inst/O
                         net (fo=128, routed)         1.755     5.389    design_1_i/ps2_keyboard_to_ascii_0/U0/ps2_keyboard_0/clk
    SLICE_X39Y46         FDRE                                         r  design_1_i/ps2_keyboard_to_ascii_0/U0/ps2_keyboard_0/ps2_code_reg[4]/C
  -------------------------------------------------------------------    -------------------
    SLICE_X39Y46         FDRE (Prop_fdre_C_Q)         0.419     5.808 r  design_1_i/ps2_keyboard_to_ascii_0/U0/ps2_keyboard_0/ps2_code_reg[4]/Q
                         net (fo=60, routed)          1.083     6.891    design_1_i/ps2_keyboard_to_ascii_0/U0/ps2_keyboard_0/ps2_code[4]
    SLICE_X39Y45         LUT6 (Prop_lut6_I2_O)        0.299     7.190 r  design_1_i/ps2_keyboard_to_ascii_0/U0/ps2_keyboard_0/ascii[6]_i_10/O
                         net (fo=1, routed)           0.402     7.592    design_1_i/ps2_keyboard_to_ascii_0/U0/ps2_keyboard_0/ascii[6]_i_10_n_0
    SLICE_X39Y45         LUT6 (Prop_lut6_I0_O)        0.124     7.716 r  design_1_i/ps2_keyboard_to_ascii_0/U0/ps2_keyboard_0/ascii[6]_i_6/O
                         net (fo=1, routed)           0.526     8.242    design_1_i/ps2_keyboard_to_ascii_0/U0/ps2_keyboard_0/ascii[6]_i_6_n_0
    SLICE_X38Y45         LUT5 (Prop_lut5_I0_O)        0.124     8.366 r  design_1_i/ps2_keyboard_to_ascii_0/U0/ps2_keyboard_0/ascii[6]_i_3/O
                         net (fo=2, routed)           0.560     8.927    design_1_i/ps2_keyboard_to_ascii_0/U0/ps2_keyboard_0/control_l_reg
    SLICE_X37Y43         LUT2 (Prop_lut2_I0_O)        0.124     9.051 r  design_1_i/ps2_keyboard_to_ascii_0/U0/ps2_keyboard_0/ascii[6]_i_1/O
                         net (fo=7, routed)           0.358     9.408    design_1_i/ps2_keyboard_to_ascii_0/U0/ps2_keyboard_0_n_8
    SLICE_X39Y43         FDRE                                         r  design_1_i/ps2_keyboard_to_ascii_0/U0/ascii_reg[3]/CE
  -------------------------------------------------------------------    -------------------

                         (clock sys_clk_pin rise edge)
                                                      8.000     8.000 r  
    H16                                               0.000     8.000 r  clk (IN)
                         net (fo=0)                   0.000     8.000    clk
    H16                  IBUF (Prop_ibuf_I_O)         1.387     9.387 r  clk_IBUF_inst/O
                         net (fo=1, routed)           1.880    11.267    clk_IBUF
    BUFGCTRL_X0Y16       BUFG (Prop_bufg_I_O)         0.091    11.358 r  clk_IBUF_BUFG_inst/O
                         net (fo=128, routed)         1.578    12.936    design_1_i/ps2_keyboard_to_ascii_0/U0/clk
    SLICE_X39Y43         FDRE                                         r  design_1_i/ps2_keyboard_to_ascii_0/U0/ascii_reg[3]/C
                         clock pessimism              0.428    13.364    
                         clock uncertainty           -0.035    13.329    
    SLICE_X39Y43         FDRE (Setup_fdre_C_CE)      -0.205    13.124    design_1_i/ps2_keyboard_to_ascii_0/U0/ascii_reg[3]
  -------------------------------------------------------------------
                         required time                         13.124    
                         arrival time                          -9.408    
  -------------------------------------------------------------------
                         slack                                  3.715    

Slack (MET) :             3.723ns  (required time - arrival time)
  Source:                 design_1_i/ps2_keyboard_to_ascii_0/U0/ps2_keyboard_0/ps2_code_reg[6]/C
                            (rising edge-triggered cell FDRE clocked by sys_clk_pin  {rise@0.000ns fall@4.000ns period=8.000ns})
  Destination:            design_1_i/ps2_keyboard_to_ascii_0/U0/ascii_reg[3]/D
                            (rising edge-triggered cell FDRE clocked by sys_clk_pin  {rise@0.000ns fall@4.000ns period=8.000ns})
  Path Group:             sys_clk_pin
  Path Type:              Setup (Max at Slow Process Corner)
  Requirement:            8.000ns  (sys_clk_pin rise@8.000ns - sys_clk_pin rise@0.000ns)
  Data Path Delay:        4.248ns  (logic 1.356ns (31.921%)  route 2.892ns (68.079%))
  Logic Levels:           4  (LUT4=1 LUT6=2 MUXF7=1)
  Clock Path Skew:        -0.025ns (DCD - SCD + CPR)
    Destination Clock Delay (DCD):    4.936ns = ( 12.936 - 8.000 ) 
    Source Clock Delay      (SCD):    5.389ns
    Clock Pessimism Removal (CPR):    0.428ns
  Clock Uncertainty:      0.035ns  ((TSJ^2 + TIJ^2)^1/2 + DJ) / 2 + PE
    Total System Jitter     (TSJ):    0.071ns
    Total Input Jitter      (TIJ):    0.000ns
    Discrete Jitter          (DJ):    0.000ns
    Phase Error              (PE):    0.000ns

    Location             Delay type                Incr(ns)  Path(ns)    Netlist Resource(s)
  -------------------------------------------------------------------    -------------------
                         (clock sys_clk_pin rise edge)
                                                      0.000     0.000 r  
    H16                                               0.000     0.000 r  clk (IN)
                         net (fo=0)                   0.000     0.000    clk
    H16                  IBUF (Prop_ibuf_I_O)         1.457     1.457 r  clk_IBUF_inst/O
                         net (fo=1, routed)           2.076     3.533    clk_IBUF
    BUFGCTRL_X0Y16       BUFG (Prop_bufg_I_O)         0.101     3.634 r  clk_IBUF_BUFG_inst/O
                         net (fo=128, routed)         1.755     5.389    design_1_i/ps2_keyboard_to_ascii_0/U0/ps2_keyboard_0/clk
    SLICE_X39Y46         FDRE                                         r  design_1_i/ps2_keyboard_to_ascii_0/U0/ps2_keyboard_0/ps2_code_reg[6]/C
  -------------------------------------------------------------------    -------------------
    SLICE_X39Y46         FDRE (Prop_fdre_C_Q)         0.419     5.808 r  design_1_i/ps2_keyboard_to_ascii_0/U0/ps2_keyboard_0/ps2_code_reg[6]/Q
                         net (fo=53, routed)          1.767     7.575    design_1_i/ps2_keyboard_to_ascii_0/U0/ps2_keyboard_0/ps2_code[6]
    SLICE_X40Y43         LUT6 (Prop_lut6_I0_O)        0.297     7.872 r  design_1_i/ps2_keyboard_to_ascii_0/U0/ps2_keyboard_0/ascii[3]_i_12/O
                         net (fo=1, routed)           0.000     7.872    design_1_i/ps2_keyboard_to_ascii_0/U0/ps2_keyboard_0/ascii[3]_i_12_n_0
    SLICE_X40Y43         MUXF7 (Prop_muxf7_I1_O)      0.217     8.089 r  design_1_i/ps2_keyboard_to_ascii_0/U0/ps2_keyboard_0/ascii_reg[3]_i_8/O
                         net (fo=1, routed)           0.825     8.914    design_1_i/ps2_keyboard_to_ascii_0/U0/ps2_keyboard_0/ascii_reg[3]_i_8_n_0
    SLICE_X40Y43         LUT6 (Prop_lut6_I5_O)        0.299     9.213 r  design_1_i/ps2_keyboard_to_ascii_0/U0/ps2_keyboard_0/ascii[3]_i_3/O
                         net (fo=1, routed)           0.300     9.513    design_1_i/ps2_keyboard_to_ascii_0/U0/ps2_keyboard_0/ascii[3]_i_3_n_0
    SLICE_X39Y43         LUT4 (Prop_lut4_I3_O)        0.124     9.637 r  design_1_i/ps2_keyboard_to_ascii_0/U0/ps2_keyboard_0/ascii[3]_i_1/O
                         net (fo=1, routed)           0.000     9.637    design_1_i/ps2_keyboard_to_ascii_0/U0/ascii[3]
    SLICE_X39Y43         FDRE                                         r  design_1_i/ps2_keyboard_to_ascii_0/U0/ascii_reg[3]/D
  -------------------------------------------------------------------    -------------------

                         (clock sys_clk_pin rise edge)
                                                      8.000     8.000 r  
    H16                                               0.000     8.000 r  clk (IN)
                         net (fo=0)                   0.000     8.000    clk
    H16                  IBUF (Prop_ibuf_I_O)         1.387     9.387 r  clk_IBUF_inst/O
                         net (fo=1, routed)           1.880    11.267    clk_IBUF
    BUFGCTRL_X0Y16       BUFG (Prop_bufg_I_O)         0.091    11.358 r  clk_IBUF_BUFG_inst/O
                         net (fo=128, routed)         1.578    12.936    design_1_i/ps2_keyboard_to_ascii_0/U0/clk
    SLICE_X39Y43         FDRE                                         r  design_1_i/ps2_keyboard_to_ascii_0/U0/ascii_reg[3]/C
                         clock pessimism              0.428    13.364    
                         clock uncertainty           -0.035    13.329    
    SLICE_X39Y43         FDRE (Setup_fdre_C_D)        0.031    13.360    design_1_i/ps2_keyboard_to_ascii_0/U0/ascii_reg[3]
  -------------------------------------------------------------------
                         required time                         13.360    
                         arrival time                          -9.637    
  -------------------------------------------------------------------
                         slack                                  3.723    





Min Delay Paths
--------------------------------------------------------------------------------------
Slack (MET) :             0.200ns  (arrival time - required time)
  Source:                 design_1_i/ps2_keyboard_to_ascii_0/U0/ascii_reg[4]/C
                            (rising edge-triggered cell FDRE clocked by sys_clk_pin  {rise@0.000ns fall@4.000ns period=8.000ns})
  Destination:            design_1_i/ps2_keyboard_to_ascii_0/U0/ascii_code_reg[4]/D
                            (rising edge-triggered cell FDRE clocked by sys_clk_pin  {rise@0.000ns fall@4.000ns period=8.000ns})
  Path Group:             sys_clk_pin
  Path Type:              Hold (Min at Fast Process Corner)
  Requirement:            0.000ns  (sys_clk_pin rise@0.000ns - sys_clk_pin rise@0.000ns)
  Data Path Delay:        0.279ns  (logic 0.164ns (58.730%)  route 0.115ns (41.270%))
  Logic Levels:           0  
  Clock Path Skew:        0.015ns (DCD - SCD - CPR)
    Destination Clock Delay (DCD):    1.985ns
    Source Clock Delay      (SCD):    1.470ns
    Clock Pessimism Removal (CPR):    0.500ns

    Location             Delay type                Incr(ns)  Path(ns)    Netlist Resource(s)
  -------------------------------------------------------------------    -------------------
                         (clock sys_clk_pin rise edge)
                                                      0.000     0.000 r  
    H16                                               0.000     0.000 r  clk (IN)
                         net (fo=0)                   0.000     0.000    clk
    H16                  IBUF (Prop_ibuf_I_O)         0.225     0.225 r  clk_IBUF_inst/O
                         net (fo=1, routed)           0.627     0.852    clk_IBUF
    BUFGCTRL_X0Y16       BUFG (Prop_bufg_I_O)         0.026     0.878 r  clk_IBUF_BUFG_inst/O
                         net (fo=128, routed)         0.592     1.470    design_1_i/ps2_keyboard_to_ascii_0/U0/clk
    SLICE_X38Y44         FDRE                                         r  design_1_i/ps2_keyboard_to_ascii_0/U0/ascii_reg[4]/C
  -------------------------------------------------------------------    -------------------
    SLICE_X38Y44         FDRE (Prop_fdre_C_Q)         0.164     1.634 r  design_1_i/ps2_keyboard_to_ascii_0/U0/ascii_reg[4]/Q
                         net (fo=1, routed)           0.115     1.749    design_1_i/ps2_keyboard_to_ascii_0/U0/ascii_reg_n_0_[4]
    SLICE_X38Y42         FDRE                                         r  design_1_i/ps2_keyboard_to_ascii_0/U0/ascii_code_reg[4]/D
  -------------------------------------------------------------------    -------------------

                         (clock sys_clk_pin rise edge)
                                                      0.000     0.000 r  
    H16                                               0.000     0.000 r  clk (IN)
                         net (fo=0)                   0.000     0.000    clk
    H16                  IBUF (Prop_ibuf_I_O)         0.413     0.413 r  clk_IBUF_inst/O
                         net (fo=1, routed)           0.683     1.096    clk_IBUF
    BUFGCTRL_X0Y16       BUFG (Prop_bufg_I_O)         0.029     1.125 r  clk_IBUF_BUFG_inst/O
                         net (fo=128, routed)         0.860     1.985    design_1_i/ps2_keyboard_to_ascii_0/U0/clk
    SLICE_X38Y42         FDRE                                         r  design_1_i/ps2_keyboard_to_ascii_0/U0/ascii_code_reg[4]/C
                         clock pessimism             -0.500     1.485    
    SLICE_X38Y42         FDRE (Hold_fdre_C_D)         0.064     1.549    design_1_i/ps2_keyboard_to_ascii_0/U0/ascii_code_reg[4]
  -------------------------------------------------------------------
                         required time                         -1.549    
                         arrival time                           1.749    
  -------------------------------------------------------------------
                         slack                                  0.200    

Slack (MET) :             0.203ns  (arrival time - required time)
  Source:                 design_1_i/ps2_keyboard_to_ascii_0/U0/prev_ps2_code_new_reg/C
                            (rising edge-triggered cell FDRE clocked by sys_clk_pin  {rise@0.000ns fall@4.000ns period=8.000ns})
  Destination:            design_1_i/ps2_keyboard_to_ascii_0/U0/FSM_sequential_state_reg[0]/D
                            (rising edge-triggered cell FDRE clocked by sys_clk_pin  {rise@0.000ns fall@4.000ns period=8.000ns})
  Path Group:             sys_clk_pin
  Path Type:              Hold (Min at Fast Process Corner)
  Requirement:            0.000ns  (sys_clk_pin rise@0.000ns - sys_clk_pin rise@0.000ns)
  Data Path Delay:        0.295ns  (logic 0.227ns (76.997%)  route 0.068ns (23.003%))
  Logic Levels:           1  (LUT5=1)
  Clock Path Skew:        0.000ns (DCD - SCD - CPR)
    Destination Clock Delay (DCD):    1.986ns
    Source Clock Delay      (SCD):    1.470ns
    Clock Pessimism Removal (CPR):    0.516ns

    Location             Delay type                Incr(ns)  Path(ns)    Netlist Resource(s)
  -------------------------------------------------------------------    -------------------
                         (clock sys_clk_pin rise edge)
                                                      0.000     0.000 r  
    H16                                               0.000     0.000 r  clk (IN)
                         net (fo=0)                   0.000     0.000    clk
    H16                  IBUF (Prop_ibuf_I_O)         0.225     0.225 r  clk_IBUF_inst/O
                         net (fo=1, routed)           0.627     0.852    clk_IBUF
    BUFGCTRL_X0Y16       BUFG (Prop_bufg_I_O)         0.026     0.878 r  clk_IBUF_BUFG_inst/O
                         net (fo=128, routed)         0.592     1.470    design_1_i/ps2_keyboard_to_ascii_0/U0/clk
    SLICE_X37Y43         FDRE                                         r  design_1_i/ps2_keyboard_to_ascii_0/U0/prev_ps2_code_new_reg/C
  -------------------------------------------------------------------    -------------------
    SLICE_X37Y43         FDRE (Prop_fdre_C_Q)         0.128     1.598 f  design_1_i/ps2_keyboard_to_ascii_0/U0/prev_ps2_code_new_reg/Q
                         net (fo=2, routed)           0.068     1.666    design_1_i/ps2_keyboard_to_ascii_0/U0/ps2_keyboard_0/prev_ps2_code_new
    SLICE_X37Y43         LUT5 (Prop_lut5_I0_O)        0.099     1.765 r  design_1_i/ps2_keyboard_to_ascii_0/U0/ps2_keyboard_0/FSM_sequential_state[0]_i_1/O
                         net (fo=1, routed)           0.000     1.765    design_1_i/ps2_keyboard_to_ascii_0/U0/ps2_keyboard_0_n_11
    SLICE_X37Y43         FDRE                                         r  design_1_i/ps2_keyboard_to_ascii_0/U0/FSM_sequential_state_reg[0]/D
  -------------------------------------------------------------------    -------------------

                         (clock sys_clk_pin rise edge)
                                                      0.000     0.000 r  
    H16                                               0.000     0.000 r  clk (IN)
                         net (fo=0)                   0.000     0.000    clk
    H16                  IBUF (Prop_ibuf_I_O)         0.413     0.413 r  clk_IBUF_inst/O
                         net (fo=1, routed)           0.683     1.096    clk_IBUF
    BUFGCTRL_X0Y16       BUFG (Prop_bufg_I_O)         0.029     1.125 r  clk_IBUF_BUFG_inst/O
                         net (fo=128, routed)         0.861     1.986    design_1_i/ps2_keyboard_to_ascii_0/U0/clk
    SLICE_X37Y43         FDRE                                         r  design_1_i/ps2_keyboard_to_ascii_0/U0/FSM_sequential_state_reg[0]/C
                         clock pessimism             -0.516     1.470    
    SLICE_X37Y43         FDRE (Hold_fdre_C_D)         0.092     1.562    design_1_i/ps2_keyboard_to_ascii_0/U0/FSM_sequential_state_reg[0]
  -------------------------------------------------------------------
                         required time                         -1.562    
                         arrival time                           1.765    
  -------------------------------------------------------------------
                         slack                                  0.203    

Slack (MET) :             0.205ns  (arrival time - required time)
  Source:                 design_1_i/ps2_keyboard_to_ascii_0/U0/prev_ps2_code_new_reg/C
                            (rising edge-triggered cell FDRE clocked by sys_clk_pin  {rise@0.000ns fall@4.000ns period=8.000ns})
  Destination:            design_1_i/ps2_keyboard_to_ascii_0/U0/ascii_new_reg/D
                            (rising edge-triggered cell FDRE clocked by sys_clk_pin  {rise@0.000ns fall@4.000ns period=8.000ns})
  Path Group:             sys_clk_pin
  Path Type:              Hold (Min at Fast Process Corner)
  Requirement:            0.000ns  (sys_clk_pin rise@0.000ns - sys_clk_pin rise@0.000ns)
  Data Path Delay:        0.296ns  (logic 0.227ns (76.736%)  route 0.069ns (23.264%))
  Logic Levels:           1  (LUT6=1)
  Clock Path Skew:        0.000ns (DCD - SCD - CPR)
    Destination Clock Delay (DCD):    1.986ns
    Source Clock Delay      (SCD):    1.470ns
    Clock Pessimism Removal (CPR):    0.516ns

    Location             Delay type                Incr(ns)  Path(ns)    Netlist Resource(s)
  -------------------------------------------------------------------    -------------------
                         (clock sys_clk_pin rise edge)
                                                      0.000     0.000 r  
    H16                                               0.000     0.000 r  clk (IN)
                         net (fo=0)                   0.000     0.000    clk
    H16                  IBUF (Prop_ibuf_I_O)         0.225     0.225 r  clk_IBUF_inst/O
                         net (fo=1, routed)           0.627     0.852    clk_IBUF
    BUFGCTRL_X0Y16       BUFG (Prop_bufg_I_O)         0.026     0.878 r  clk_IBUF_BUFG_inst/O
                         net (fo=128, routed)         0.592     1.470    design_1_i/ps2_keyboard_to_ascii_0/U0/clk
    SLICE_X37Y43         FDRE                                         r  design_1_i/ps2_keyboard_to_ascii_0/U0/prev_ps2_code_new_reg/C
  -------------------------------------------------------------------    -------------------
    SLICE_X37Y43         FDRE (Prop_fdre_C_Q)         0.128     1.598 r  design_1_i/ps2_keyboard_to_ascii_0/U0/prev_ps2_code_new_reg/Q
                         net (fo=2, routed)           0.069     1.667    design_1_i/ps2_keyboard_to_ascii_0/U0/ps2_keyboard_0/prev_ps2_code_new
    SLICE_X37Y43         LUT6 (Prop_lut6_I2_O)        0.099     1.766 r  design_1_i/ps2_keyboard_to_ascii_0/U0/ps2_keyboard_0/ascii_new_i_1/O
                         net (fo=1, routed)           0.000     1.766    design_1_i/ps2_keyboard_to_ascii_0/U0/ps2_keyboard_0_n_17
    SLICE_X37Y43         FDRE                                         r  design_1_i/ps2_keyboard_to_ascii_0/U0/ascii_new_reg/D
  -------------------------------------------------------------------    -------------------

                         (clock sys_clk_pin rise edge)
                                                      0.000     0.000 r  
    H16                                               0.000     0.000 r  clk (IN)
                         net (fo=0)                   0.000     0.000    clk
    H16                  IBUF (Prop_ibuf_I_O)         0.413     0.413 r  clk_IBUF_inst/O
                         net (fo=1, routed)           0.683     1.096    clk_IBUF
    BUFGCTRL_X0Y16       BUFG (Prop_bufg_I_O)         0.029     1.125 r  clk_IBUF_BUFG_inst/O
                         net (fo=128, routed)         0.861     1.986    design_1_i/ps2_keyboard_to_ascii_0/U0/clk
    SLICE_X37Y43         FDRE                                         r  design_1_i/ps2_keyboard_to_ascii_0/U0/ascii_new_reg/C
                         clock pessimism             -0.516     1.470    
    SLICE_X37Y43         FDRE (Hold_fdre_C_D)         0.091     1.561    design_1_i/ps2_keyboard_to_ascii_0/U0/ascii_new_reg
  -------------------------------------------------------------------
                         required time                         -1.561    
                         arrival time                           1.766    
  -------------------------------------------------------------------
                         slack                                  0.205    

Slack (MET) :             0.205ns  (arrival time - required time)
  Source:                 design_1_i/ps2_keyboard_to_ascii_0/U0/ps2_keyboard_0/debounce_ps2_data/flipflops_reg[1]/C
                            (rising edge-triggered cell FDRE clocked by sys_clk_pin  {rise@0.000ns fall@4.000ns period=8.000ns})
  Destination:            design_1_i/ps2_keyboard_to_ascii_0/U0/ps2_keyboard_0/debounce_ps2_data/result_reg/D
                            (rising edge-triggered cell FDRE clocked by sys_clk_pin  {rise@0.000ns fall@4.000ns period=8.000ns})
  Path Group:             sys_clk_pin
  Path Type:              Hold (Min at Fast Process Corner)
  Requirement:            0.000ns  (sys_clk_pin rise@0.000ns - sys_clk_pin rise@0.000ns)
  Data Path Delay:        0.296ns  (logic 0.227ns (76.736%)  route 0.069ns (23.264%))
  Logic Levels:           1  (LUT4=1)
  Clock Path Skew:        0.000ns (DCD - SCD - CPR)
    Destination Clock Delay (DCD):    1.987ns
    Source Clock Delay      (SCD):    1.471ns
    Clock Pessimism Removal (CPR):    0.516ns

    Location             Delay type                Incr(ns)  Path(ns)    Netlist Resource(s)
  -------------------------------------------------------------------    -------------------
                         (clock sys_clk_pin rise edge)
                                                      0.000     0.000 r  
    H16                                               0.000     0.000 r  clk (IN)
                         net (fo=0)                   0.000     0.000    clk
    H16                  IBUF (Prop_ibuf_I_O)         0.225     0.225 r  clk_IBUF_inst/O
                         net (fo=1, routed)           0.627     0.852    clk_IBUF
    BUFGCTRL_X0Y16       BUFG (Prop_bufg_I_O)         0.026     0.878 r  clk_IBUF_BUFG_inst/O
                         net (fo=128, routed)         0.593     1.471    design_1_i/ps2_keyboard_to_ascii_0/U0/ps2_keyboard_0/debounce_ps2_data/clk
    SLICE_X39Y47         FDRE                                         r  design_1_i/ps2_keyboard_to_ascii_0/U0/ps2_keyboard_0/debounce_ps2_data/flipflops_reg[1]/C
  -------------------------------------------------------------------    -------------------
    SLICE_X39Y47         FDRE (Prop_fdre_C_Q)         0.128     1.599 r  design_1_i/ps2_keyboard_to_ascii_0/U0/ps2_keyboard_0/debounce_ps2_data/flipflops_reg[1]/Q
                         net (fo=2, routed)           0.069     1.668    design_1_i/ps2_keyboard_to_ascii_0/U0/ps2_keyboard_0/debounce_ps2_data/p_0_in
    SLICE_X39Y47         LUT4 (Prop_lut4_I1_O)        0.099     1.767 r  design_1_i/ps2_keyboard_to_ascii_0/U0/ps2_keyboard_0/debounce_ps2_data/result_i_1__0/O
                         net (fo=1, routed)           0.000     1.767    design_1_i/ps2_keyboard_to_ascii_0/U0/ps2_keyboard_0/debounce_ps2_data/result_i_1__0_n_0
    SLICE_X39Y47         FDRE                                         r  design_1_i/ps2_keyboard_to_ascii_0/U0/ps2_keyboard_0/debounce_ps2_data/result_reg/D
  -------------------------------------------------------------------    -------------------

                         (clock sys_clk_pin rise edge)
                                                      0.000     0.000 r  
    H16                                               0.000     0.000 r  clk (IN)
                         net (fo=0)                   0.000     0.000    clk
    H16                  IBUF (Prop_ibuf_I_O)         0.413     0.413 r  clk_IBUF_inst/O
                         net (fo=1, routed)           0.683     1.096    clk_IBUF
    BUFGCTRL_X0Y16       BUFG (Prop_bufg_I_O)         0.029     1.125 r  clk_IBUF_BUFG_inst/O
                         net (fo=128, routed)         0.862     1.987    design_1_i/ps2_keyboard_to_ascii_0/U0/ps2_keyboard_0/debounce_ps2_data/clk
    SLICE_X39Y47         FDRE                                         r  design_1_i/ps2_keyboard_to_ascii_0/U0/ps2_keyboard_0/debounce_ps2_data/result_reg/C
                         clock pessimism             -0.516     1.471    
    SLICE_X39Y47         FDRE (Hold_fdre_C_D)         0.091     1.562    design_1_i/ps2_keyboard_to_ascii_0/U0/ps2_keyboard_0/debounce_ps2_data/result_reg
  -------------------------------------------------------------------
                         required time                         -1.562    
                         arrival time                           1.767    
  -------------------------------------------------------------------
                         slack                                  0.205    

Slack (MET) :             0.213ns  (arrival time - required time)
  Source:                 design_1_i/ps2_keyboard_to_ascii_0/U0/ps2_keyboard_0/debounce_ps2_clk/counter_out_reg[6]/C
                            (rising edge-triggered cell FDRE clocked by sys_clk_pin  {rise@0.000ns fall@4.000ns period=8.000ns})
  Destination:            design_1_i/ps2_keyboard_to_ascii_0/U0/ps2_keyboard_0/debounce_ps2_clk/counter_out_reg[6]/D
                            (rising edge-triggered cell FDRE clocked by sys_clk_pin  {rise@0.000ns fall@4.000ns period=8.000ns})
  Path Group:             sys_clk_pin
  Path Type:              Hold (Min at Fast Process Corner)
  Requirement:            0.000ns  (sys_clk_pin rise@0.000ns - sys_clk_pin rise@0.000ns)
  Data Path Delay:        0.334ns  (logic 0.209ns (62.484%)  route 0.125ns (37.516%))
  Logic Levels:           1  (LUT4=1)
  Clock Path Skew:        0.000ns (DCD - SCD - CPR)
    Destination Clock Delay (DCD):    1.989ns
    Source Clock Delay      (SCD):    1.473ns
    Clock Pessimism Removal (CPR):    0.516ns

    Location             Delay type                Incr(ns)  Path(ns)    Netlist Resource(s)
  -------------------------------------------------------------------    -------------------
                         (clock sys_clk_pin rise edge)
                                                      0.000     0.000 r  
    H16                                               0.000     0.000 r  clk (IN)
                         net (fo=0)                   0.000     0.000    clk
    H16                  IBUF (Prop_ibuf_I_O)         0.225     0.225 r  clk_IBUF_inst/O
                         net (fo=1, routed)           0.627     0.852    clk_IBUF
    BUFGCTRL_X0Y16       BUFG (Prop_bufg_I_O)         0.026     0.878 r  clk_IBUF_BUFG_inst/O
                         net (fo=128, routed)         0.595     1.473    design_1_i/ps2_keyboard_to_ascii_0/U0/ps2_keyboard_0/debounce_ps2_clk/clk
    SLICE_X42Y48         FDRE                                         r  design_1_i/ps2_keyboard_to_ascii_0/U0/ps2_keyboard_0/debounce_ps2_clk/counter_out_reg[6]/C
  -------------------------------------------------------------------    -------------------
    SLICE_X42Y48         FDRE (Prop_fdre_C_Q)         0.164     1.637 r  design_1_i/ps2_keyboard_to_ascii_0/U0/ps2_keyboard_0/debounce_ps2_clk/counter_out_reg[6]/Q
                         net (fo=3, routed)           0.125     1.762    design_1_i/ps2_keyboard_to_ascii_0/U0/ps2_keyboard_0/debounce_ps2_clk/counter_out_reg_n_0_[6]
    SLICE_X42Y48         LUT4 (Prop_lut4_I0_O)        0.045     1.807 r  design_1_i/ps2_keyboard_to_ascii_0/U0/ps2_keyboard_0/debounce_ps2_clk/counter_out[6]_i_1/O
                         net (fo=1, routed)           0.000     1.807    design_1_i/ps2_keyboard_to_ascii_0/U0/ps2_keyboard_0/debounce_ps2_clk/plusOp[6]
    SLICE_X42Y48         FDRE                                         r  design_1_i/ps2_keyboard_to_ascii_0/U0/ps2_keyboard_0/debounce_ps2_clk/counter_out_reg[6]/D
  -------------------------------------------------------------------    -------------------

                         (clock sys_clk_pin rise edge)
                                                      0.000     0.000 r  
    H16                                               0.000     0.000 r  clk (IN)
                         net (fo=0)                   0.000     0.000    clk
    H16                  IBUF (Prop_ibuf_I_O)         0.413     0.413 r  clk_IBUF_inst/O
                         net (fo=1, routed)           0.683     1.096    clk_IBUF
    BUFGCTRL_X0Y16       BUFG (Prop_bufg_I_O)         0.029     1.125 r  clk_IBUF_BUFG_inst/O
                         net (fo=128, routed)         0.864     1.989    design_1_i/ps2_keyboard_to_ascii_0/U0/ps2_keyboard_0/debounce_ps2_clk/clk
    SLICE_X42Y48         FDRE                                         r  design_1_i/ps2_keyboard_to_ascii_0/U0/ps2_keyboard_0/debounce_ps2_clk/counter_out_reg[6]/C
                         clock pessimism             -0.516     1.473    
    SLICE_X42Y48         FDRE (Hold_fdre_C_D)         0.121     1.594    design_1_i/ps2_keyboard_to_ascii_0/U0/ps2_keyboard_0/debounce_ps2_clk/counter_out_reg[6]
  -------------------------------------------------------------------
                         required time                         -1.594    
                         arrival time                           1.807    
  -------------------------------------------------------------------
                         slack                                  0.213    

Slack (MET) :             0.214ns  (arrival time - required time)
  Source:                 design_1_i/ps2_keyboard_to_ascii_0/U0/ps2_keyboard_0/debounce_ps2_data/counter_out_reg[4]/C
                            (rising edge-triggered cell FDRE clocked by sys_clk_pin  {rise@0.000ns fall@4.000ns period=8.000ns})
  Destination:            design_1_i/ps2_keyboard_to_ascii_0/U0/ps2_keyboard_0/debounce_ps2_data/counter_out_reg[8]/D
                            (rising edge-triggered cell FDRE clocked by sys_clk_pin  {rise@0.000ns fall@4.000ns period=8.000ns})
  Path Group:             sys_clk_pin
  Path Type:              Hold (Min at Fast Process Corner)
  Requirement:            0.000ns  (sys_clk_pin rise@0.000ns - sys_clk_pin rise@0.000ns)
  Data Path Delay:        0.361ns  (logic 0.189ns (52.294%)  route 0.172ns (47.706%))
  Logic Levels:           1  (LUT5=1)
  Clock Path Skew:        0.016ns (DCD - SCD - CPR)
    Destination Clock Delay (DCD):    1.987ns
    Source Clock Delay      (SCD):    1.471ns
    Clock Pessimism Removal (CPR):    0.500ns

    Location             Delay type                Incr(ns)  Path(ns)    Netlist Resource(s)
  -------------------------------------------------------------------    -------------------
                         (clock sys_clk_pin rise edge)
                                                      0.000     0.000 r  
    H16                                               0.000     0.000 r  clk (IN)
                         net (fo=0)                   0.000     0.000    clk
    H16                  IBUF (Prop_ibuf_I_O)         0.225     0.225 r  clk_IBUF_inst/O
                         net (fo=1, routed)           0.627     0.852    clk_IBUF
    BUFGCTRL_X0Y16       BUFG (Prop_bufg_I_O)         0.026     0.878 r  clk_IBUF_BUFG_inst/O
                         net (fo=128, routed)         0.593     1.471    design_1_i/ps2_keyboard_to_ascii_0/U0/ps2_keyboard_0/debounce_ps2_data/clk
    SLICE_X39Y48         FDRE                                         r  design_1_i/ps2_keyboard_to_ascii_0/U0/ps2_keyboard_0/debounce_ps2_data/counter_out_reg[4]/C
  -------------------------------------------------------------------    -------------------
    SLICE_X39Y48         FDRE (Prop_fdre_C_Q)         0.141     1.612 r  design_1_i/ps2_keyboard_to_ascii_0/U0/ps2_keyboard_0/debounce_ps2_data/counter_out_reg[4]/Q
                         net (fo=5, routed)           0.172     1.784    design_1_i/ps2_keyboard_to_ascii_0/U0/ps2_keyboard_0/debounce_ps2_data/counter_out_reg_n_0_[4]
    SLICE_X38Y47         LUT5 (Prop_lut5_I1_O)        0.048     1.832 r  design_1_i/ps2_keyboard_to_ascii_0/U0/ps2_keyboard_0/debounce_ps2_data/counter_out[8]_i_3__0/O
                         net (fo=1, routed)           0.000     1.832    design_1_i/ps2_keyboard_to_ascii_0/U0/ps2_keyboard_0/debounce_ps2_data/plusOp__0[8]
    SLICE_X38Y47         FDRE                                         r  design_1_i/ps2_keyboard_to_ascii_0/U0/ps2_keyboard_0/debounce_ps2_data/counter_out_reg[8]/D
  -------------------------------------------------------------------    -------------------

                         (clock sys_clk_pin rise edge)
                                                      0.000     0.000 r  
    H16                                               0.000     0.000 r  clk (IN)
                         net (fo=0)                   0.000     0.000    clk
    H16                  IBUF (Prop_ibuf_I_O)         0.413     0.413 r  clk_IBUF_inst/O
                         net (fo=1, routed)           0.683     1.096    clk_IBUF
    BUFGCTRL_X0Y16       BUFG (Prop_bufg_I_O)         0.029     1.125 r  clk_IBUF_BUFG_inst/O
                         net (fo=128, routed)         0.862     1.987    design_1_i/ps2_keyboard_to_ascii_0/U0/ps2_keyboard_0/debounce_ps2_data/clk
    SLICE_X38Y47         FDRE                                         r  design_1_i/ps2_keyboard_to_ascii_0/U0/ps2_keyboard_0/debounce_ps2_data/counter_out_reg[8]/C
                         clock pessimism             -0.500     1.487    
    SLICE_X38Y47         FDRE (Hold_fdre_C_D)         0.131     1.618    design_1_i/ps2_keyboard_to_ascii_0/U0/ps2_keyboard_0/debounce_ps2_data/counter_out_reg[8]
  -------------------------------------------------------------------
                         required time                         -1.618    
                         arrival time                           1.832    
  -------------------------------------------------------------------
                         slack                                  0.214    

Slack (MET) :             0.218ns  (arrival time - required time)
  Source:                 design_1_i/ps2_keyboard_to_ascii_0/U0/ascii_reg[3]/C
                            (rising edge-triggered cell FDRE clocked by sys_clk_pin  {rise@0.000ns fall@4.000ns period=8.000ns})
  Destination:            design_1_i/ps2_keyboard_to_ascii_0/U0/ascii_code_reg[3]/D
                            (rising edge-triggered cell FDRE clocked by sys_clk_pin  {rise@0.000ns fall@4.000ns period=8.000ns})
  Path Group:             sys_clk_pin
  Path Type:              Hold (Min at Fast Process Corner)
  Requirement:            0.000ns  (sys_clk_pin rise@0.000ns - sys_clk_pin rise@0.000ns)
  Data Path Delay:        0.309ns  (logic 0.141ns (45.586%)  route 0.168ns (54.414%))
  Logic Levels:           0  
  Clock Path Skew:        0.015ns (DCD - SCD - CPR)
    Destination Clock Delay (DCD):    1.985ns
    Source Clock Delay      (SCD):    1.470ns
    Clock Pessimism Removal (CPR):    0.500ns

    Location             Delay type                Incr(ns)  Path(ns)    Netlist Resource(s)
  -------------------------------------------------------------------    -------------------
                         (clock sys_clk_pin rise edge)
                                                      0.000     0.000 r  
    H16                                               0.000     0.000 r  clk (IN)
                         net (fo=0)                   0.000     0.000    clk
    H16                  IBUF (Prop_ibuf_I_O)         0.225     0.225 r  clk_IBUF_inst/O
                         net (fo=1, routed)           0.627     0.852    clk_IBUF
    BUFGCTRL_X0Y16       BUFG (Prop_bufg_I_O)         0.026     0.878 r  clk_IBUF_BUFG_inst/O
                         net (fo=128, routed)         0.592     1.470    design_1_i/ps2_keyboard_to_ascii_0/U0/clk
    SLICE_X39Y43         FDRE                                         r  design_1_i/ps2_keyboard_to_ascii_0/U0/ascii_reg[3]/C
  -------------------------------------------------------------------    -------------------
    SLICE_X39Y43         FDRE (Prop_fdre_C_Q)         0.141     1.611 r  design_1_i/ps2_keyboard_to_ascii_0/U0/ascii_reg[3]/Q
                         net (fo=1, routed)           0.168     1.779    design_1_i/ps2_keyboard_to_ascii_0/U0/ascii_reg_n_0_[3]
    SLICE_X38Y42         FDRE                                         r  design_1_i/ps2_keyboard_to_ascii_0/U0/ascii_code_reg[3]/D
  -------------------------------------------------------------------    -------------------

                         (clock sys_clk_pin rise edge)
                                                      0.000     0.000 r  
    H16                                               0.000     0.000 r  clk (IN)
                         net (fo=0)                   0.000     0.000    clk
    H16                  IBUF (Prop_ibuf_I_O)         0.413     0.413 r  clk_IBUF_inst/O
                         net (fo=1, routed)           0.683     1.096    clk_IBUF
    BUFGCTRL_X0Y16       BUFG (Prop_bufg_I_O)         0.029     1.125 r  clk_IBUF_BUFG_inst/O
                         net (fo=128, routed)         0.860     1.985    design_1_i/ps2_keyboard_to_ascii_0/U0/clk
    SLICE_X38Y42         FDRE                                         r  design_1_i/ps2_keyboard_to_ascii_0/U0/ascii_code_reg[3]/C
                         clock pessimism             -0.500     1.485    
    SLICE_X38Y42         FDRE (Hold_fdre_C_D)         0.076     1.561    design_1_i/ps2_keyboard_to_ascii_0/U0/ascii_code_reg[3]
  -------------------------------------------------------------------
                         required time                         -1.561    
                         arrival time                           1.779    
  -------------------------------------------------------------------
                         slack                                  0.218    

Slack (MET) :             0.222ns  (arrival time - required time)
  Source:                 design_1_i/ps2_keyboard_to_ascii_0/U0/ps2_keyboard_0/debounce_ps2_data/counter_out_reg[4]/C
                            (rising edge-triggered cell FDRE clocked by sys_clk_pin  {rise@0.000ns fall@4.000ns period=8.000ns})
  Destination:            design_1_i/ps2_keyboard_to_ascii_0/U0/ps2_keyboard_0/debounce_ps2_data/counter_out_reg[7]/D
                            (rising edge-triggered cell FDRE clocked by sys_clk_pin  {rise@0.000ns fall@4.000ns period=8.000ns})
  Path Group:             sys_clk_pin
  Path Type:              Hold (Min at Fast Process Corner)
  Requirement:            0.000ns  (sys_clk_pin rise@0.000ns - sys_clk_pin rise@0.000ns)
  Data Path Delay:        0.358ns  (logic 0.186ns (51.895%)  route 0.172ns (48.105%))
  Logic Levels:           1  (LUT5=1)
  Clock Path Skew:        0.016ns (DCD - SCD - CPR)
    Destination Clock Delay (DCD):    1.987ns
    Source Clock Delay      (SCD):    1.471ns
    Clock Pessimism Removal (CPR):    0.500ns

    Location             Delay type                Incr(ns)  Path(ns)    Netlist Resource(s)
  -------------------------------------------------------------------    -------------------
                         (clock sys_clk_pin rise edge)
                                                      0.000     0.000 r  
    H16                                               0.000     0.000 r  clk (IN)
                         net (fo=0)                   0.000     0.000    clk
    H16                  IBUF (Prop_ibuf_I_O)         0.225     0.225 r  clk_IBUF_inst/O
                         net (fo=1, routed)           0.627     0.852    clk_IBUF
    BUFGCTRL_X0Y16       BUFG (Prop_bufg_I_O)         0.026     0.878 r  clk_IBUF_BUFG_inst/O
                         net (fo=128, routed)         0.593     1.471    design_1_i/ps2_keyboard_to_ascii_0/U0/ps2_keyboard_0/debounce_ps2_data/clk
    SLICE_X39Y48         FDRE                                         r  design_1_i/ps2_keyboard_to_ascii_0/U0/ps2_keyboard_0/debounce_ps2_data/counter_out_reg[4]/C
  -------------------------------------------------------------------    -------------------
    SLICE_X39Y48         FDRE (Prop_fdre_C_Q)         0.141     1.612 r  design_1_i/ps2_keyboard_to_ascii_0/U0/ps2_keyboard_0/debounce_ps2_data/counter_out_reg[4]/Q
                         net (fo=5, routed)           0.172     1.784    design_1_i/ps2_keyboard_to_ascii_0/U0/ps2_keyboard_0/debounce_ps2_data/counter_out_reg_n_0_[4]
    SLICE_X38Y47         LUT5 (Prop_lut5_I3_O)        0.045     1.829 r  design_1_i/ps2_keyboard_to_ascii_0/U0/ps2_keyboard_0/debounce_ps2_data/counter_out[7]_i_1__0/O
                         net (fo=1, routed)           0.000     1.829    design_1_i/ps2_keyboard_to_ascii_0/U0/ps2_keyboard_0/debounce_ps2_data/plusOp__0[7]
    SLICE_X38Y47         FDRE                                         r  design_1_i/ps2_keyboard_to_ascii_0/U0/ps2_keyboard_0/debounce_ps2_data/counter_out_reg[7]/D
  -------------------------------------------------------------------    -------------------

                         (clock sys_clk_pin rise edge)
                                                      0.000     0.000 r  
    H16                                               0.000     0.000 r  clk (IN)
                         net (fo=0)                   0.000     0.000    clk
    H16                  IBUF (Prop_ibuf_I_O)         0.413     0.413 r  clk_IBUF_inst/O
                         net (fo=1, routed)           0.683     1.096    clk_IBUF
    BUFGCTRL_X0Y16       BUFG (Prop_bufg_I_O)         0.029     1.125 r  clk_IBUF_BUFG_inst/O
                         net (fo=128, routed)         0.862     1.987    design_1_i/ps2_keyboard_to_ascii_0/U0/ps2_keyboard_0/debounce_ps2_data/clk
    SLICE_X38Y47         FDRE                                         r  design_1_i/ps2_keyboard_to_ascii_0/U0/ps2_keyboard_0/debounce_ps2_data/counter_out_reg[7]/C
                         clock pessimism             -0.500     1.487    
    SLICE_X38Y47         FDRE (Hold_fdre_C_D)         0.120     1.607    design_1_i/ps2_keyboard_to_ascii_0/U0/ps2_keyboard_0/debounce_ps2_data/counter_out_reg[7]
  -------------------------------------------------------------------
                         required time                         -1.607    
                         arrival time                           1.829    
  -------------------------------------------------------------------
                         slack                                  0.222    

Slack (MET) :             0.225ns  (arrival time - required time)
  Source:                 design_1_i/ps2_keyboard_to_ascii_0/U0/ps2_keyboard_0/debounce_ps2_data/flipflops_reg[0]/C
                            (rising edge-triggered cell FDRE clocked by sys_clk_pin  {rise@0.000ns fall@4.000ns period=8.000ns})
  Destination:            design_1_i/ps2_keyboard_to_ascii_0/U0/ps2_keyboard_0/debounce_ps2_data/flipflops_reg[1]/D
                            (rising edge-triggered cell FDRE clocked by sys_clk_pin  {rise@0.000ns fall@4.000ns period=8.000ns})
  Path Group:             sys_clk_pin
  Path Type:              Hold (Min at Fast Process Corner)
  Requirement:            0.000ns  (sys_clk_pin rise@0.000ns - sys_clk_pin rise@0.000ns)
  Data Path Delay:        0.334ns  (logic 0.141ns (42.251%)  route 0.193ns (57.749%))
  Logic Levels:           0  
  Clock Path Skew:        0.034ns (DCD - SCD - CPR)
    Destination Clock Delay (DCD):    1.987ns
    Source Clock Delay      (SCD):    1.473ns
    Clock Pessimism Removal (CPR):    0.480ns

    Location             Delay type                Incr(ns)  Path(ns)    Netlist Resource(s)
  -------------------------------------------------------------------    -------------------
                         (clock sys_clk_pin rise edge)
                                                      0.000     0.000 r  
    H16                                               0.000     0.000 r  clk (IN)
                         net (fo=0)                   0.000     0.000    clk
    H16                  IBUF (Prop_ibuf_I_O)         0.225     0.225 r  clk_IBUF_inst/O
                         net (fo=1, routed)           0.627     0.852    clk_IBUF
    BUFGCTRL_X0Y16       BUFG (Prop_bufg_I_O)         0.026     0.878 r  clk_IBUF_BUFG_inst/O
                         net (fo=128, routed)         0.595     1.473    design_1_i/ps2_keyboard_to_ascii_0/U0/ps2_keyboard_0/debounce_ps2_data/clk
    SLICE_X40Y49         FDRE                                         r  design_1_i/ps2_keyboard_to_ascii_0/U0/ps2_keyboard_0/debounce_ps2_data/flipflops_reg[0]/C
  -------------------------------------------------------------------    -------------------
    SLICE_X40Y49         FDRE (Prop_fdre_C_Q)         0.141     1.614 r  design_1_i/ps2_keyboard_to_ascii_0/U0/ps2_keyboard_0/debounce_ps2_data/flipflops_reg[0]/Q
                         net (fo=3, routed)           0.193     1.807    design_1_i/ps2_keyboard_to_ascii_0/U0/ps2_keyboard_0/debounce_ps2_data/flipflops_reg_n_0_[0]
    SLICE_X39Y47         FDRE                                         r  design_1_i/ps2_keyboard_to_ascii_0/U0/ps2_keyboard_0/debounce_ps2_data/flipflops_reg[1]/D
  -------------------------------------------------------------------    -------------------

                         (clock sys_clk_pin rise edge)
                                                      0.000     0.000 r  
    H16                                               0.000     0.000 r  clk (IN)
                         net (fo=0)                   0.000     0.000    clk
    H16                  IBUF (Prop_ibuf_I_O)         0.413     0.413 r  clk_IBUF_inst/O
                         net (fo=1, routed)           0.683     1.096    clk_IBUF
    BUFGCTRL_X0Y16       BUFG (Prop_bufg_I_O)         0.029     1.125 r  clk_IBUF_BUFG_inst/O
                         net (fo=128, routed)         0.862     1.987    design_1_i/ps2_keyboard_to_ascii_0/U0/ps2_keyboard_0/debounce_ps2_data/clk
    SLICE_X39Y47         FDRE                                         r  design_1_i/ps2_keyboard_to_ascii_0/U0/ps2_keyboard_0/debounce_ps2_data/flipflops_reg[1]/C
                         clock pessimism             -0.480     1.507    
    SLICE_X39Y47         FDRE (Hold_fdre_C_D)         0.075     1.582    design_1_i/ps2_keyboard_to_ascii_0/U0/ps2_keyboard_0/debounce_ps2_data/flipflops_reg[1]
  -------------------------------------------------------------------
                         required time                         -1.582    
                         arrival time                           1.807    
  -------------------------------------------------------------------
                         slack                                  0.225    

Slack (MET) :             0.230ns  (arrival time - required time)
  Source:                 design_1_i/ps2_keyboard_to_ascii_0/U0/ascii_reg[5]/C
                            (rising edge-triggered cell FDRE clocked by sys_clk_pin  {rise@0.000ns fall@4.000ns period=8.000ns})
  Destination:            design_1_i/ps2_keyboard_to_ascii_0/U0/ascii_code_reg[5]/D
                            (rising edge-triggered cell FDRE clocked by sys_clk_pin  {rise@0.000ns fall@4.000ns period=8.000ns})
  Path Group:             sys_clk_pin
  Path Type:              Hold (Min at Fast Process Corner)
  Requirement:            0.000ns  (sys_clk_pin rise@0.000ns - sys_clk_pin rise@0.000ns)
  Data Path Delay:        0.315ns  (logic 0.141ns (44.763%)  route 0.174ns (55.237%))
  Logic Levels:           0  
  Clock Path Skew:        0.015ns (DCD - SCD - CPR)
    Destination Clock Delay (DCD):    1.987ns
    Source Clock Delay      (SCD):    1.472ns
    Clock Pessimism Removal (CPR):    0.500ns

    Location             Delay type                Incr(ns)  Path(ns)    Netlist Resource(s)
  -------------------------------------------------------------------    -------------------
                         (clock sys_clk_pin rise edge)
                                                      0.000     0.000 r  
    H16                                               0.000     0.000 r  clk (IN)
                         net (fo=0)                   0.000     0.000    clk
    H16                  IBUF (Prop_ibuf_I_O)         0.225     0.225 r  clk_IBUF_inst/O
                         net (fo=1, routed)           0.627     0.852    clk_IBUF
    BUFGCTRL_X0Y16       BUFG (Prop_bufg_I_O)         0.026     0.878 r  clk_IBUF_BUFG_inst/O
                         net (fo=128, routed)         0.594     1.472    design_1_i/ps2_keyboard_to_ascii_0/U0/clk
    SLICE_X40Y43         FDRE                                         r  design_1_i/ps2_keyboard_to_ascii_0/U0/ascii_reg[5]/C
  -------------------------------------------------------------------    -------------------
    SLICE_X40Y43         FDRE (Prop_fdre_C_Q)         0.141     1.613 r  design_1_i/ps2_keyboard_to_ascii_0/U0/ascii_reg[5]/Q
                         net (fo=1, routed)           0.174     1.787    design_1_i/ps2_keyboard_to_ascii_0/U0/ascii_reg_n_0_[5]
    SLICE_X40Y42         FDRE                                         r  design_1_i/ps2_keyboard_to_ascii_0/U0/ascii_code_reg[5]/D
  -------------------------------------------------------------------    -------------------

                         (clock sys_clk_pin rise edge)
                                                      0.000     0.000 r  
    H16                                               0.000     0.000 r  clk (IN)
                         net (fo=0)                   0.000     0.000    clk
    H16                  IBUF (Prop_ibuf_I_O)         0.413     0.413 r  clk_IBUF_inst/O
                         net (fo=1, routed)           0.683     1.096    clk_IBUF
    BUFGCTRL_X0Y16       BUFG (Prop_bufg_I_O)         0.029     1.125 r  clk_IBUF_BUFG_inst/O
                         net (fo=128, routed)         0.862     1.987    design_1_i/ps2_keyboard_to_ascii_0/U0/clk
    SLICE_X40Y42         FDRE                                         r  design_1_i/ps2_keyboard_to_ascii_0/U0/ascii_code_reg[5]/C
                         clock pessimism             -0.500     1.487    
    SLICE_X40Y42         FDRE (Hold_fdre_C_D)         0.070     1.557    design_1_i/ps2_keyboard_to_ascii_0/U0/ascii_code_reg[5]
  -------------------------------------------------------------------
                         required time                         -1.557    
                         arrival time                           1.787    
  -------------------------------------------------------------------
                         slack                                  0.230    





Pulse Width Checks
--------------------------------------------------------------------------------------
Clock Name:         sys_clk_pin
Waveform(ns):       { 0.000 4.000 }
Period(ns):         8.000
Sources:            { clk }

Check Type        Corner  Lib Pin  Reference Pin  Required(ns)  Actual(ns)  Slack(ns)  Location        Pin
Min Period        n/a     BUFG/I   n/a            2.155         8.000       5.845      BUFGCTRL_X0Y16  clk_IBUF_BUFG_inst/I
Min Period        n/a     FDRE/C   n/a            1.000         8.000       7.000      SLICE_X34Y42    design_1_i/Reset_Delay_0/U0/Cont_reg[0]/C
Min Period        n/a     FDRE/C   n/a            1.000         8.000       7.000      SLICE_X34Y44    design_1_i/Reset_Delay_0/U0/Cont_reg[10]/C
Min Period        n/a     FDRE/C   n/a            1.000         8.000       7.000      SLICE_X34Y44    design_1_i/Reset_Delay_0/U0/Cont_reg[11]/C
Min Period        n/a     FDRE/C   n/a            1.000         8.000       7.000      SLICE_X34Y45    design_1_i/Reset_Delay_0/U0/Cont_reg[12]/C
Min Period        n/a     FDRE/C   n/a            1.000         8.000       7.000      SLICE_X34Y45    design_1_i/Reset_Delay_0/U0/Cont_reg[13]/C
Min Period        n/a     FDRE/C   n/a            1.000         8.000       7.000      SLICE_X34Y45    design_1_i/Reset_Delay_0/U0/Cont_reg[14]/C
Min Period        n/a     FDRE/C   n/a            1.000         8.000       7.000      SLICE_X34Y45    design_1_i/Reset_Delay_0/U0/Cont_reg[15]/C
Min Period        n/a     FDRE/C   n/a            1.000         8.000       7.000      SLICE_X34Y46    design_1_i/Reset_Delay_0/U0/Cont_reg[16]/C
Min Period        n/a     FDRE/C   n/a            1.000         8.000       7.000      SLICE_X34Y46    design_1_i/Reset_Delay_0/U0/Cont_reg[17]/C
Low Pulse Width   Slow    FDRE/C   n/a            0.500         4.000       3.500      SLICE_X38Y42    design_1_i/ps2_keyboard_to_ascii_0/U0/ascii_code_reg[0]/C
Low Pulse Width   Slow    FDRE/C   n/a            0.500         4.000       3.500      SLICE_X38Y42    design_1_i/ps2_keyboard_to_ascii_0/U0/ascii_code_reg[2]/C
Low Pulse Width   Slow    FDRE/C   n/a            0.500         4.000       3.500      SLICE_X38Y42    design_1_i/ps2_keyboard_to_ascii_0/U0/ascii_code_reg[3]/C
Low Pulse Width   Slow    FDRE/C   n/a            0.500         4.000       3.500      SLICE_X38Y42    design_1_i/ps2_keyboard_to_ascii_0/U0/ascii_code_reg[4]/C
Low Pulse Width   Slow    FDRE/C   n/a            0.500         4.000       3.500      SLICE_X38Y42    design_1_i/ps2_keyboard_to_ascii_0/U0/ascii_code_reg[7]/C
Low Pulse Width   Slow    FDRE/C   n/a            0.500         4.000       3.500      SLICE_X37Y41    design_1_i/user_logic_uart2_0/U0/rx_enable_reg/C
Low Pulse Width   Slow    FDRE/C   n/a            0.500         4.000       3.500      SLICE_X34Y42    design_1_i/Reset_Delay_0/U0/Cont_reg[0]/C
Low Pulse Width   Fast    FDRE/C   n/a            0.500         4.000       3.500      SLICE_X34Y42    design_1_i/Reset_Delay_0/U0/Cont_reg[0]/C
Low Pulse Width   Slow    FDRE/C   n/a            0.500         4.000       3.500      SLICE_X34Y44    design_1_i/Reset_Delay_0/U0/Cont_reg[10]/C
Low Pulse Width   Fast    FDRE/C   n/a            0.500         4.000       3.500      SLICE_X34Y44    design_1_i/Reset_Delay_0/U0/Cont_reg[10]/C
High Pulse Width  Fast    FDRE/C   n/a            0.500         4.000       3.500      SLICE_X34Y42    design_1_i/Reset_Delay_0/U0/Cont_reg[0]/C
High Pulse Width  Fast    FDRE/C   n/a            0.500         4.000       3.500      SLICE_X34Y42    design_1_i/Reset_Delay_0/U0/Cont_reg[1]/C
High Pulse Width  Fast    FDRE/C   n/a            0.500         4.000       3.500      SLICE_X34Y42    design_1_i/Reset_Delay_0/U0/Cont_reg[2]/C
High Pulse Width  Fast    FDRE/C   n/a            0.500         4.000       3.500      SLICE_X34Y42    design_1_i/Reset_Delay_0/U0/Cont_reg[3]/C
High Pulse Width  Fast    FDRE/C   n/a            0.500         4.000       3.500      SLICE_X43Y41    design_1_i/baud_rate_0/U0/clk_cnt_reg[0]/C
High Pulse Width  Fast    FDRE/C   n/a            0.500         4.000       3.500      SLICE_X42Y42    design_1_i/baud_rate_0/U0/clk_cnt_reg[10]/C
High Pulse Width  Fast    FDRE/C   n/a            0.500         4.000       3.500      SLICE_X42Y42    design_1_i/baud_rate_0/U0/clk_cnt_reg[11]/C
High Pulse Width  Fast    FDRE/C   n/a            0.500         4.000       3.500      SLICE_X42Y42    design_1_i/baud_rate_0/U0/clk_cnt_reg[12]/C
High Pulse Width  Fast    FDRE/C   n/a            0.500         4.000       3.500      SLICE_X42Y43    design_1_i/baud_rate_0/U0/clk_cnt_reg[13]/C
High Pulse Width  Slow    FDRE/C   n/a            0.500         4.000       3.500      SLICE_X42Y40    design_1_i/baud_rate_0/U0/clk_cnt_reg[1]/C



