Copyright 1986-2019 Xilinx, Inc. All Rights Reserved.
-----------------------------------------------------------------------------------------------------------------------------------------------------------------------------------------------------------------------
| Tool Version : Vivado v.2019.1 (win64) Build 2552052 Fri May 24 14:49:42 MDT 2019
| Date         : Tue Mar 11 00:58:23 2025
| Host         : UL-41 running 64-bit major release  (build 9200)
| Command      : report_timing_summary -max_paths 10 -file design_1_wrapper_timing_summary_routed.rpt -pb design_1_wrapper_timing_summary_routed.pb -rpx design_1_wrapper_timing_summary_routed.rpx -warn_on_violation
| Design       : design_1_wrapper
| Device       : 7z007s-clg400
| Speed File   : -1  PRODUCTION 1.11 2016-07-27
-----------------------------------------------------------------------------------------------------------------------------------------------------------------------------------------------------------------------

Timing Summary Report

------------------------------------------------------------------------------------------------
| Timer Settings
| --------------
------------------------------------------------------------------------------------------------

  Enable Multi Corner Analysis               :  Yes
  Enable Pessimism Removal                   :  Yes
  Pessimism Removal Resolution               :  Nearest Common Node
  Enable Input Delay Default Clock           :  No
  Enable Preset / Clear Arcs                 :  No
  Disable Flight Delays                      :  No
  Ignore I/O Paths                           :  No
  Timing Early Launch at Borrowing Latches   :  No
  Borrow Time for Max Delay Exceptions       :  Yes

  Corner  Analyze    Analyze    
  Name    Max Paths  Min Paths  
  ------  ---------  ---------  
  Slow    Yes        Yes        
  Fast    Yes        Yes        



check_timing report

Table of Contents
-----------------
1. checking no_clock
2. checking constant_clock
3. checking pulse_width_clock
4. checking unconstrained_internal_endpoints
5. checking no_input_delay
6. checking no_output_delay
7. checking multiple_clock
8. checking generated_clocks
9. checking loops
10. checking partial_input_delay
11. checking partial_output_delay
12. checking latch_loops

1. checking no_clock
--------------------
 There are 14 register/latch pins with no clock driven by root clock pin: design_1_i/baud_rate_0/U0/clk_en_reg/Q (HIGH)

 There are 11 register/latch pins with no clock driven by root clock pin: design_1_i/ps2_keyboard_to_ascii_0/U0/ps2_keyboard_0/debounce_ps2_clk/result_reg/Q (HIGH)


2. checking constant_clock
--------------------------
 There are 0 register/latch pins with constant_clock.


3. checking pulse_width_clock
-----------------------------
 There are 0 register/latch pins which need pulse_width check


4. checking unconstrained_internal_endpoints
--------------------------------------------
 There are 51 pins that are not constrained for maximum delay. (HIGH)

 There are 0 pins that are not constrained for maximum delay due to constant clock.


5. checking no_input_delay
--------------------------
 There are 3 input ports with no input delay specified. (HIGH)

 There are 0 input ports with no input delay but user has a false path constraint.


6. checking no_output_delay
---------------------------
 There is 1 port with no output delay specified. (HIGH)

 There are 0 ports with no output delay but user has a false path constraint

 There are 0 ports with no output delay but with a timing clock defined on it or propagating through it


7. checking multiple_clock
--------------------------
 There are 0 register/latch pins with multiple clocks.


8. checking generated_clocks
----------------------------
 There are 0 generated clocks that are not connected to a clock source.


9. checking loops
-----------------
 There are 0 combinational loops in the design.


10. checking partial_input_delay
--------------------------------
 There are 0 input ports with partial input delay specified.


11. checking partial_output_delay
---------------------------------
 There are 0 ports with partial output delay specified.


12. checking latch_loops
------------------------
 There are 0 combinational latch loops in the design through latch input



------------------------------------------------------------------------------------------------
| Design Timing Summary
| ---------------------
------------------------------------------------------------------------------------------------

    WNS(ns)      TNS(ns)  TNS Failing Endpoints  TNS Total Endpoints      WHS(ns)      THS(ns)  THS Failing Endpoints  THS Total Endpoints     WPWS(ns)     TPWS(ns)  TPWS Failing Endpoints  TPWS Total Endpoints  
    -------      -------  ---------------------  -------------------      -------      -------  ---------------------  -------------------     --------     --------  ----------------------  --------------------  
      2.945        0.000                      0                  247        0.160        0.000                      0                  247        3.500        0.000                       0                   128  


All user specified timing constraints are met.


------------------------------------------------------------------------------------------------
| Clock Summary
| -------------
------------------------------------------------------------------------------------------------

Clock        Waveform(ns)         Period(ns)      Frequency(MHz)
-----        ------------         ----------      --------------
sys_clk_pin  {0.000 4.000}        8.000           125.000         


------------------------------------------------------------------------------------------------
| Intra Clock Table
| -----------------
------------------------------------------------------------------------------------------------

Clock             WNS(ns)      TNS(ns)  TNS Failing Endpoints  TNS Total Endpoints      WHS(ns)      THS(ns)  THS Failing Endpoints  THS Total Endpoints     WPWS(ns)     TPWS(ns)  TPWS Failing Endpoints  TPWS Total Endpoints  
-----             -------      -------  ---------------------  -------------------      -------      -------  ---------------------  -------------------     --------     --------  ----------------------  --------------------  
sys_clk_pin         2.945        0.000                      0                  247        0.160        0.000                      0                  247        3.500        0.000                       0                   128  


------------------------------------------------------------------------------------------------
| Inter Clock Table
| -----------------
------------------------------------------------------------------------------------------------

From Clock    To Clock          WNS(ns)      TNS(ns)  TNS Failing Endpoints  TNS Total Endpoints      WHS(ns)      THS(ns)  THS Failing Endpoints  THS Total Endpoints  
----------    --------          -------      -------  ---------------------  -------------------      -------      -------  ---------------------  -------------------  


------------------------------------------------------------------------------------------------
| Other Path Groups Table
| -----------------------
------------------------------------------------------------------------------------------------

Path Group    From Clock    To Clock          WNS(ns)      TNS(ns)  TNS Failing Endpoints  TNS Total Endpoints      WHS(ns)      THS(ns)  THS Failing Endpoints  THS Total Endpoints  
----------    ----------    --------          -------      -------  ---------------------  -------------------      -------      -------  ---------------------  -------------------  


------------------------------------------------------------------------------------------------
| Timing Details
| --------------
------------------------------------------------------------------------------------------------


---------------------------------------------------------------------------------------------------
From Clock:  sys_clk_pin
  To Clock:  sys_clk_pin

Setup :            0  Failing Endpoints,  Worst Slack        2.945ns,  Total Violation        0.000ns
Hold  :            0  Failing Endpoints,  Worst Slack        0.160ns,  Total Violation        0.000ns
PW    :            0  Failing Endpoints,  Worst Slack        3.500ns,  Total Violation        0.000ns
---------------------------------------------------------------------------------------------------


Max Delay Paths
--------------------------------------------------------------------------------------
Slack (MET) :             2.945ns  (required time - arrival time)
  Source:                 design_1_i/ps2_keyboard_to_ascii_0/U0/ps2_keyboard_0/ps2_code_reg[3]/C
                            (rising edge-triggered cell FDRE clocked by sys_clk_pin  {rise@0.000ns fall@4.000ns period=8.000ns})
  Destination:            design_1_i/ps2_keyboard_to_ascii_0/U0/ascii_reg[1]/CE
                            (rising edge-triggered cell FDRE clocked by sys_clk_pin  {rise@0.000ns fall@4.000ns period=8.000ns})
  Path Group:             sys_clk_pin
  Path Type:              Setup (Max at Slow Process Corner)
  Requirement:            8.000ns  (sys_clk_pin rise@8.000ns - sys_clk_pin rise@0.000ns)
  Data Path Delay:        4.714ns  (logic 0.952ns (20.194%)  route 3.762ns (79.806%))
  Logic Levels:           4  (LUT2=1 LUT4=1 LUT5=1 LUT6=1)
  Clock Path Skew:        -0.136ns (DCD - SCD + CPR)
    Destination Clock Delay (DCD):    4.850ns = ( 12.850 - 8.000 ) 
    Source Clock Delay      (SCD):    5.377ns
    Clock Pessimism Removal (CPR):    0.391ns
  Clock Uncertainty:      0.035ns  ((TSJ^2 + TIJ^2)^1/2 + DJ) / 2 + PE
    Total System Jitter     (TSJ):    0.071ns
    Total Input Jitter      (TIJ):    0.000ns
    Discrete Jitter          (DJ):    0.000ns
    Phase Error              (PE):    0.000ns

    Location             Delay type                Incr(ns)  Path(ns)    Netlist Resource(s)
  -------------------------------------------------------------------    -------------------
                         (clock sys_clk_pin rise edge)
                                                      0.000     0.000 r  
    H16                                               0.000     0.000 r  clk (IN)
                         net (fo=0)                   0.000     0.000    clk
    H16                  IBUF (Prop_ibuf_I_O)         1.457     1.457 r  clk_IBUF_inst/O
                         net (fo=1, routed)           2.076     3.533    clk_IBUF
    BUFGCTRL_X0Y16       BUFG (Prop_bufg_I_O)         0.101     3.634 r  clk_IBUF_BUFG_inst/O
                         net (fo=127, routed)         1.743     5.377    design_1_i/ps2_keyboard_to_ascii_0/U0/ps2_keyboard_0/clk
    SLICE_X36Y30         FDRE                                         r  design_1_i/ps2_keyboard_to_ascii_0/U0/ps2_keyboard_0/ps2_code_reg[3]/C
  -------------------------------------------------------------------    -------------------
    SLICE_X36Y30         FDRE (Prop_fdre_C_Q)         0.456     5.833 r  design_1_i/ps2_keyboard_to_ascii_0/U0/ps2_keyboard_0/ps2_code_reg[3]/Q
                         net (fo=61, routed)          1.384     7.217    design_1_i/ps2_keyboard_to_ascii_0/U0/ps2_keyboard_0/ps2_code[3]
    SLICE_X32Y26         LUT6 (Prop_lut6_I2_O)        0.124     7.341 r  design_1_i/ps2_keyboard_to_ascii_0/U0/ps2_keyboard_0/ascii[6]_i_13/O
                         net (fo=1, routed)           0.670     8.012    design_1_i/ps2_keyboard_to_ascii_0/U0/ps2_keyboard_0/ascii[6]_i_13_n_0
    SLICE_X32Y26         LUT4 (Prop_lut4_I0_O)        0.124     8.136 r  design_1_i/ps2_keyboard_to_ascii_0/U0/ps2_keyboard_0/ascii[6]_i_7/O
                         net (fo=1, routed)           0.607     8.743    design_1_i/ps2_keyboard_to_ascii_0/U0/ps2_keyboard_0/ascii[6]_i_7_n_0
    SLICE_X32Y27         LUT5 (Prop_lut5_I2_O)        0.124     8.867 r  design_1_i/ps2_keyboard_to_ascii_0/U0/ps2_keyboard_0/ascii[6]_i_3/O
                         net (fo=2, routed)           0.599     9.466    design_1_i/ps2_keyboard_to_ascii_0/U0/ps2_keyboard_0/control_l_reg
    SLICE_X32Y28         LUT2 (Prop_lut2_I0_O)        0.124     9.590 r  design_1_i/ps2_keyboard_to_ascii_0/U0/ps2_keyboard_0/ascii[6]_i_1/O
                         net (fo=7, routed)           0.502    10.091    design_1_i/ps2_keyboard_to_ascii_0/U0/ps2_keyboard_0_n_8
    SLICE_X34Y29         FDRE                                         r  design_1_i/ps2_keyboard_to_ascii_0/U0/ascii_reg[1]/CE
  -------------------------------------------------------------------    -------------------

                         (clock sys_clk_pin rise edge)
                                                      8.000     8.000 r  
    H16                                               0.000     8.000 r  clk (IN)
                         net (fo=0)                   0.000     8.000    clk
    H16                  IBUF (Prop_ibuf_I_O)         1.387     9.387 r  clk_IBUF_inst/O
                         net (fo=1, routed)           1.880    11.267    clk_IBUF
    BUFGCTRL_X0Y16       BUFG (Prop_bufg_I_O)         0.091    11.358 r  clk_IBUF_BUFG_inst/O
                         net (fo=127, routed)         1.492    12.850    design_1_i/ps2_keyboard_to_ascii_0/U0/clk
    SLICE_X34Y29         FDRE                                         r  design_1_i/ps2_keyboard_to_ascii_0/U0/ascii_reg[1]/C
                         clock pessimism              0.391    13.241    
                         clock uncertainty           -0.035    13.206    
    SLICE_X34Y29         FDRE (Setup_fdre_C_CE)      -0.169    13.037    design_1_i/ps2_keyboard_to_ascii_0/U0/ascii_reg[1]
  -------------------------------------------------------------------
                         required time                         13.037    
                         arrival time                         -10.091    
  -------------------------------------------------------------------
                         slack                                  2.945    

Slack (MET) :             2.945ns  (required time - arrival time)
  Source:                 design_1_i/ps2_keyboard_to_ascii_0/U0/ps2_keyboard_0/ps2_code_reg[3]/C
                            (rising edge-triggered cell FDRE clocked by sys_clk_pin  {rise@0.000ns fall@4.000ns period=8.000ns})
  Destination:            design_1_i/ps2_keyboard_to_ascii_0/U0/ascii_reg[4]/CE
                            (rising edge-triggered cell FDRE clocked by sys_clk_pin  {rise@0.000ns fall@4.000ns period=8.000ns})
  Path Group:             sys_clk_pin
  Path Type:              Setup (Max at Slow Process Corner)
  Requirement:            8.000ns  (sys_clk_pin rise@8.000ns - sys_clk_pin rise@0.000ns)
  Data Path Delay:        4.714ns  (logic 0.952ns (20.194%)  route 3.762ns (79.806%))
  Logic Levels:           4  (LUT2=1 LUT4=1 LUT5=1 LUT6=1)
  Clock Path Skew:        -0.136ns (DCD - SCD + CPR)
    Destination Clock Delay (DCD):    4.850ns = ( 12.850 - 8.000 ) 
    Source Clock Delay      (SCD):    5.377ns
    Clock Pessimism Removal (CPR):    0.391ns
  Clock Uncertainty:      0.035ns  ((TSJ^2 + TIJ^2)^1/2 + DJ) / 2 + PE
    Total System Jitter     (TSJ):    0.071ns
    Total Input Jitter      (TIJ):    0.000ns
    Discrete Jitter          (DJ):    0.000ns
    Phase Error              (PE):    0.000ns

    Location             Delay type                Incr(ns)  Path(ns)    Netlist Resource(s)
  -------------------------------------------------------------------    -------------------
                         (clock sys_clk_pin rise edge)
                                                      0.000     0.000 r  
    H16                                               0.000     0.000 r  clk (IN)
                         net (fo=0)                   0.000     0.000    clk
    H16                  IBUF (Prop_ibuf_I_O)         1.457     1.457 r  clk_IBUF_inst/O
                         net (fo=1, routed)           2.076     3.533    clk_IBUF
    BUFGCTRL_X0Y16       BUFG (Prop_bufg_I_O)         0.101     3.634 r  clk_IBUF_BUFG_inst/O
                         net (fo=127, routed)         1.743     5.377    design_1_i/ps2_keyboard_to_ascii_0/U0/ps2_keyboard_0/clk
    SLICE_X36Y30         FDRE                                         r  design_1_i/ps2_keyboard_to_ascii_0/U0/ps2_keyboard_0/ps2_code_reg[3]/C
  -------------------------------------------------------------------    -------------------
    SLICE_X36Y30         FDRE (Prop_fdre_C_Q)         0.456     5.833 r  design_1_i/ps2_keyboard_to_ascii_0/U0/ps2_keyboard_0/ps2_code_reg[3]/Q
                         net (fo=61, routed)          1.384     7.217    design_1_i/ps2_keyboard_to_ascii_0/U0/ps2_keyboard_0/ps2_code[3]
    SLICE_X32Y26         LUT6 (Prop_lut6_I2_O)        0.124     7.341 r  design_1_i/ps2_keyboard_to_ascii_0/U0/ps2_keyboard_0/ascii[6]_i_13/O
                         net (fo=1, routed)           0.670     8.012    design_1_i/ps2_keyboard_to_ascii_0/U0/ps2_keyboard_0/ascii[6]_i_13_n_0
    SLICE_X32Y26         LUT4 (Prop_lut4_I0_O)        0.124     8.136 r  design_1_i/ps2_keyboard_to_ascii_0/U0/ps2_keyboard_0/ascii[6]_i_7/O
                         net (fo=1, routed)           0.607     8.743    design_1_i/ps2_keyboard_to_ascii_0/U0/ps2_keyboard_0/ascii[6]_i_7_n_0
    SLICE_X32Y27         LUT5 (Prop_lut5_I2_O)        0.124     8.867 r  design_1_i/ps2_keyboard_to_ascii_0/U0/ps2_keyboard_0/ascii[6]_i_3/O
                         net (fo=2, routed)           0.599     9.466    design_1_i/ps2_keyboard_to_ascii_0/U0/ps2_keyboard_0/control_l_reg
    SLICE_X32Y28         LUT2 (Prop_lut2_I0_O)        0.124     9.590 r  design_1_i/ps2_keyboard_to_ascii_0/U0/ps2_keyboard_0/ascii[6]_i_1/O
                         net (fo=7, routed)           0.502    10.091    design_1_i/ps2_keyboard_to_ascii_0/U0/ps2_keyboard_0_n_8
    SLICE_X34Y29         FDRE                                         r  design_1_i/ps2_keyboard_to_ascii_0/U0/ascii_reg[4]/CE
  -------------------------------------------------------------------    -------------------

                         (clock sys_clk_pin rise edge)
                                                      8.000     8.000 r  
    H16                                               0.000     8.000 r  clk (IN)
                         net (fo=0)                   0.000     8.000    clk
    H16                  IBUF (Prop_ibuf_I_O)         1.387     9.387 r  clk_IBUF_inst/O
                         net (fo=1, routed)           1.880    11.267    clk_IBUF
    BUFGCTRL_X0Y16       BUFG (Prop_bufg_I_O)         0.091    11.358 r  clk_IBUF_BUFG_inst/O
                         net (fo=127, routed)         1.492    12.850    design_1_i/ps2_keyboard_to_ascii_0/U0/clk
    SLICE_X34Y29         FDRE                                         r  design_1_i/ps2_keyboard_to_ascii_0/U0/ascii_reg[4]/C
                         clock pessimism              0.391    13.241    
                         clock uncertainty           -0.035    13.206    
    SLICE_X34Y29         FDRE (Setup_fdre_C_CE)      -0.169    13.037    design_1_i/ps2_keyboard_to_ascii_0/U0/ascii_reg[4]
  -------------------------------------------------------------------
                         required time                         13.037    
                         arrival time                         -10.091    
  -------------------------------------------------------------------
                         slack                                  2.945    

Slack (MET) :             2.949ns  (required time - arrival time)
  Source:                 design_1_i/ps2_keyboard_to_ascii_0/U0/ps2_keyboard_0/ps2_code_reg[3]/C
                            (rising edge-triggered cell FDRE clocked by sys_clk_pin  {rise@0.000ns fall@4.000ns period=8.000ns})
  Destination:            design_1_i/ps2_keyboard_to_ascii_0/U0/ascii_reg[3]/CE
                            (rising edge-triggered cell FDRE clocked by sys_clk_pin  {rise@0.000ns fall@4.000ns period=8.000ns})
  Path Group:             sys_clk_pin
  Path Type:              Setup (Max at Slow Process Corner)
  Requirement:            8.000ns  (sys_clk_pin rise@8.000ns - sys_clk_pin rise@0.000ns)
  Data Path Delay:        4.710ns  (logic 0.952ns (20.210%)  route 3.758ns (79.790%))
  Logic Levels:           4  (LUT2=1 LUT4=1 LUT5=1 LUT6=1)
  Clock Path Skew:        -0.136ns (DCD - SCD + CPR)
    Destination Clock Delay (DCD):    4.850ns = ( 12.850 - 8.000 ) 
    Source Clock Delay      (SCD):    5.377ns
    Clock Pessimism Removal (CPR):    0.391ns
  Clock Uncertainty:      0.035ns  ((TSJ^2 + TIJ^2)^1/2 + DJ) / 2 + PE
    Total System Jitter     (TSJ):    0.071ns
    Total Input Jitter      (TIJ):    0.000ns
    Discrete Jitter          (DJ):    0.000ns
    Phase Error              (PE):    0.000ns

    Location             Delay type                Incr(ns)  Path(ns)    Netlist Resource(s)
  -------------------------------------------------------------------    -------------------
                         (clock sys_clk_pin rise edge)
                                                      0.000     0.000 r  
    H16                                               0.000     0.000 r  clk (IN)
                         net (fo=0)                   0.000     0.000    clk
    H16                  IBUF (Prop_ibuf_I_O)         1.457     1.457 r  clk_IBUF_inst/O
                         net (fo=1, routed)           2.076     3.533    clk_IBUF
    BUFGCTRL_X0Y16       BUFG (Prop_bufg_I_O)         0.101     3.634 r  clk_IBUF_BUFG_inst/O
                         net (fo=127, routed)         1.743     5.377    design_1_i/ps2_keyboard_to_ascii_0/U0/ps2_keyboard_0/clk
    SLICE_X36Y30         FDRE                                         r  design_1_i/ps2_keyboard_to_ascii_0/U0/ps2_keyboard_0/ps2_code_reg[3]/C
  -------------------------------------------------------------------    -------------------
    SLICE_X36Y30         FDRE (Prop_fdre_C_Q)         0.456     5.833 r  design_1_i/ps2_keyboard_to_ascii_0/U0/ps2_keyboard_0/ps2_code_reg[3]/Q
                         net (fo=61, routed)          1.384     7.217    design_1_i/ps2_keyboard_to_ascii_0/U0/ps2_keyboard_0/ps2_code[3]
    SLICE_X32Y26         LUT6 (Prop_lut6_I2_O)        0.124     7.341 r  design_1_i/ps2_keyboard_to_ascii_0/U0/ps2_keyboard_0/ascii[6]_i_13/O
                         net (fo=1, routed)           0.670     8.012    design_1_i/ps2_keyboard_to_ascii_0/U0/ps2_keyboard_0/ascii[6]_i_13_n_0
    SLICE_X32Y26         LUT4 (Prop_lut4_I0_O)        0.124     8.136 r  design_1_i/ps2_keyboard_to_ascii_0/U0/ps2_keyboard_0/ascii[6]_i_7/O
                         net (fo=1, routed)           0.607     8.743    design_1_i/ps2_keyboard_to_ascii_0/U0/ps2_keyboard_0/ascii[6]_i_7_n_0
    SLICE_X32Y27         LUT5 (Prop_lut5_I2_O)        0.124     8.867 r  design_1_i/ps2_keyboard_to_ascii_0/U0/ps2_keyboard_0/ascii[6]_i_3/O
                         net (fo=2, routed)           0.599     9.466    design_1_i/ps2_keyboard_to_ascii_0/U0/ps2_keyboard_0/control_l_reg
    SLICE_X32Y28         LUT2 (Prop_lut2_I0_O)        0.124     9.590 r  design_1_i/ps2_keyboard_to_ascii_0/U0/ps2_keyboard_0/ascii[6]_i_1/O
                         net (fo=7, routed)           0.498    10.088    design_1_i/ps2_keyboard_to_ascii_0/U0/ps2_keyboard_0_n_8
    SLICE_X32Y29         FDRE                                         r  design_1_i/ps2_keyboard_to_ascii_0/U0/ascii_reg[3]/CE
  -------------------------------------------------------------------    -------------------

                         (clock sys_clk_pin rise edge)
                                                      8.000     8.000 r  
    H16                                               0.000     8.000 r  clk (IN)
                         net (fo=0)                   0.000     8.000    clk
    H16                  IBUF (Prop_ibuf_I_O)         1.387     9.387 r  clk_IBUF_inst/O
                         net (fo=1, routed)           1.880    11.267    clk_IBUF
    BUFGCTRL_X0Y16       BUFG (Prop_bufg_I_O)         0.091    11.358 r  clk_IBUF_BUFG_inst/O
                         net (fo=127, routed)         1.492    12.850    design_1_i/ps2_keyboard_to_ascii_0/U0/clk
    SLICE_X32Y29         FDRE                                         r  design_1_i/ps2_keyboard_to_ascii_0/U0/ascii_reg[3]/C
                         clock pessimism              0.391    13.241    
                         clock uncertainty           -0.035    13.206    
    SLICE_X32Y29         FDRE (Setup_fdre_C_CE)      -0.169    13.037    design_1_i/ps2_keyboard_to_ascii_0/U0/ascii_reg[3]
  -------------------------------------------------------------------
                         required time                         13.037    
                         arrival time                         -10.088    
  -------------------------------------------------------------------
                         slack                                  2.949    

Slack (MET) :             3.055ns  (required time - arrival time)
  Source:                 design_1_i/ps2_keyboard_to_ascii_0/U0/ps2_keyboard_0/ps2_code_reg[3]/C
                            (rising edge-triggered cell FDRE clocked by sys_clk_pin  {rise@0.000ns fall@4.000ns period=8.000ns})
  Destination:            design_1_i/ps2_keyboard_to_ascii_0/U0/ascii_reg[0]/CE
                            (rising edge-triggered cell FDRE clocked by sys_clk_pin  {rise@0.000ns fall@4.000ns period=8.000ns})
  Path Group:             sys_clk_pin
  Path Type:              Setup (Max at Slow Process Corner)
  Requirement:            8.000ns  (sys_clk_pin rise@8.000ns - sys_clk_pin rise@0.000ns)
  Data Path Delay:        4.568ns  (logic 0.952ns (20.839%)  route 3.616ns (79.161%))
  Logic Levels:           4  (LUT2=1 LUT4=1 LUT5=1 LUT6=1)
  Clock Path Skew:        -0.136ns (DCD - SCD + CPR)
    Destination Clock Delay (DCD):    4.850ns = ( 12.850 - 8.000 ) 
    Source Clock Delay      (SCD):    5.377ns
    Clock Pessimism Removal (CPR):    0.391ns
  Clock Uncertainty:      0.035ns  ((TSJ^2 + TIJ^2)^1/2 + DJ) / 2 + PE
    Total System Jitter     (TSJ):    0.071ns
    Total Input Jitter      (TIJ):    0.000ns
    Discrete Jitter          (DJ):    0.000ns
    Phase Error              (PE):    0.000ns

    Location             Delay type                Incr(ns)  Path(ns)    Netlist Resource(s)
  -------------------------------------------------------------------    -------------------
                         (clock sys_clk_pin rise edge)
                                                      0.000     0.000 r  
    H16                                               0.000     0.000 r  clk (IN)
                         net (fo=0)                   0.000     0.000    clk
    H16                  IBUF (Prop_ibuf_I_O)         1.457     1.457 r  clk_IBUF_inst/O
                         net (fo=1, routed)           2.076     3.533    clk_IBUF
    BUFGCTRL_X0Y16       BUFG (Prop_bufg_I_O)         0.101     3.634 r  clk_IBUF_BUFG_inst/O
                         net (fo=127, routed)         1.743     5.377    design_1_i/ps2_keyboard_to_ascii_0/U0/ps2_keyboard_0/clk
    SLICE_X36Y30         FDRE                                         r  design_1_i/ps2_keyboard_to_ascii_0/U0/ps2_keyboard_0/ps2_code_reg[3]/C
  -------------------------------------------------------------------    -------------------
    SLICE_X36Y30         FDRE (Prop_fdre_C_Q)         0.456     5.833 r  design_1_i/ps2_keyboard_to_ascii_0/U0/ps2_keyboard_0/ps2_code_reg[3]/Q
                         net (fo=61, routed)          1.384     7.217    design_1_i/ps2_keyboard_to_ascii_0/U0/ps2_keyboard_0/ps2_code[3]
    SLICE_X32Y26         LUT6 (Prop_lut6_I2_O)        0.124     7.341 r  design_1_i/ps2_keyboard_to_ascii_0/U0/ps2_keyboard_0/ascii[6]_i_13/O
                         net (fo=1, routed)           0.670     8.012    design_1_i/ps2_keyboard_to_ascii_0/U0/ps2_keyboard_0/ascii[6]_i_13_n_0
    SLICE_X32Y26         LUT4 (Prop_lut4_I0_O)        0.124     8.136 r  design_1_i/ps2_keyboard_to_ascii_0/U0/ps2_keyboard_0/ascii[6]_i_7/O
                         net (fo=1, routed)           0.607     8.743    design_1_i/ps2_keyboard_to_ascii_0/U0/ps2_keyboard_0/ascii[6]_i_7_n_0
    SLICE_X32Y27         LUT5 (Prop_lut5_I2_O)        0.124     8.867 r  design_1_i/ps2_keyboard_to_ascii_0/U0/ps2_keyboard_0/ascii[6]_i_3/O
                         net (fo=2, routed)           0.599     9.466    design_1_i/ps2_keyboard_to_ascii_0/U0/ps2_keyboard_0/control_l_reg
    SLICE_X32Y28         LUT2 (Prop_lut2_I0_O)        0.124     9.590 r  design_1_i/ps2_keyboard_to_ascii_0/U0/ps2_keyboard_0/ascii[6]_i_1/O
                         net (fo=7, routed)           0.356     9.946    design_1_i/ps2_keyboard_to_ascii_0/U0/ps2_keyboard_0_n_8
    SLICE_X33Y29         FDRE                                         r  design_1_i/ps2_keyboard_to_ascii_0/U0/ascii_reg[0]/CE
  -------------------------------------------------------------------    -------------------

                         (clock sys_clk_pin rise edge)
                                                      8.000     8.000 r  
    H16                                               0.000     8.000 r  clk (IN)
                         net (fo=0)                   0.000     8.000    clk
    H16                  IBUF (Prop_ibuf_I_O)         1.387     9.387 r  clk_IBUF_inst/O
                         net (fo=1, routed)           1.880    11.267    clk_IBUF
    BUFGCTRL_X0Y16       BUFG (Prop_bufg_I_O)         0.091    11.358 r  clk_IBUF_BUFG_inst/O
                         net (fo=127, routed)         1.492    12.850    design_1_i/ps2_keyboard_to_ascii_0/U0/clk
    SLICE_X33Y29         FDRE                                         r  design_1_i/ps2_keyboard_to_ascii_0/U0/ascii_reg[0]/C
                         clock pessimism              0.391    13.241    
                         clock uncertainty           -0.035    13.206    
    SLICE_X33Y29         FDRE (Setup_fdre_C_CE)      -0.205    13.001    design_1_i/ps2_keyboard_to_ascii_0/U0/ascii_reg[0]
  -------------------------------------------------------------------
                         required time                         13.001    
                         arrival time                          -9.946    
  -------------------------------------------------------------------
                         slack                                  3.055    

Slack (MET) :             3.055ns  (required time - arrival time)
  Source:                 design_1_i/ps2_keyboard_to_ascii_0/U0/ps2_keyboard_0/ps2_code_reg[3]/C
                            (rising edge-triggered cell FDRE clocked by sys_clk_pin  {rise@0.000ns fall@4.000ns period=8.000ns})
  Destination:            design_1_i/ps2_keyboard_to_ascii_0/U0/ascii_reg[2]/CE
                            (rising edge-triggered cell FDRE clocked by sys_clk_pin  {rise@0.000ns fall@4.000ns period=8.000ns})
  Path Group:             sys_clk_pin
  Path Type:              Setup (Max at Slow Process Corner)
  Requirement:            8.000ns  (sys_clk_pin rise@8.000ns - sys_clk_pin rise@0.000ns)
  Data Path Delay:        4.568ns  (logic 0.952ns (20.839%)  route 3.616ns (79.161%))
  Logic Levels:           4  (LUT2=1 LUT4=1 LUT5=1 LUT6=1)
  Clock Path Skew:        -0.136ns (DCD - SCD + CPR)
    Destination Clock Delay (DCD):    4.850ns = ( 12.850 - 8.000 ) 
    Source Clock Delay      (SCD):    5.377ns
    Clock Pessimism Removal (CPR):    0.391ns
  Clock Uncertainty:      0.035ns  ((TSJ^2 + TIJ^2)^1/2 + DJ) / 2 + PE
    Total System Jitter     (TSJ):    0.071ns
    Total Input Jitter      (TIJ):    0.000ns
    Discrete Jitter          (DJ):    0.000ns
    Phase Error              (PE):    0.000ns

    Location             Delay type                Incr(ns)  Path(ns)    Netlist Resource(s)
  -------------------------------------------------------------------    -------------------
                         (clock sys_clk_pin rise edge)
                                                      0.000     0.000 r  
    H16                                               0.000     0.000 r  clk (IN)
                         net (fo=0)                   0.000     0.000    clk
    H16                  IBUF (Prop_ibuf_I_O)         1.457     1.457 r  clk_IBUF_inst/O
                         net (fo=1, routed)           2.076     3.533    clk_IBUF
    BUFGCTRL_X0Y16       BUFG (Prop_bufg_I_O)         0.101     3.634 r  clk_IBUF_BUFG_inst/O
                         net (fo=127, routed)         1.743     5.377    design_1_i/ps2_keyboard_to_ascii_0/U0/ps2_keyboard_0/clk
    SLICE_X36Y30         FDRE                                         r  design_1_i/ps2_keyboard_to_ascii_0/U0/ps2_keyboard_0/ps2_code_reg[3]/C
  -------------------------------------------------------------------    -------------------
    SLICE_X36Y30         FDRE (Prop_fdre_C_Q)         0.456     5.833 r  design_1_i/ps2_keyboard_to_ascii_0/U0/ps2_keyboard_0/ps2_code_reg[3]/Q
                         net (fo=61, routed)          1.384     7.217    design_1_i/ps2_keyboard_to_ascii_0/U0/ps2_keyboard_0/ps2_code[3]
    SLICE_X32Y26         LUT6 (Prop_lut6_I2_O)        0.124     7.341 r  design_1_i/ps2_keyboard_to_ascii_0/U0/ps2_keyboard_0/ascii[6]_i_13/O
                         net (fo=1, routed)           0.670     8.012    design_1_i/ps2_keyboard_to_ascii_0/U0/ps2_keyboard_0/ascii[6]_i_13_n_0
    SLICE_X32Y26         LUT4 (Prop_lut4_I0_O)        0.124     8.136 r  design_1_i/ps2_keyboard_to_ascii_0/U0/ps2_keyboard_0/ascii[6]_i_7/O
                         net (fo=1, routed)           0.607     8.743    design_1_i/ps2_keyboard_to_ascii_0/U0/ps2_keyboard_0/ascii[6]_i_7_n_0
    SLICE_X32Y27         LUT5 (Prop_lut5_I2_O)        0.124     8.867 r  design_1_i/ps2_keyboard_to_ascii_0/U0/ps2_keyboard_0/ascii[6]_i_3/O
                         net (fo=2, routed)           0.599     9.466    design_1_i/ps2_keyboard_to_ascii_0/U0/ps2_keyboard_0/control_l_reg
    SLICE_X32Y28         LUT2 (Prop_lut2_I0_O)        0.124     9.590 r  design_1_i/ps2_keyboard_to_ascii_0/U0/ps2_keyboard_0/ascii[6]_i_1/O
                         net (fo=7, routed)           0.356     9.946    design_1_i/ps2_keyboard_to_ascii_0/U0/ps2_keyboard_0_n_8
    SLICE_X33Y29         FDRE                                         r  design_1_i/ps2_keyboard_to_ascii_0/U0/ascii_reg[2]/CE
  -------------------------------------------------------------------    -------------------

                         (clock sys_clk_pin rise edge)
                                                      8.000     8.000 r  
    H16                                               0.000     8.000 r  clk (IN)
                         net (fo=0)                   0.000     8.000    clk
    H16                  IBUF (Prop_ibuf_I_O)         1.387     9.387 r  clk_IBUF_inst/O
                         net (fo=1, routed)           1.880    11.267    clk_IBUF
    BUFGCTRL_X0Y16       BUFG (Prop_bufg_I_O)         0.091    11.358 r  clk_IBUF_BUFG_inst/O
                         net (fo=127, routed)         1.492    12.850    design_1_i/ps2_keyboard_to_ascii_0/U0/clk
    SLICE_X33Y29         FDRE                                         r  design_1_i/ps2_keyboard_to_ascii_0/U0/ascii_reg[2]/C
                         clock pessimism              0.391    13.241    
                         clock uncertainty           -0.035    13.206    
    SLICE_X33Y29         FDRE (Setup_fdre_C_CE)      -0.205    13.001    design_1_i/ps2_keyboard_to_ascii_0/U0/ascii_reg[2]
  -------------------------------------------------------------------
                         required time                         13.001    
                         arrival time                          -9.946    
  -------------------------------------------------------------------
                         slack                                  3.055    

Slack (MET) :             3.055ns  (required time - arrival time)
  Source:                 design_1_i/ps2_keyboard_to_ascii_0/U0/ps2_keyboard_0/ps2_code_reg[3]/C
                            (rising edge-triggered cell FDRE clocked by sys_clk_pin  {rise@0.000ns fall@4.000ns period=8.000ns})
  Destination:            design_1_i/ps2_keyboard_to_ascii_0/U0/ascii_reg[5]/CE
                            (rising edge-triggered cell FDRE clocked by sys_clk_pin  {rise@0.000ns fall@4.000ns period=8.000ns})
  Path Group:             sys_clk_pin
  Path Type:              Setup (Max at Slow Process Corner)
  Requirement:            8.000ns  (sys_clk_pin rise@8.000ns - sys_clk_pin rise@0.000ns)
  Data Path Delay:        4.568ns  (logic 0.952ns (20.839%)  route 3.616ns (79.161%))
  Logic Levels:           4  (LUT2=1 LUT4=1 LUT5=1 LUT6=1)
  Clock Path Skew:        -0.136ns (DCD - SCD + CPR)
    Destination Clock Delay (DCD):    4.850ns = ( 12.850 - 8.000 ) 
    Source Clock Delay      (SCD):    5.377ns
    Clock Pessimism Removal (CPR):    0.391ns
  Clock Uncertainty:      0.035ns  ((TSJ^2 + TIJ^2)^1/2 + DJ) / 2 + PE
    Total System Jitter     (TSJ):    0.071ns
    Total Input Jitter      (TIJ):    0.000ns
    Discrete Jitter          (DJ):    0.000ns
    Phase Error              (PE):    0.000ns

    Location             Delay type                Incr(ns)  Path(ns)    Netlist Resource(s)
  -------------------------------------------------------------------    -------------------
                         (clock sys_clk_pin rise edge)
                                                      0.000     0.000 r  
    H16                                               0.000     0.000 r  clk (IN)
                         net (fo=0)                   0.000     0.000    clk
    H16                  IBUF (Prop_ibuf_I_O)         1.457     1.457 r  clk_IBUF_inst/O
                         net (fo=1, routed)           2.076     3.533    clk_IBUF
    BUFGCTRL_X0Y16       BUFG (Prop_bufg_I_O)         0.101     3.634 r  clk_IBUF_BUFG_inst/O
                         net (fo=127, routed)         1.743     5.377    design_1_i/ps2_keyboard_to_ascii_0/U0/ps2_keyboard_0/clk
    SLICE_X36Y30         FDRE                                         r  design_1_i/ps2_keyboard_to_ascii_0/U0/ps2_keyboard_0/ps2_code_reg[3]/C
  -------------------------------------------------------------------    -------------------
    SLICE_X36Y30         FDRE (Prop_fdre_C_Q)         0.456     5.833 r  design_1_i/ps2_keyboard_to_ascii_0/U0/ps2_keyboard_0/ps2_code_reg[3]/Q
                         net (fo=61, routed)          1.384     7.217    design_1_i/ps2_keyboard_to_ascii_0/U0/ps2_keyboard_0/ps2_code[3]
    SLICE_X32Y26         LUT6 (Prop_lut6_I2_O)        0.124     7.341 r  design_1_i/ps2_keyboard_to_ascii_0/U0/ps2_keyboard_0/ascii[6]_i_13/O
                         net (fo=1, routed)           0.670     8.012    design_1_i/ps2_keyboard_to_ascii_0/U0/ps2_keyboard_0/ascii[6]_i_13_n_0
    SLICE_X32Y26         LUT4 (Prop_lut4_I0_O)        0.124     8.136 r  design_1_i/ps2_keyboard_to_ascii_0/U0/ps2_keyboard_0/ascii[6]_i_7/O
                         net (fo=1, routed)           0.607     8.743    design_1_i/ps2_keyboard_to_ascii_0/U0/ps2_keyboard_0/ascii[6]_i_7_n_0
    SLICE_X32Y27         LUT5 (Prop_lut5_I2_O)        0.124     8.867 r  design_1_i/ps2_keyboard_to_ascii_0/U0/ps2_keyboard_0/ascii[6]_i_3/O
                         net (fo=2, routed)           0.599     9.466    design_1_i/ps2_keyboard_to_ascii_0/U0/ps2_keyboard_0/control_l_reg
    SLICE_X32Y28         LUT2 (Prop_lut2_I0_O)        0.124     9.590 r  design_1_i/ps2_keyboard_to_ascii_0/U0/ps2_keyboard_0/ascii[6]_i_1/O
                         net (fo=7, routed)           0.356     9.946    design_1_i/ps2_keyboard_to_ascii_0/U0/ps2_keyboard_0_n_8
    SLICE_X33Y29         FDRE                                         r  design_1_i/ps2_keyboard_to_ascii_0/U0/ascii_reg[5]/CE
  -------------------------------------------------------------------    -------------------

                         (clock sys_clk_pin rise edge)
                                                      8.000     8.000 r  
    H16                                               0.000     8.000 r  clk (IN)
                         net (fo=0)                   0.000     8.000    clk
    H16                  IBUF (Prop_ibuf_I_O)         1.387     9.387 r  clk_IBUF_inst/O
                         net (fo=1, routed)           1.880    11.267    clk_IBUF
    BUFGCTRL_X0Y16       BUFG (Prop_bufg_I_O)         0.091    11.358 r  clk_IBUF_BUFG_inst/O
                         net (fo=127, routed)         1.492    12.850    design_1_i/ps2_keyboard_to_ascii_0/U0/clk
    SLICE_X33Y29         FDRE                                         r  design_1_i/ps2_keyboard_to_ascii_0/U0/ascii_reg[5]/C
                         clock pessimism              0.391    13.241    
                         clock uncertainty           -0.035    13.206    
    SLICE_X33Y29         FDRE (Setup_fdre_C_CE)      -0.205    13.001    design_1_i/ps2_keyboard_to_ascii_0/U0/ascii_reg[5]
  -------------------------------------------------------------------
                         required time                         13.001    
                         arrival time                          -9.946    
  -------------------------------------------------------------------
                         slack                                  3.055    

Slack (MET) :             3.055ns  (required time - arrival time)
  Source:                 design_1_i/ps2_keyboard_to_ascii_0/U0/ps2_keyboard_0/ps2_code_reg[3]/C
                            (rising edge-triggered cell FDRE clocked by sys_clk_pin  {rise@0.000ns fall@4.000ns period=8.000ns})
  Destination:            design_1_i/ps2_keyboard_to_ascii_0/U0/ascii_reg[6]/CE
                            (rising edge-triggered cell FDRE clocked by sys_clk_pin  {rise@0.000ns fall@4.000ns period=8.000ns})
  Path Group:             sys_clk_pin
  Path Type:              Setup (Max at Slow Process Corner)
  Requirement:            8.000ns  (sys_clk_pin rise@8.000ns - sys_clk_pin rise@0.000ns)
  Data Path Delay:        4.568ns  (logic 0.952ns (20.839%)  route 3.616ns (79.161%))
  Logic Levels:           4  (LUT2=1 LUT4=1 LUT5=1 LUT6=1)
  Clock Path Skew:        -0.136ns (DCD - SCD + CPR)
    Destination Clock Delay (DCD):    4.850ns = ( 12.850 - 8.000 ) 
    Source Clock Delay      (SCD):    5.377ns
    Clock Pessimism Removal (CPR):    0.391ns
  Clock Uncertainty:      0.035ns  ((TSJ^2 + TIJ^2)^1/2 + DJ) / 2 + PE
    Total System Jitter     (TSJ):    0.071ns
    Total Input Jitter      (TIJ):    0.000ns
    Discrete Jitter          (DJ):    0.000ns
    Phase Error              (PE):    0.000ns

    Location             Delay type                Incr(ns)  Path(ns)    Netlist Resource(s)
  -------------------------------------------------------------------    -------------------
                         (clock sys_clk_pin rise edge)
                                                      0.000     0.000 r  
    H16                                               0.000     0.000 r  clk (IN)
                         net (fo=0)                   0.000     0.000    clk
    H16                  IBUF (Prop_ibuf_I_O)         1.457     1.457 r  clk_IBUF_inst/O
                         net (fo=1, routed)           2.076     3.533    clk_IBUF
    BUFGCTRL_X0Y16       BUFG (Prop_bufg_I_O)         0.101     3.634 r  clk_IBUF_BUFG_inst/O
                         net (fo=127, routed)         1.743     5.377    design_1_i/ps2_keyboard_to_ascii_0/U0/ps2_keyboard_0/clk
    SLICE_X36Y30         FDRE                                         r  design_1_i/ps2_keyboard_to_ascii_0/U0/ps2_keyboard_0/ps2_code_reg[3]/C
  -------------------------------------------------------------------    -------------------
    SLICE_X36Y30         FDRE (Prop_fdre_C_Q)         0.456     5.833 r  design_1_i/ps2_keyboard_to_ascii_0/U0/ps2_keyboard_0/ps2_code_reg[3]/Q
                         net (fo=61, routed)          1.384     7.217    design_1_i/ps2_keyboard_to_ascii_0/U0/ps2_keyboard_0/ps2_code[3]
    SLICE_X32Y26         LUT6 (Prop_lut6_I2_O)        0.124     7.341 r  design_1_i/ps2_keyboard_to_ascii_0/U0/ps2_keyboard_0/ascii[6]_i_13/O
                         net (fo=1, routed)           0.670     8.012    design_1_i/ps2_keyboard_to_ascii_0/U0/ps2_keyboard_0/ascii[6]_i_13_n_0
    SLICE_X32Y26         LUT4 (Prop_lut4_I0_O)        0.124     8.136 r  design_1_i/ps2_keyboard_to_ascii_0/U0/ps2_keyboard_0/ascii[6]_i_7/O
                         net (fo=1, routed)           0.607     8.743    design_1_i/ps2_keyboard_to_ascii_0/U0/ps2_keyboard_0/ascii[6]_i_7_n_0
    SLICE_X32Y27         LUT5 (Prop_lut5_I2_O)        0.124     8.867 r  design_1_i/ps2_keyboard_to_ascii_0/U0/ps2_keyboard_0/ascii[6]_i_3/O
                         net (fo=2, routed)           0.599     9.466    design_1_i/ps2_keyboard_to_ascii_0/U0/ps2_keyboard_0/control_l_reg
    SLICE_X32Y28         LUT2 (Prop_lut2_I0_O)        0.124     9.590 r  design_1_i/ps2_keyboard_to_ascii_0/U0/ps2_keyboard_0/ascii[6]_i_1/O
                         net (fo=7, routed)           0.356     9.946    design_1_i/ps2_keyboard_to_ascii_0/U0/ps2_keyboard_0_n_8
    SLICE_X33Y29         FDRE                                         r  design_1_i/ps2_keyboard_to_ascii_0/U0/ascii_reg[6]/CE
  -------------------------------------------------------------------    -------------------

                         (clock sys_clk_pin rise edge)
                                                      8.000     8.000 r  
    H16                                               0.000     8.000 r  clk (IN)
                         net (fo=0)                   0.000     8.000    clk
    H16                  IBUF (Prop_ibuf_I_O)         1.387     9.387 r  clk_IBUF_inst/O
                         net (fo=1, routed)           1.880    11.267    clk_IBUF
    BUFGCTRL_X0Y16       BUFG (Prop_bufg_I_O)         0.091    11.358 r  clk_IBUF_BUFG_inst/O
                         net (fo=127, routed)         1.492    12.850    design_1_i/ps2_keyboard_to_ascii_0/U0/clk
    SLICE_X33Y29         FDRE                                         r  design_1_i/ps2_keyboard_to_ascii_0/U0/ascii_reg[6]/C
                         clock pessimism              0.391    13.241    
                         clock uncertainty           -0.035    13.206    
    SLICE_X33Y29         FDRE (Setup_fdre_C_CE)      -0.205    13.001    design_1_i/ps2_keyboard_to_ascii_0/U0/ascii_reg[6]
  -------------------------------------------------------------------
                         required time                         13.001    
                         arrival time                          -9.946    
  -------------------------------------------------------------------
                         slack                                  3.055    

Slack (MET) :             3.368ns  (required time - arrival time)
  Source:                 design_1_i/ps2_keyboard_to_ascii_0/U0/ps2_keyboard_0/ps2_code_reg[3]/C
                            (rising edge-triggered cell FDRE clocked by sys_clk_pin  {rise@0.000ns fall@4.000ns period=8.000ns})
  Destination:            design_1_i/ps2_keyboard_to_ascii_0/U0/FSM_sequential_state_reg[1]/D
                            (rising edge-triggered cell FDRE clocked by sys_clk_pin  {rise@0.000ns fall@4.000ns period=8.000ns})
  Path Group:             sys_clk_pin
  Path Type:              Setup (Max at Slow Process Corner)
  Requirement:            8.000ns  (sys_clk_pin rise@8.000ns - sys_clk_pin rise@0.000ns)
  Data Path Delay:        4.219ns  (logic 1.092ns (25.880%)  route 3.127ns (74.120%))
  Logic Levels:           3  (LUT3=1 LUT4=1 LUT6=1)
  Clock Path Skew:        -0.137ns (DCD - SCD + CPR)
    Destination Clock Delay (DCD):    4.849ns = ( 12.849 - 8.000 ) 
    Source Clock Delay      (SCD):    5.377ns
    Clock Pessimism Removal (CPR):    0.391ns
  Clock Uncertainty:      0.035ns  ((TSJ^2 + TIJ^2)^1/2 + DJ) / 2 + PE
    Total System Jitter     (TSJ):    0.071ns
    Total Input Jitter      (TIJ):    0.000ns
    Discrete Jitter          (DJ):    0.000ns
    Phase Error              (PE):    0.000ns

    Location             Delay type                Incr(ns)  Path(ns)    Netlist Resource(s)
  -------------------------------------------------------------------    -------------------
                         (clock sys_clk_pin rise edge)
                                                      0.000     0.000 r  
    H16                                               0.000     0.000 r  clk (IN)
                         net (fo=0)                   0.000     0.000    clk
    H16                  IBUF (Prop_ibuf_I_O)         1.457     1.457 r  clk_IBUF_inst/O
                         net (fo=1, routed)           2.076     3.533    clk_IBUF
    BUFGCTRL_X0Y16       BUFG (Prop_bufg_I_O)         0.101     3.634 r  clk_IBUF_BUFG_inst/O
                         net (fo=127, routed)         1.743     5.377    design_1_i/ps2_keyboard_to_ascii_0/U0/ps2_keyboard_0/clk
    SLICE_X36Y30         FDRE                                         r  design_1_i/ps2_keyboard_to_ascii_0/U0/ps2_keyboard_0/ps2_code_reg[3]/C
  -------------------------------------------------------------------    -------------------
    SLICE_X36Y30         FDRE (Prop_fdre_C_Q)         0.456     5.833 r  design_1_i/ps2_keyboard_to_ascii_0/U0/ps2_keyboard_0/ps2_code_reg[3]/Q
                         net (fo=61, routed)          1.418     7.251    design_1_i/ps2_keyboard_to_ascii_0/U0/ps2_keyboard_0/ps2_code[3]
    SLICE_X32Y28         LUT3 (Prop_lut3_I2_O)        0.153     7.404 r  design_1_i/ps2_keyboard_to_ascii_0/U0/ps2_keyboard_0/FSM_sequential_state[1]_i_3/O
                         net (fo=1, routed)           0.692     8.097    design_1_i/ps2_keyboard_to_ascii_0/U0/ps2_keyboard_0/FSM_sequential_state[1]_i_3_n_0
    SLICE_X32Y28         LUT6 (Prop_lut6_I2_O)        0.331     8.428 r  design_1_i/ps2_keyboard_to_ascii_0/U0/ps2_keyboard_0/FSM_sequential_state[1]_i_2/O
                         net (fo=2, routed)           0.681     9.109    design_1_i/ps2_keyboard_to_ascii_0/U0/ps2_keyboard_0/ps2_code_reg[7]_0
    SLICE_X32Y28         LUT4 (Prop_lut4_I0_O)        0.152     9.261 r  design_1_i/ps2_keyboard_to_ascii_0/U0/ps2_keyboard_0/FSM_sequential_state[1]_i_1/O
                         net (fo=1, routed)           0.336     9.597    design_1_i/ps2_keyboard_to_ascii_0/U0/ps2_keyboard_0_n_10
    SLICE_X32Y28         FDRE                                         r  design_1_i/ps2_keyboard_to_ascii_0/U0/FSM_sequential_state_reg[1]/D
  -------------------------------------------------------------------    -------------------

                         (clock sys_clk_pin rise edge)
                                                      8.000     8.000 r  
    H16                                               0.000     8.000 r  clk (IN)
                         net (fo=0)                   0.000     8.000    clk
    H16                  IBUF (Prop_ibuf_I_O)         1.387     9.387 r  clk_IBUF_inst/O
                         net (fo=1, routed)           1.880    11.267    clk_IBUF
    BUFGCTRL_X0Y16       BUFG (Prop_bufg_I_O)         0.091    11.358 r  clk_IBUF_BUFG_inst/O
                         net (fo=127, routed)         1.491    12.849    design_1_i/ps2_keyboard_to_ascii_0/U0/clk
    SLICE_X32Y28         FDRE                                         r  design_1_i/ps2_keyboard_to_ascii_0/U0/FSM_sequential_state_reg[1]/C
                         clock pessimism              0.391    13.240    
                         clock uncertainty           -0.035    13.205    
    SLICE_X32Y28         FDRE (Setup_fdre_C_D)       -0.240    12.965    design_1_i/ps2_keyboard_to_ascii_0/U0/FSM_sequential_state_reg[1]
  -------------------------------------------------------------------
                         required time                         12.965    
                         arrival time                          -9.597    
  -------------------------------------------------------------------
                         slack                                  3.368    

Slack (MET) :             3.376ns  (required time - arrival time)
  Source:                 design_1_i/ps2_keyboard_to_ascii_0/U0/ps2_keyboard_0/ps2_code_reg[5]/C
                            (rising edge-triggered cell FDRE clocked by sys_clk_pin  {rise@0.000ns fall@4.000ns period=8.000ns})
  Destination:            design_1_i/ps2_keyboard_to_ascii_0/U0/ascii_reg[5]/D
                            (rising edge-triggered cell FDRE clocked by sys_clk_pin  {rise@0.000ns fall@4.000ns period=8.000ns})
  Path Group:             sys_clk_pin
  Path Type:              Setup (Max at Slow Process Corner)
  Requirement:            8.000ns  (sys_clk_pin rise@8.000ns - sys_clk_pin rise@0.000ns)
  Data Path Delay:        4.483ns  (logic 1.469ns (32.766%)  route 3.014ns (67.234%))
  Logic Levels:           5  (LUT4=1 LUT6=2 MUXF7=1 MUXF8=1)
  Clock Path Skew:        -0.136ns (DCD - SCD + CPR)
    Destination Clock Delay (DCD):    4.850ns = ( 12.850 - 8.000 ) 
    Source Clock Delay      (SCD):    5.377ns
    Clock Pessimism Removal (CPR):    0.391ns
  Clock Uncertainty:      0.035ns  ((TSJ^2 + TIJ^2)^1/2 + DJ) / 2 + PE
    Total System Jitter     (TSJ):    0.071ns
    Total Input Jitter      (TIJ):    0.000ns
    Discrete Jitter          (DJ):    0.000ns
    Phase Error              (PE):    0.000ns

    Location             Delay type                Incr(ns)  Path(ns)    Netlist Resource(s)
  -------------------------------------------------------------------    -------------------
                         (clock sys_clk_pin rise edge)
                                                      0.000     0.000 r  
    H16                                               0.000     0.000 r  clk (IN)
                         net (fo=0)                   0.000     0.000    clk
    H16                  IBUF (Prop_ibuf_I_O)         1.457     1.457 r  clk_IBUF_inst/O
                         net (fo=1, routed)           2.076     3.533    clk_IBUF
    BUFGCTRL_X0Y16       BUFG (Prop_bufg_I_O)         0.101     3.634 r  clk_IBUF_BUFG_inst/O
                         net (fo=127, routed)         1.743     5.377    design_1_i/ps2_keyboard_to_ascii_0/U0/ps2_keyboard_0/clk
    SLICE_X36Y30         FDRE                                         r  design_1_i/ps2_keyboard_to_ascii_0/U0/ps2_keyboard_0/ps2_code_reg[5]/C
  -------------------------------------------------------------------    -------------------
    SLICE_X36Y30         FDRE (Prop_fdre_C_Q)         0.419     5.796 r  design_1_i/ps2_keyboard_to_ascii_0/U0/ps2_keyboard_0/ps2_code_reg[5]/Q
                         net (fo=52, routed)          1.593     7.389    design_1_i/ps2_keyboard_to_ascii_0/U0/ps2_keyboard_0/ps2_code[5]
    SLICE_X35Y28         LUT6 (Prop_lut6_I1_O)        0.299     7.688 r  design_1_i/ps2_keyboard_to_ascii_0/U0/ps2_keyboard_0/ascii[5]_i_13/O
                         net (fo=1, routed)           0.000     7.688    design_1_i/ps2_keyboard_to_ascii_0/U0/ps2_keyboard_0/ascii[5]_i_13_n_0
    SLICE_X35Y28         MUXF7 (Prop_muxf7_I1_O)      0.217     7.905 r  design_1_i/ps2_keyboard_to_ascii_0/U0/ps2_keyboard_0/ascii_reg[5]_i_7/O
                         net (fo=1, routed)           0.000     7.905    design_1_i/ps2_keyboard_to_ascii_0/U0/ps2_keyboard_0/ascii_reg[5]_i_7_n_0
    SLICE_X35Y28         MUXF8 (Prop_muxf8_I1_O)      0.094     7.999 r  design_1_i/ps2_keyboard_to_ascii_0/U0/ps2_keyboard_0/ascii_reg[5]_i_3/O
                         net (fo=1, routed)           0.854     8.853    design_1_i/ps2_keyboard_to_ascii_0/U0/ps2_keyboard_0/ascii_reg[5]_i_3_n_0
    SLICE_X34Y28         LUT6 (Prop_lut6_I1_O)        0.316     9.169 r  design_1_i/ps2_keyboard_to_ascii_0/U0/ps2_keyboard_0/ascii[5]_i_2/O
                         net (fo=1, routed)           0.568     9.736    design_1_i/ps2_keyboard_to_ascii_0/U0/ps2_keyboard_0/ascii[5]_i_2_n_0
    SLICE_X33Y29         LUT4 (Prop_lut4_I3_O)        0.124     9.860 r  design_1_i/ps2_keyboard_to_ascii_0/U0/ps2_keyboard_0/ascii[5]_i_1/O
                         net (fo=1, routed)           0.000     9.860    design_1_i/ps2_keyboard_to_ascii_0/U0/ascii[5]
    SLICE_X33Y29         FDRE                                         r  design_1_i/ps2_keyboard_to_ascii_0/U0/ascii_reg[5]/D
  -------------------------------------------------------------------    -------------------

                         (clock sys_clk_pin rise edge)
                                                      8.000     8.000 r  
    H16                                               0.000     8.000 r  clk (IN)
                         net (fo=0)                   0.000     8.000    clk
    H16                  IBUF (Prop_ibuf_I_O)         1.387     9.387 r  clk_IBUF_inst/O
                         net (fo=1, routed)           1.880    11.267    clk_IBUF
    BUFGCTRL_X0Y16       BUFG (Prop_bufg_I_O)         0.091    11.358 r  clk_IBUF_BUFG_inst/O
                         net (fo=127, routed)         1.492    12.850    design_1_i/ps2_keyboard_to_ascii_0/U0/clk
    SLICE_X33Y29         FDRE                                         r  design_1_i/ps2_keyboard_to_ascii_0/U0/ascii_reg[5]/C
                         clock pessimism              0.391    13.241    
                         clock uncertainty           -0.035    13.206    
    SLICE_X33Y29         FDRE (Setup_fdre_C_D)        0.031    13.237    design_1_i/ps2_keyboard_to_ascii_0/U0/ascii_reg[5]
  -------------------------------------------------------------------
                         required time                         13.237    
                         arrival time                          -9.860    
  -------------------------------------------------------------------
                         slack                                  3.376    

Slack (MET) :             3.558ns  (required time - arrival time)
  Source:                 design_1_i/ps2_keyboard_to_ascii_0/U0/ps2_keyboard_0/ps2_code_reg[4]/C
                            (rising edge-triggered cell FDRE clocked by sys_clk_pin  {rise@0.000ns fall@4.000ns period=8.000ns})
  Destination:            design_1_i/ps2_keyboard_to_ascii_0/U0/ascii_reg[2]/D
                            (rising edge-triggered cell FDRE clocked by sys_clk_pin  {rise@0.000ns fall@4.000ns period=8.000ns})
  Path Group:             sys_clk_pin
  Path Type:              Setup (Max at Slow Process Corner)
  Requirement:            8.000ns  (sys_clk_pin rise@8.000ns - sys_clk_pin rise@0.000ns)
  Data Path Delay:        4.301ns  (logic 1.091ns (25.365%)  route 3.210ns (74.635%))
  Logic Levels:           3  (LUT4=1 LUT6=1 MUXF7=1)
  Clock Path Skew:        -0.136ns (DCD - SCD + CPR)
    Destination Clock Delay (DCD):    4.850ns = ( 12.850 - 8.000 ) 
    Source Clock Delay      (SCD):    5.377ns
    Clock Pessimism Removal (CPR):    0.391ns
  Clock Uncertainty:      0.035ns  ((TSJ^2 + TIJ^2)^1/2 + DJ) / 2 + PE
    Total System Jitter     (TSJ):    0.071ns
    Total Input Jitter      (TIJ):    0.000ns
    Discrete Jitter          (DJ):    0.000ns
    Phase Error              (PE):    0.000ns

    Location             Delay type                Incr(ns)  Path(ns)    Netlist Resource(s)
  -------------------------------------------------------------------    -------------------
                         (clock sys_clk_pin rise edge)
                                                      0.000     0.000 r  
    H16                                               0.000     0.000 r  clk (IN)
                         net (fo=0)                   0.000     0.000    clk
    H16                  IBUF (Prop_ibuf_I_O)         1.457     1.457 r  clk_IBUF_inst/O
                         net (fo=1, routed)           2.076     3.533    clk_IBUF
    BUFGCTRL_X0Y16       BUFG (Prop_bufg_I_O)         0.101     3.634 r  clk_IBUF_BUFG_inst/O
                         net (fo=127, routed)         1.743     5.377    design_1_i/ps2_keyboard_to_ascii_0/U0/ps2_keyboard_0/clk
    SLICE_X36Y30         FDRE                                         r  design_1_i/ps2_keyboard_to_ascii_0/U0/ps2_keyboard_0/ps2_code_reg[4]/C
  -------------------------------------------------------------------    -------------------
    SLICE_X36Y30         FDRE (Prop_fdre_C_Q)         0.456     5.833 r  design_1_i/ps2_keyboard_to_ascii_0/U0/ps2_keyboard_0/ps2_code_reg[4]/Q
                         net (fo=60, routed)          2.209     8.042    design_1_i/ps2_keyboard_to_ascii_0/U0/ps2_keyboard_0/ps2_code[4]
    SLICE_X33Y30         LUT6 (Prop_lut6_I5_O)        0.124     8.166 r  design_1_i/ps2_keyboard_to_ascii_0/U0/ps2_keyboard_0/ascii[2]_i_4/O
                         net (fo=1, routed)           0.000     8.166    design_1_i/ps2_keyboard_to_ascii_0/U0/ps2_keyboard_0/ascii[2]_i_4_n_0
    SLICE_X33Y30         MUXF7 (Prop_muxf7_I0_O)      0.212     8.378 r  design_1_i/ps2_keyboard_to_ascii_0/U0/ps2_keyboard_0/ascii_reg[2]_i_2/O
                         net (fo=1, routed)           1.001     9.379    design_1_i/ps2_keyboard_to_ascii_0/U0/ps2_keyboard_0/ascii_reg[2]_i_2_n_0
    SLICE_X33Y29         LUT4 (Prop_lut4_I1_O)        0.299     9.678 r  design_1_i/ps2_keyboard_to_ascii_0/U0/ps2_keyboard_0/ascii[2]_i_1/O
                         net (fo=1, routed)           0.000     9.678    design_1_i/ps2_keyboard_to_ascii_0/U0/ascii[2]
    SLICE_X33Y29         FDRE                                         r  design_1_i/ps2_keyboard_to_ascii_0/U0/ascii_reg[2]/D
  -------------------------------------------------------------------    -------------------

                         (clock sys_clk_pin rise edge)
                                                      8.000     8.000 r  
    H16                                               0.000     8.000 r  clk (IN)
                         net (fo=0)                   0.000     8.000    clk
    H16                  IBUF (Prop_ibuf_I_O)         1.387     9.387 r  clk_IBUF_inst/O
                         net (fo=1, routed)           1.880    11.267    clk_IBUF
    BUFGCTRL_X0Y16       BUFG (Prop_bufg_I_O)         0.091    11.358 r  clk_IBUF_BUFG_inst/O
                         net (fo=127, routed)         1.492    12.850    design_1_i/ps2_keyboard_to_ascii_0/U0/clk
    SLICE_X33Y29         FDRE                                         r  design_1_i/ps2_keyboard_to_ascii_0/U0/ascii_reg[2]/C
                         clock pessimism              0.391    13.241    
                         clock uncertainty           -0.035    13.206    
    SLICE_X33Y29         FDRE (Setup_fdre_C_D)        0.031    13.237    design_1_i/ps2_keyboard_to_ascii_0/U0/ascii_reg[2]
  -------------------------------------------------------------------
                         required time                         13.237    
                         arrival time                          -9.678    
  -------------------------------------------------------------------
                         slack                                  3.558    





Min Delay Paths
--------------------------------------------------------------------------------------
Slack (MET) :             0.160ns  (arrival time - required time)
  Source:                 design_1_i/ps2_keyboard_to_ascii_0/U0/ascii_reg[2]/C
                            (rising edge-triggered cell FDRE clocked by sys_clk_pin  {rise@0.000ns fall@4.000ns period=8.000ns})
  Destination:            design_1_i/ps2_keyboard_to_ascii_0/U0/ascii_code_reg[2]/D
                            (rising edge-triggered cell FDRE clocked by sys_clk_pin  {rise@0.000ns fall@4.000ns period=8.000ns})
  Path Group:             sys_clk_pin
  Path Type:              Hold (Min at Fast Process Corner)
  Requirement:            0.000ns  (sys_clk_pin rise@0.000ns - sys_clk_pin rise@0.000ns)
  Data Path Delay:        0.251ns  (logic 0.141ns (56.137%)  route 0.110ns (43.863%))
  Logic Levels:           0  
  Clock Path Skew:        0.015ns (DCD - SCD - CPR)
    Destination Clock Delay (DCD):    1.948ns
    Source Clock Delay      (SCD):    1.434ns
    Clock Pessimism Removal (CPR):    0.499ns

    Location             Delay type                Incr(ns)  Path(ns)    Netlist Resource(s)
  -------------------------------------------------------------------    -------------------
                         (clock sys_clk_pin rise edge)
                                                      0.000     0.000 r  
    H16                                               0.000     0.000 r  clk (IN)
                         net (fo=0)                   0.000     0.000    clk
    H16                  IBUF (Prop_ibuf_I_O)         0.225     0.225 r  clk_IBUF_inst/O
                         net (fo=1, routed)           0.627     0.852    clk_IBUF
    BUFGCTRL_X0Y16       BUFG (Prop_bufg_I_O)         0.026     0.878 r  clk_IBUF_BUFG_inst/O
                         net (fo=127, routed)         0.556     1.434    design_1_i/ps2_keyboard_to_ascii_0/U0/clk
    SLICE_X33Y29         FDRE                                         r  design_1_i/ps2_keyboard_to_ascii_0/U0/ascii_reg[2]/C
  -------------------------------------------------------------------    -------------------
    SLICE_X33Y29         FDRE (Prop_fdre_C_Q)         0.141     1.575 r  design_1_i/ps2_keyboard_to_ascii_0/U0/ascii_reg[2]/Q
                         net (fo=1, routed)           0.110     1.685    design_1_i/ps2_keyboard_to_ascii_0/U0/ascii_reg_n_0_[2]
    SLICE_X32Y30         FDRE                                         r  design_1_i/ps2_keyboard_to_ascii_0/U0/ascii_code_reg[2]/D
  -------------------------------------------------------------------    -------------------

                         (clock sys_clk_pin rise edge)
                                                      0.000     0.000 r  
    H16                                               0.000     0.000 r  clk (IN)
                         net (fo=0)                   0.000     0.000    clk
    H16                  IBUF (Prop_ibuf_I_O)         0.413     0.413 r  clk_IBUF_inst/O
                         net (fo=1, routed)           0.683     1.096    clk_IBUF
    BUFGCTRL_X0Y16       BUFG (Prop_bufg_I_O)         0.029     1.125 r  clk_IBUF_BUFG_inst/O
                         net (fo=127, routed)         0.823     1.948    design_1_i/ps2_keyboard_to_ascii_0/U0/clk
    SLICE_X32Y30         FDRE                                         r  design_1_i/ps2_keyboard_to_ascii_0/U0/ascii_code_reg[2]/C
                         clock pessimism             -0.499     1.449    
    SLICE_X32Y30         FDRE (Hold_fdre_C_D)         0.076     1.525    design_1_i/ps2_keyboard_to_ascii_0/U0/ascii_code_reg[2]
  -------------------------------------------------------------------
                         required time                         -1.525    
                         arrival time                           1.685    
  -------------------------------------------------------------------
                         slack                                  0.160    

Slack (MET) :             0.183ns  (arrival time - required time)
  Source:                 design_1_i/ps2_keyboard_to_ascii_0/U0/ascii_reg[5]/C
                            (rising edge-triggered cell FDRE clocked by sys_clk_pin  {rise@0.000ns fall@4.000ns period=8.000ns})
  Destination:            design_1_i/ps2_keyboard_to_ascii_0/U0/ascii_code_reg[5]/D
                            (rising edge-triggered cell FDRE clocked by sys_clk_pin  {rise@0.000ns fall@4.000ns period=8.000ns})
  Path Group:             sys_clk_pin
  Path Type:              Hold (Min at Fast Process Corner)
  Requirement:            0.000ns  (sys_clk_pin rise@0.000ns - sys_clk_pin rise@0.000ns)
  Data Path Delay:        0.251ns  (logic 0.141ns (56.174%)  route 0.110ns (43.826%))
  Logic Levels:           0  
  Clock Path Skew:        0.015ns (DCD - SCD - CPR)
    Destination Clock Delay (DCD):    1.948ns
    Source Clock Delay      (SCD):    1.434ns
    Clock Pessimism Removal (CPR):    0.499ns

    Location             Delay type                Incr(ns)  Path(ns)    Netlist Resource(s)
  -------------------------------------------------------------------    -------------------
                         (clock sys_clk_pin rise edge)
                                                      0.000     0.000 r  
    H16                                               0.000     0.000 r  clk (IN)
                         net (fo=0)                   0.000     0.000    clk
    H16                  IBUF (Prop_ibuf_I_O)         0.225     0.225 r  clk_IBUF_inst/O
                         net (fo=1, routed)           0.627     0.852    clk_IBUF
    BUFGCTRL_X0Y16       BUFG (Prop_bufg_I_O)         0.026     0.878 r  clk_IBUF_BUFG_inst/O
                         net (fo=127, routed)         0.556     1.434    design_1_i/ps2_keyboard_to_ascii_0/U0/clk
    SLICE_X33Y29         FDRE                                         r  design_1_i/ps2_keyboard_to_ascii_0/U0/ascii_reg[5]/C
  -------------------------------------------------------------------    -------------------
    SLICE_X33Y29         FDRE (Prop_fdre_C_Q)         0.141     1.575 r  design_1_i/ps2_keyboard_to_ascii_0/U0/ascii_reg[5]/Q
                         net (fo=1, routed)           0.110     1.685    design_1_i/ps2_keyboard_to_ascii_0/U0/ascii_reg_n_0_[5]
    SLICE_X32Y30         FDRE                                         r  design_1_i/ps2_keyboard_to_ascii_0/U0/ascii_code_reg[5]/D
  -------------------------------------------------------------------    -------------------

                         (clock sys_clk_pin rise edge)
                                                      0.000     0.000 r  
    H16                                               0.000     0.000 r  clk (IN)
                         net (fo=0)                   0.000     0.000    clk
    H16                  IBUF (Prop_ibuf_I_O)         0.413     0.413 r  clk_IBUF_inst/O
                         net (fo=1, routed)           0.683     1.096    clk_IBUF
    BUFGCTRL_X0Y16       BUFG (Prop_bufg_I_O)         0.029     1.125 r  clk_IBUF_BUFG_inst/O
                         net (fo=127, routed)         0.823     1.948    design_1_i/ps2_keyboard_to_ascii_0/U0/clk
    SLICE_X32Y30         FDRE                                         r  design_1_i/ps2_keyboard_to_ascii_0/U0/ascii_code_reg[5]/C
                         clock pessimism             -0.499     1.449    
    SLICE_X32Y30         FDRE (Hold_fdre_C_D)         0.053     1.502    design_1_i/ps2_keyboard_to_ascii_0/U0/ascii_code_reg[5]
  -------------------------------------------------------------------
                         required time                         -1.502    
                         arrival time                           1.685    
  -------------------------------------------------------------------
                         slack                                  0.183    

Slack (MET) :             0.191ns  (arrival time - required time)
  Source:                 design_1_i/ps2_keyboard_to_ascii_0/U0/ps2_keyboard_0/sync_ffs_reg[1]/C
                            (rising edge-triggered cell FDRE clocked by sys_clk_pin  {rise@0.000ns fall@4.000ns period=8.000ns})
  Destination:            design_1_i/ps2_keyboard_to_ascii_0/U0/ps2_keyboard_0/debounce_ps2_data/flipflops_reg[0]/D
                            (rising edge-triggered cell FDRE clocked by sys_clk_pin  {rise@0.000ns fall@4.000ns period=8.000ns})
  Path Group:             sys_clk_pin
  Path Type:              Hold (Min at Fast Process Corner)
  Requirement:            0.000ns  (sys_clk_pin rise@0.000ns - sys_clk_pin rise@0.000ns)
  Data Path Delay:        0.266ns  (logic 0.141ns (53.032%)  route 0.125ns (46.968%))
  Logic Levels:           0  
  Clock Path Skew:        0.000ns (DCD - SCD - CPR)
    Destination Clock Delay (DCD):    1.980ns
    Source Clock Delay      (SCD):    1.466ns
    Clock Pessimism Removal (CPR):    0.514ns

    Location             Delay type                Incr(ns)  Path(ns)    Netlist Resource(s)
  -------------------------------------------------------------------    -------------------
                         (clock sys_clk_pin rise edge)
                                                      0.000     0.000 r  
    H16                                               0.000     0.000 r  clk (IN)
                         net (fo=0)                   0.000     0.000    clk
    H16                  IBUF (Prop_ibuf_I_O)         0.225     0.225 r  clk_IBUF_inst/O
                         net (fo=1, routed)           0.627     0.852    clk_IBUF
    BUFGCTRL_X0Y16       BUFG (Prop_bufg_I_O)         0.026     0.878 r  clk_IBUF_BUFG_inst/O
                         net (fo=127, routed)         0.588     1.466    design_1_i/ps2_keyboard_to_ascii_0/U0/ps2_keyboard_0/clk
    SLICE_X36Y34         FDRE                                         r  design_1_i/ps2_keyboard_to_ascii_0/U0/ps2_keyboard_0/sync_ffs_reg[1]/C
  -------------------------------------------------------------------    -------------------
    SLICE_X36Y34         FDRE (Prop_fdre_C_Q)         0.141     1.607 r  design_1_i/ps2_keyboard_to_ascii_0/U0/ps2_keyboard_0/sync_ffs_reg[1]/Q
                         net (fo=1, routed)           0.125     1.732    design_1_i/ps2_keyboard_to_ascii_0/U0/ps2_keyboard_0/debounce_ps2_data/Q[0]
    SLICE_X36Y34         FDRE                                         r  design_1_i/ps2_keyboard_to_ascii_0/U0/ps2_keyboard_0/debounce_ps2_data/flipflops_reg[0]/D
  -------------------------------------------------------------------    -------------------

                         (clock sys_clk_pin rise edge)
                                                      0.000     0.000 r  
    H16                                               0.000     0.000 r  clk (IN)
                         net (fo=0)                   0.000     0.000    clk
    H16                  IBUF (Prop_ibuf_I_O)         0.413     0.413 r  clk_IBUF_inst/O
                         net (fo=1, routed)           0.683     1.096    clk_IBUF
    BUFGCTRL_X0Y16       BUFG (Prop_bufg_I_O)         0.029     1.125 r  clk_IBUF_BUFG_inst/O
                         net (fo=127, routed)         0.855     1.980    design_1_i/ps2_keyboard_to_ascii_0/U0/ps2_keyboard_0/debounce_ps2_data/clk
    SLICE_X36Y34         FDRE                                         r  design_1_i/ps2_keyboard_to_ascii_0/U0/ps2_keyboard_0/debounce_ps2_data/flipflops_reg[0]/C
                         clock pessimism             -0.514     1.466    
    SLICE_X36Y34         FDRE (Hold_fdre_C_D)         0.075     1.541    design_1_i/ps2_keyboard_to_ascii_0/U0/ps2_keyboard_0/debounce_ps2_data/flipflops_reg[0]
  -------------------------------------------------------------------
                         required time                         -1.541    
                         arrival time                           1.732    
  -------------------------------------------------------------------
                         slack                                  0.191    

Slack (MET) :             0.192ns  (arrival time - required time)
  Source:                 design_1_i/ps2_keyboard_to_ascii_0/U0/ps2_keyboard_0/sync_ffs_reg[0]/C
                            (rising edge-triggered cell FDRE clocked by sys_clk_pin  {rise@0.000ns fall@4.000ns period=8.000ns})
  Destination:            design_1_i/ps2_keyboard_to_ascii_0/U0/ps2_keyboard_0/debounce_ps2_clk/flipflops_reg[0]/D
                            (rising edge-triggered cell FDRE clocked by sys_clk_pin  {rise@0.000ns fall@4.000ns period=8.000ns})
  Path Group:             sys_clk_pin
  Path Type:              Hold (Min at Fast Process Corner)
  Requirement:            0.000ns  (sys_clk_pin rise@0.000ns - sys_clk_pin rise@0.000ns)
  Data Path Delay:        0.262ns  (logic 0.141ns (53.880%)  route 0.121ns (46.120%))
  Logic Levels:           0  
  Clock Path Skew:        0.000ns (DCD - SCD - CPR)
    Destination Clock Delay (DCD):    1.981ns
    Source Clock Delay      (SCD):    1.467ns
    Clock Pessimism Removal (CPR):    0.514ns

    Location             Delay type                Incr(ns)  Path(ns)    Netlist Resource(s)
  -------------------------------------------------------------------    -------------------
                         (clock sys_clk_pin rise edge)
                                                      0.000     0.000 r  
    H16                                               0.000     0.000 r  clk (IN)
                         net (fo=0)                   0.000     0.000    clk
    H16                  IBUF (Prop_ibuf_I_O)         0.225     0.225 r  clk_IBUF_inst/O
                         net (fo=1, routed)           0.627     0.852    clk_IBUF
    BUFGCTRL_X0Y16       BUFG (Prop_bufg_I_O)         0.026     0.878 r  clk_IBUF_BUFG_inst/O
                         net (fo=127, routed)         0.589     1.467    design_1_i/ps2_keyboard_to_ascii_0/U0/ps2_keyboard_0/clk
    SLICE_X40Y33         FDRE                                         r  design_1_i/ps2_keyboard_to_ascii_0/U0/ps2_keyboard_0/sync_ffs_reg[0]/C
  -------------------------------------------------------------------    -------------------
    SLICE_X40Y33         FDRE (Prop_fdre_C_Q)         0.141     1.608 r  design_1_i/ps2_keyboard_to_ascii_0/U0/ps2_keyboard_0/sync_ffs_reg[0]/Q
                         net (fo=1, routed)           0.121     1.729    design_1_i/ps2_keyboard_to_ascii_0/U0/ps2_keyboard_0/debounce_ps2_clk/Q[0]
    SLICE_X40Y33         FDRE                                         r  design_1_i/ps2_keyboard_to_ascii_0/U0/ps2_keyboard_0/debounce_ps2_clk/flipflops_reg[0]/D
  -------------------------------------------------------------------    -------------------

                         (clock sys_clk_pin rise edge)
                                                      0.000     0.000 r  
    H16                                               0.000     0.000 r  clk (IN)
                         net (fo=0)                   0.000     0.000    clk
    H16                  IBUF (Prop_ibuf_I_O)         0.413     0.413 r  clk_IBUF_inst/O
                         net (fo=1, routed)           0.683     1.096    clk_IBUF
    BUFGCTRL_X0Y16       BUFG (Prop_bufg_I_O)         0.029     1.125 r  clk_IBUF_BUFG_inst/O
                         net (fo=127, routed)         0.856     1.981    design_1_i/ps2_keyboard_to_ascii_0/U0/ps2_keyboard_0/debounce_ps2_clk/clk
    SLICE_X40Y33         FDRE                                         r  design_1_i/ps2_keyboard_to_ascii_0/U0/ps2_keyboard_0/debounce_ps2_clk/flipflops_reg[0]/C
                         clock pessimism             -0.514     1.467    
    SLICE_X40Y33         FDRE (Hold_fdre_C_D)         0.070     1.537    design_1_i/ps2_keyboard_to_ascii_0/U0/ps2_keyboard_0/debounce_ps2_clk/flipflops_reg[0]
  -------------------------------------------------------------------
                         required time                         -1.537    
                         arrival time                           1.729    
  -------------------------------------------------------------------
                         slack                                  0.192    

Slack (MET) :             0.199ns  (arrival time - required time)
  Source:                 design_1_i/ps2_keyboard_to_ascii_0/U0/break_reg/C
                            (rising edge-triggered cell FDRE clocked by sys_clk_pin  {rise@0.000ns fall@4.000ns period=8.000ns})
  Destination:            design_1_i/ps2_keyboard_to_ascii_0/U0/control_r_reg/D
                            (rising edge-triggered cell FDRE clocked by sys_clk_pin  {rise@0.000ns fall@4.000ns period=8.000ns})
  Path Group:             sys_clk_pin
  Path Type:              Hold (Min at Fast Process Corner)
  Requirement:            0.000ns  (sys_clk_pin rise@0.000ns - sys_clk_pin rise@0.000ns)
  Data Path Delay:        0.332ns  (logic 0.186ns (56.072%)  route 0.146ns (43.928%))
  Logic Levels:           1  (LUT6=1)
  Clock Path Skew:        0.013ns (DCD - SCD - CPR)
    Destination Clock Delay (DCD):    1.945ns
    Source Clock Delay      (SCD):    1.433ns
    Clock Pessimism Removal (CPR):    0.499ns

    Location             Delay type                Incr(ns)  Path(ns)    Netlist Resource(s)
  -------------------------------------------------------------------    -------------------
                         (clock sys_clk_pin rise edge)
                                                      0.000     0.000 r  
    H16                                               0.000     0.000 r  clk (IN)
                         net (fo=0)                   0.000     0.000    clk
    H16                  IBUF (Prop_ibuf_I_O)         0.225     0.225 r  clk_IBUF_inst/O
                         net (fo=1, routed)           0.627     0.852    clk_IBUF
    BUFGCTRL_X0Y16       BUFG (Prop_bufg_I_O)         0.026     0.878 r  clk_IBUF_BUFG_inst/O
                         net (fo=127, routed)         0.555     1.433    design_1_i/ps2_keyboard_to_ascii_0/U0/clk
    SLICE_X33Y27         FDRE                                         r  design_1_i/ps2_keyboard_to_ascii_0/U0/break_reg/C
  -------------------------------------------------------------------    -------------------
    SLICE_X33Y27         FDRE (Prop_fdre_C_Q)         0.141     1.574 f  design_1_i/ps2_keyboard_to_ascii_0/U0/break_reg/Q
                         net (fo=8, routed)           0.146     1.720    design_1_i/ps2_keyboard_to_ascii_0/U0/ps2_keyboard_0/shift_l_reg_0
    SLICE_X32Y27         LUT6 (Prop_lut6_I0_O)        0.045     1.765 r  design_1_i/ps2_keyboard_to_ascii_0/U0/ps2_keyboard_0/control_r_i_1/O
                         net (fo=1, routed)           0.000     1.765    design_1_i/ps2_keyboard_to_ascii_0/U0/ps2_keyboard_0_n_15
    SLICE_X32Y27         FDRE                                         r  design_1_i/ps2_keyboard_to_ascii_0/U0/control_r_reg/D
  -------------------------------------------------------------------    -------------------

                         (clock sys_clk_pin rise edge)
                                                      0.000     0.000 r  
    H16                                               0.000     0.000 r  clk (IN)
                         net (fo=0)                   0.000     0.000    clk
    H16                  IBUF (Prop_ibuf_I_O)         0.413     0.413 r  clk_IBUF_inst/O
                         net (fo=1, routed)           0.683     1.096    clk_IBUF
    BUFGCTRL_X0Y16       BUFG (Prop_bufg_I_O)         0.029     1.125 r  clk_IBUF_BUFG_inst/O
                         net (fo=127, routed)         0.820     1.945    design_1_i/ps2_keyboard_to_ascii_0/U0/clk
    SLICE_X32Y27         FDRE                                         r  design_1_i/ps2_keyboard_to_ascii_0/U0/control_r_reg/C
                         clock pessimism             -0.499     1.446    
    SLICE_X32Y27         FDRE (Hold_fdre_C_D)         0.120     1.566    design_1_i/ps2_keyboard_to_ascii_0/U0/control_r_reg
  -------------------------------------------------------------------
                         required time                         -1.566    
                         arrival time                           1.765    
  -------------------------------------------------------------------
                         slack                                  0.199    

Slack (MET) :             0.214ns  (arrival time - required time)
  Source:                 design_1_i/ps2_keyboard_to_ascii_0/U0/ps2_keyboard_0/debounce_ps2_data/flipflops_reg[0]/C
                            (rising edge-triggered cell FDRE clocked by sys_clk_pin  {rise@0.000ns fall@4.000ns period=8.000ns})
  Destination:            design_1_i/ps2_keyboard_to_ascii_0/U0/ps2_keyboard_0/debounce_ps2_data/result_reg/D
                            (rising edge-triggered cell FDRE clocked by sys_clk_pin  {rise@0.000ns fall@4.000ns period=8.000ns})
  Path Group:             sys_clk_pin
  Path Type:              Hold (Min at Fast Process Corner)
  Requirement:            0.000ns  (sys_clk_pin rise@0.000ns - sys_clk_pin rise@0.000ns)
  Data Path Delay:        0.305ns  (logic 0.227ns (74.539%)  route 0.078ns (25.461%))
  Logic Levels:           1  (LUT4=1)
  Clock Path Skew:        0.000ns (DCD - SCD - CPR)
    Destination Clock Delay (DCD):    1.980ns
    Source Clock Delay      (SCD):    1.466ns
    Clock Pessimism Removal (CPR):    0.514ns

    Location             Delay type                Incr(ns)  Path(ns)    Netlist Resource(s)
  -------------------------------------------------------------------    -------------------
                         (clock sys_clk_pin rise edge)
                                                      0.000     0.000 r  
    H16                                               0.000     0.000 r  clk (IN)
                         net (fo=0)                   0.000     0.000    clk
    H16                  IBUF (Prop_ibuf_I_O)         0.225     0.225 r  clk_IBUF_inst/O
                         net (fo=1, routed)           0.627     0.852    clk_IBUF
    BUFGCTRL_X0Y16       BUFG (Prop_bufg_I_O)         0.026     0.878 r  clk_IBUF_BUFG_inst/O
                         net (fo=127, routed)         0.588     1.466    design_1_i/ps2_keyboard_to_ascii_0/U0/ps2_keyboard_0/debounce_ps2_data/clk
    SLICE_X36Y34         FDRE                                         r  design_1_i/ps2_keyboard_to_ascii_0/U0/ps2_keyboard_0/debounce_ps2_data/flipflops_reg[0]/C
  -------------------------------------------------------------------    -------------------
    SLICE_X36Y34         FDRE (Prop_fdre_C_Q)         0.128     1.594 r  design_1_i/ps2_keyboard_to_ascii_0/U0/ps2_keyboard_0/debounce_ps2_data/flipflops_reg[0]/Q
                         net (fo=3, routed)           0.078     1.672    design_1_i/ps2_keyboard_to_ascii_0/U0/ps2_keyboard_0/debounce_ps2_data/flipflops_reg_n_0_[0]
    SLICE_X36Y34         LUT4 (Prop_lut4_I2_O)        0.099     1.771 r  design_1_i/ps2_keyboard_to_ascii_0/U0/ps2_keyboard_0/debounce_ps2_data/result_i_1__0/O
                         net (fo=1, routed)           0.000     1.771    design_1_i/ps2_keyboard_to_ascii_0/U0/ps2_keyboard_0/debounce_ps2_data/result_i_1__0_n_0
    SLICE_X36Y34         FDRE                                         r  design_1_i/ps2_keyboard_to_ascii_0/U0/ps2_keyboard_0/debounce_ps2_data/result_reg/D
  -------------------------------------------------------------------    -------------------

                         (clock sys_clk_pin rise edge)
                                                      0.000     0.000 r  
    H16                                               0.000     0.000 r  clk (IN)
                         net (fo=0)                   0.000     0.000    clk
    H16                  IBUF (Prop_ibuf_I_O)         0.413     0.413 r  clk_IBUF_inst/O
                         net (fo=1, routed)           0.683     1.096    clk_IBUF
    BUFGCTRL_X0Y16       BUFG (Prop_bufg_I_O)         0.029     1.125 r  clk_IBUF_BUFG_inst/O
                         net (fo=127, routed)         0.855     1.980    design_1_i/ps2_keyboard_to_ascii_0/U0/ps2_keyboard_0/debounce_ps2_data/clk
    SLICE_X36Y34         FDRE                                         r  design_1_i/ps2_keyboard_to_ascii_0/U0/ps2_keyboard_0/debounce_ps2_data/result_reg/C
                         clock pessimism             -0.514     1.466    
    SLICE_X36Y34         FDRE (Hold_fdre_C_D)         0.091     1.557    design_1_i/ps2_keyboard_to_ascii_0/U0/ps2_keyboard_0/debounce_ps2_data/result_reg
  -------------------------------------------------------------------
                         required time                         -1.557    
                         arrival time                           1.771    
  -------------------------------------------------------------------
                         slack                                  0.214    

Slack (MET) :             0.232ns  (arrival time - required time)
  Source:                 design_1_i/ps2_keyboard_to_ascii_0/U0/ps2_keyboard_0/debounce_ps2_clk/counter_out_reg[7]/C
                            (rising edge-triggered cell FDRE clocked by sys_clk_pin  {rise@0.000ns fall@4.000ns period=8.000ns})
  Destination:            design_1_i/ps2_keyboard_to_ascii_0/U0/ps2_keyboard_0/debounce_ps2_clk/counter_out_reg[8]/D
                            (rising edge-triggered cell FDRE clocked by sys_clk_pin  {rise@0.000ns fall@4.000ns period=8.000ns})
  Path Group:             sys_clk_pin
  Path Type:              Hold (Min at Fast Process Corner)
  Requirement:            0.000ns  (sys_clk_pin rise@0.000ns - sys_clk_pin rise@0.000ns)
  Data Path Delay:        0.339ns  (logic 0.183ns (53.966%)  route 0.156ns (46.034%))
  Logic Levels:           1  (LUT5=1)
  Clock Path Skew:        0.000ns (DCD - SCD - CPR)
    Destination Clock Delay (DCD):    1.980ns
    Source Clock Delay      (SCD):    1.466ns
    Clock Pessimism Removal (CPR):    0.514ns

    Location             Delay type                Incr(ns)  Path(ns)    Netlist Resource(s)
  -------------------------------------------------------------------    -------------------
                         (clock sys_clk_pin rise edge)
                                                      0.000     0.000 r  
    H16                                               0.000     0.000 r  clk (IN)
                         net (fo=0)                   0.000     0.000    clk
    H16                  IBUF (Prop_ibuf_I_O)         0.225     0.225 r  clk_IBUF_inst/O
                         net (fo=1, routed)           0.627     0.852    clk_IBUF
    BUFGCTRL_X0Y16       BUFG (Prop_bufg_I_O)         0.026     0.878 r  clk_IBUF_BUFG_inst/O
                         net (fo=127, routed)         0.588     1.466    design_1_i/ps2_keyboard_to_ascii_0/U0/ps2_keyboard_0/debounce_ps2_clk/clk
    SLICE_X41Y32         FDRE                                         r  design_1_i/ps2_keyboard_to_ascii_0/U0/ps2_keyboard_0/debounce_ps2_clk/counter_out_reg[7]/C
  -------------------------------------------------------------------    -------------------
    SLICE_X41Y32         FDRE (Prop_fdre_C_Q)         0.141     1.607 r  design_1_i/ps2_keyboard_to_ascii_0/U0/ps2_keyboard_0/debounce_ps2_clk/counter_out_reg[7]/Q
                         net (fo=2, routed)           0.156     1.763    design_1_i/ps2_keyboard_to_ascii_0/U0/ps2_keyboard_0/debounce_ps2_clk/counter_out_reg_n_0_[7]
    SLICE_X41Y32         LUT5 (Prop_lut5_I4_O)        0.042     1.805 r  design_1_i/ps2_keyboard_to_ascii_0/U0/ps2_keyboard_0/debounce_ps2_clk/counter_out[8]_i_3/O
                         net (fo=1, routed)           0.000     1.805    design_1_i/ps2_keyboard_to_ascii_0/U0/ps2_keyboard_0/debounce_ps2_clk/plusOp[8]
    SLICE_X41Y32         FDRE                                         r  design_1_i/ps2_keyboard_to_ascii_0/U0/ps2_keyboard_0/debounce_ps2_clk/counter_out_reg[8]/D
  -------------------------------------------------------------------    -------------------

                         (clock sys_clk_pin rise edge)
                                                      0.000     0.000 r  
    H16                                               0.000     0.000 r  clk (IN)
                         net (fo=0)                   0.000     0.000    clk
    H16                  IBUF (Prop_ibuf_I_O)         0.413     0.413 r  clk_IBUF_inst/O
                         net (fo=1, routed)           0.683     1.096    clk_IBUF
    BUFGCTRL_X0Y16       BUFG (Prop_bufg_I_O)         0.029     1.125 r  clk_IBUF_BUFG_inst/O
                         net (fo=127, routed)         0.855     1.980    design_1_i/ps2_keyboard_to_ascii_0/U0/ps2_keyboard_0/debounce_ps2_clk/clk
    SLICE_X41Y32         FDRE                                         r  design_1_i/ps2_keyboard_to_ascii_0/U0/ps2_keyboard_0/debounce_ps2_clk/counter_out_reg[8]/C
                         clock pessimism             -0.514     1.466    
    SLICE_X41Y32         FDRE (Hold_fdre_C_D)         0.107     1.573    design_1_i/ps2_keyboard_to_ascii_0/U0/ps2_keyboard_0/debounce_ps2_clk/counter_out_reg[8]
  -------------------------------------------------------------------
                         required time                         -1.573    
                         arrival time                           1.805    
  -------------------------------------------------------------------
                         slack                                  0.232    

Slack (MET) :             0.250ns  (arrival time - required time)
  Source:                 design_1_i/ps2_keyboard_to_ascii_0/U0/ps2_keyboard_0/debounce_ps2_data/counter_out_reg[0]/C
                            (rising edge-triggered cell FDRE clocked by sys_clk_pin  {rise@0.000ns fall@4.000ns period=8.000ns})
  Destination:            design_1_i/ps2_keyboard_to_ascii_0/U0/ps2_keyboard_0/debounce_ps2_data/counter_out_reg[4]/D
                            (rising edge-triggered cell FDRE clocked by sys_clk_pin  {rise@0.000ns fall@4.000ns period=8.000ns})
  Path Group:             sys_clk_pin
  Path Type:              Hold (Min at Fast Process Corner)
  Requirement:            0.000ns  (sys_clk_pin rise@0.000ns - sys_clk_pin rise@0.000ns)
  Data Path Delay:        0.357ns  (logic 0.192ns (53.729%)  route 0.165ns (46.271%))
  Logic Levels:           1  (LUT5=1)
  Clock Path Skew:        0.000ns (DCD - SCD - CPR)
    Destination Clock Delay (DCD):    1.981ns
    Source Clock Delay      (SCD):    1.466ns
    Clock Pessimism Removal (CPR):    0.515ns

    Location             Delay type                Incr(ns)  Path(ns)    Netlist Resource(s)
  -------------------------------------------------------------------    -------------------
                         (clock sys_clk_pin rise edge)
                                                      0.000     0.000 r  
    H16                                               0.000     0.000 r  clk (IN)
                         net (fo=0)                   0.000     0.000    clk
    H16                  IBUF (Prop_ibuf_I_O)         0.225     0.225 r  clk_IBUF_inst/O
                         net (fo=1, routed)           0.627     0.852    clk_IBUF
    BUFGCTRL_X0Y16       BUFG (Prop_bufg_I_O)         0.026     0.878 r  clk_IBUF_BUFG_inst/O
                         net (fo=127, routed)         0.588     1.466    design_1_i/ps2_keyboard_to_ascii_0/U0/ps2_keyboard_0/debounce_ps2_data/clk
    SLICE_X37Y36         FDRE                                         r  design_1_i/ps2_keyboard_to_ascii_0/U0/ps2_keyboard_0/debounce_ps2_data/counter_out_reg[0]/C
  -------------------------------------------------------------------    -------------------
    SLICE_X37Y36         FDRE (Prop_fdre_C_Q)         0.141     1.607 r  design_1_i/ps2_keyboard_to_ascii_0/U0/ps2_keyboard_0/debounce_ps2_data/counter_out_reg[0]/Q
                         net (fo=7, routed)           0.165     1.772    design_1_i/ps2_keyboard_to_ascii_0/U0/ps2_keyboard_0/debounce_ps2_data/counter_out_reg_n_0_[0]
    SLICE_X37Y36         LUT5 (Prop_lut5_I2_O)        0.051     1.823 r  design_1_i/ps2_keyboard_to_ascii_0/U0/ps2_keyboard_0/debounce_ps2_data/counter_out[4]_i_1__0/O
                         net (fo=1, routed)           0.000     1.823    design_1_i/ps2_keyboard_to_ascii_0/U0/ps2_keyboard_0/debounce_ps2_data/plusOp__0[4]
    SLICE_X37Y36         FDRE                                         r  design_1_i/ps2_keyboard_to_ascii_0/U0/ps2_keyboard_0/debounce_ps2_data/counter_out_reg[4]/D
  -------------------------------------------------------------------    -------------------

                         (clock sys_clk_pin rise edge)
                                                      0.000     0.000 r  
    H16                                               0.000     0.000 r  clk (IN)
                         net (fo=0)                   0.000     0.000    clk
    H16                  IBUF (Prop_ibuf_I_O)         0.413     0.413 r  clk_IBUF_inst/O
                         net (fo=1, routed)           0.683     1.096    clk_IBUF
    BUFGCTRL_X0Y16       BUFG (Prop_bufg_I_O)         0.029     1.125 r  clk_IBUF_BUFG_inst/O
                         net (fo=127, routed)         0.856     1.981    design_1_i/ps2_keyboard_to_ascii_0/U0/ps2_keyboard_0/debounce_ps2_data/clk
    SLICE_X37Y36         FDRE                                         r  design_1_i/ps2_keyboard_to_ascii_0/U0/ps2_keyboard_0/debounce_ps2_data/counter_out_reg[4]/C
                         clock pessimism             -0.515     1.466    
    SLICE_X37Y36         FDRE (Hold_fdre_C_D)         0.107     1.573    design_1_i/ps2_keyboard_to_ascii_0/U0/ps2_keyboard_0/debounce_ps2_data/counter_out_reg[4]
  -------------------------------------------------------------------
                         required time                         -1.573    
                         arrival time                           1.823    
  -------------------------------------------------------------------
                         slack                                  0.250    

Slack (MET) :             0.251ns  (arrival time - required time)
  Source:                 design_1_i/ps2_keyboard_to_ascii_0/U0/ps2_keyboard_0/debounce_ps2_clk/counter_out_reg[0]/C
                            (rising edge-triggered cell FDRE clocked by sys_clk_pin  {rise@0.000ns fall@4.000ns period=8.000ns})
  Destination:            design_1_i/ps2_keyboard_to_ascii_0/U0/ps2_keyboard_0/debounce_ps2_clk/counter_out_reg[4]/D
                            (rising edge-triggered cell FDRE clocked by sys_clk_pin  {rise@0.000ns fall@4.000ns period=8.000ns})
  Path Group:             sys_clk_pin
  Path Type:              Hold (Min at Fast Process Corner)
  Requirement:            0.000ns  (sys_clk_pin rise@0.000ns - sys_clk_pin rise@0.000ns)
  Data Path Delay:        0.358ns  (logic 0.184ns (51.423%)  route 0.174ns (48.577%))
  Logic Levels:           1  (LUT5=1)
  Clock Path Skew:        0.000ns (DCD - SCD - CPR)
    Destination Clock Delay (DCD):    1.980ns
    Source Clock Delay      (SCD):    1.466ns
    Clock Pessimism Removal (CPR):    0.514ns

    Location             Delay type                Incr(ns)  Path(ns)    Netlist Resource(s)
  -------------------------------------------------------------------    -------------------
                         (clock sys_clk_pin rise edge)
                                                      0.000     0.000 r  
    H16                                               0.000     0.000 r  clk (IN)
                         net (fo=0)                   0.000     0.000    clk
    H16                  IBUF (Prop_ibuf_I_O)         0.225     0.225 r  clk_IBUF_inst/O
                         net (fo=1, routed)           0.627     0.852    clk_IBUF
    BUFGCTRL_X0Y16       BUFG (Prop_bufg_I_O)         0.026     0.878 r  clk_IBUF_BUFG_inst/O
                         net (fo=127, routed)         0.588     1.466    design_1_i/ps2_keyboard_to_ascii_0/U0/ps2_keyboard_0/debounce_ps2_clk/clk
    SLICE_X40Y32         FDRE                                         r  design_1_i/ps2_keyboard_to_ascii_0/U0/ps2_keyboard_0/debounce_ps2_clk/counter_out_reg[0]/C
  -------------------------------------------------------------------    -------------------
    SLICE_X40Y32         FDRE (Prop_fdre_C_Q)         0.141     1.607 r  design_1_i/ps2_keyboard_to_ascii_0/U0/ps2_keyboard_0/debounce_ps2_clk/counter_out_reg[0]/Q
                         net (fo=7, routed)           0.174     1.781    design_1_i/ps2_keyboard_to_ascii_0/U0/ps2_keyboard_0/debounce_ps2_clk/counter_out_reg_n_0_[0]
    SLICE_X40Y32         LUT5 (Prop_lut5_I2_O)        0.043     1.824 r  design_1_i/ps2_keyboard_to_ascii_0/U0/ps2_keyboard_0/debounce_ps2_clk/counter_out[4]_i_1/O
                         net (fo=1, routed)           0.000     1.824    design_1_i/ps2_keyboard_to_ascii_0/U0/ps2_keyboard_0/debounce_ps2_clk/plusOp[4]
    SLICE_X40Y32         FDRE                                         r  design_1_i/ps2_keyboard_to_ascii_0/U0/ps2_keyboard_0/debounce_ps2_clk/counter_out_reg[4]/D
  -------------------------------------------------------------------    -------------------

                         (clock sys_clk_pin rise edge)
                                                      0.000     0.000 r  
    H16                                               0.000     0.000 r  clk (IN)
                         net (fo=0)                   0.000     0.000    clk
    H16                  IBUF (Prop_ibuf_I_O)         0.413     0.413 r  clk_IBUF_inst/O
                         net (fo=1, routed)           0.683     1.096    clk_IBUF
    BUFGCTRL_X0Y16       BUFG (Prop_bufg_I_O)         0.029     1.125 r  clk_IBUF_BUFG_inst/O
                         net (fo=127, routed)         0.855     1.980    design_1_i/ps2_keyboard_to_ascii_0/U0/ps2_keyboard_0/debounce_ps2_clk/clk
    SLICE_X40Y32         FDRE                                         r  design_1_i/ps2_keyboard_to_ascii_0/U0/ps2_keyboard_0/debounce_ps2_clk/counter_out_reg[4]/C
                         clock pessimism             -0.514     1.466    
    SLICE_X40Y32         FDRE (Hold_fdre_C_D)         0.107     1.573    design_1_i/ps2_keyboard_to_ascii_0/U0/ps2_keyboard_0/debounce_ps2_clk/counter_out_reg[4]
  -------------------------------------------------------------------
                         required time                         -1.573    
                         arrival time                           1.824    
  -------------------------------------------------------------------
                         slack                                  0.251    

Slack (MET) :             0.251ns  (arrival time - required time)
  Source:                 design_1_i/ps2_keyboard_to_ascii_0/U0/ps2_keyboard_0/debounce_ps2_clk/counter_out_reg[7]/C
                            (rising edge-triggered cell FDRE clocked by sys_clk_pin  {rise@0.000ns fall@4.000ns period=8.000ns})
  Destination:            design_1_i/ps2_keyboard_to_ascii_0/U0/ps2_keyboard_0/debounce_ps2_clk/counter_out_reg[7]/D
                            (rising edge-triggered cell FDRE clocked by sys_clk_pin  {rise@0.000ns fall@4.000ns period=8.000ns})
  Path Group:             sys_clk_pin
  Path Type:              Hold (Min at Fast Process Corner)
  Requirement:            0.000ns  (sys_clk_pin rise@0.000ns - sys_clk_pin rise@0.000ns)
  Data Path Delay:        0.342ns  (logic 0.186ns (54.369%)  route 0.156ns (45.631%))
  Logic Levels:           1  (LUT5=1)
  Clock Path Skew:        0.000ns (DCD - SCD - CPR)
    Destination Clock Delay (DCD):    1.980ns
    Source Clock Delay      (SCD):    1.466ns
    Clock Pessimism Removal (CPR):    0.514ns

    Location             Delay type                Incr(ns)  Path(ns)    Netlist Resource(s)
  -------------------------------------------------------------------    -------------------
                         (clock sys_clk_pin rise edge)
                                                      0.000     0.000 r  
    H16                                               0.000     0.000 r  clk (IN)
                         net (fo=0)                   0.000     0.000    clk
    H16                  IBUF (Prop_ibuf_I_O)         0.225     0.225 r  clk_IBUF_inst/O
                         net (fo=1, routed)           0.627     0.852    clk_IBUF
    BUFGCTRL_X0Y16       BUFG (Prop_bufg_I_O)         0.026     0.878 r  clk_IBUF_BUFG_inst/O
                         net (fo=127, routed)         0.588     1.466    design_1_i/ps2_keyboard_to_ascii_0/U0/ps2_keyboard_0/debounce_ps2_clk/clk
    SLICE_X41Y32         FDRE                                         r  design_1_i/ps2_keyboard_to_ascii_0/U0/ps2_keyboard_0/debounce_ps2_clk/counter_out_reg[7]/C
  -------------------------------------------------------------------    -------------------
    SLICE_X41Y32         FDRE (Prop_fdre_C_Q)         0.141     1.607 r  design_1_i/ps2_keyboard_to_ascii_0/U0/ps2_keyboard_0/debounce_ps2_clk/counter_out_reg[7]/Q
                         net (fo=2, routed)           0.156     1.763    design_1_i/ps2_keyboard_to_ascii_0/U0/ps2_keyboard_0/debounce_ps2_clk/counter_out_reg_n_0_[7]
    SLICE_X41Y32         LUT5 (Prop_lut5_I0_O)        0.045     1.808 r  design_1_i/ps2_keyboard_to_ascii_0/U0/ps2_keyboard_0/debounce_ps2_clk/counter_out[7]_i_1/O
                         net (fo=1, routed)           0.000     1.808    design_1_i/ps2_keyboard_to_ascii_0/U0/ps2_keyboard_0/debounce_ps2_clk/plusOp[7]
    SLICE_X41Y32         FDRE                                         r  design_1_i/ps2_keyboard_to_ascii_0/U0/ps2_keyboard_0/debounce_ps2_clk/counter_out_reg[7]/D
  -------------------------------------------------------------------    -------------------

                         (clock sys_clk_pin rise edge)
                                                      0.000     0.000 r  
    H16                                               0.000     0.000 r  clk (IN)
                         net (fo=0)                   0.000     0.000    clk
    H16                  IBUF (Prop_ibuf_I_O)         0.413     0.413 r  clk_IBUF_inst/O
                         net (fo=1, routed)           0.683     1.096    clk_IBUF
    BUFGCTRL_X0Y16       BUFG (Prop_bufg_I_O)         0.029     1.125 r  clk_IBUF_BUFG_inst/O
                         net (fo=127, routed)         0.855     1.980    design_1_i/ps2_keyboard_to_ascii_0/U0/ps2_keyboard_0/debounce_ps2_clk/clk
    SLICE_X41Y32         FDRE                                         r  design_1_i/ps2_keyboard_to_ascii_0/U0/ps2_keyboard_0/debounce_ps2_clk/counter_out_reg[7]/C
                         clock pessimism             -0.514     1.466    
    SLICE_X41Y32         FDRE (Hold_fdre_C_D)         0.091     1.557    design_1_i/ps2_keyboard_to_ascii_0/U0/ps2_keyboard_0/debounce_ps2_clk/counter_out_reg[7]
  -------------------------------------------------------------------
                         required time                         -1.557    
                         arrival time                           1.808    
  -------------------------------------------------------------------
                         slack                                  0.251    





Pulse Width Checks
--------------------------------------------------------------------------------------
Clock Name:         sys_clk_pin
Waveform(ns):       { 0.000 4.000 }
Period(ns):         8.000
Sources:            { clk }

Check Type        Corner  Lib Pin  Reference Pin  Required(ns)  Actual(ns)  Slack(ns)  Location        Pin
Min Period        n/a     BUFG/I   n/a            2.155         8.000       5.845      BUFGCTRL_X0Y16  clk_IBUF_BUFG_inst/I
Min Period        n/a     FDRE/C   n/a            1.000         8.000       7.000      SLICE_X39Y28    design_1_i/Reset_Delay_0/U0/Cont_reg[0]/C
Min Period        n/a     FDRE/C   n/a            1.000         8.000       7.000      SLICE_X39Y30    design_1_i/Reset_Delay_0/U0/Cont_reg[10]/C
Min Period        n/a     FDRE/C   n/a            1.000         8.000       7.000      SLICE_X39Y30    design_1_i/Reset_Delay_0/U0/Cont_reg[11]/C
Min Period        n/a     FDRE/C   n/a            1.000         8.000       7.000      SLICE_X39Y31    design_1_i/Reset_Delay_0/U0/Cont_reg[12]/C
Min Period        n/a     FDRE/C   n/a            1.000         8.000       7.000      SLICE_X39Y31    design_1_i/Reset_Delay_0/U0/Cont_reg[13]/C
Min Period        n/a     FDRE/C   n/a            1.000         8.000       7.000      SLICE_X39Y31    design_1_i/Reset_Delay_0/U0/Cont_reg[14]/C
Min Period        n/a     FDRE/C   n/a            1.000         8.000       7.000      SLICE_X39Y31    design_1_i/Reset_Delay_0/U0/Cont_reg[15]/C
Min Period        n/a     FDRE/C   n/a            1.000         8.000       7.000      SLICE_X39Y32    design_1_i/Reset_Delay_0/U0/Cont_reg[16]/C
Min Period        n/a     FDRE/C   n/a            1.000         8.000       7.000      SLICE_X39Y32    design_1_i/Reset_Delay_0/U0/Cont_reg[17]/C
Low Pulse Width   Slow    FDRE/C   n/a            0.500         4.000       3.500      SLICE_X35Y34    design_1_i/baud_rate_0/U0/clk_cnt_reg[0]/C
Low Pulse Width   Slow    FDRE/C   n/a            0.500         4.000       3.500      SLICE_X34Y33    design_1_i/baud_rate_0/U0/clk_cnt_reg[1]/C
Low Pulse Width   Slow    FDRE/C   n/a            0.500         4.000       3.500      SLICE_X34Y34    design_1_i/baud_rate_0/U0/clk_cnt_reg[5]/C
Low Pulse Width   Slow    FDRE/C   n/a            0.500         4.000       3.500      SLICE_X34Y34    design_1_i/baud_rate_0/U0/clk_cnt_reg[6]/C
Low Pulse Width   Slow    FDRE/C   n/a            0.500         4.000       3.500      SLICE_X34Y34    design_1_i/baud_rate_0/U0/clk_cnt_reg[7]/C
Low Pulse Width   Slow    FDRE/C   n/a            0.500         4.000       3.500      SLICE_X34Y34    design_1_i/baud_rate_0/U0/clk_cnt_reg[8]/C
Low Pulse Width   Slow    FDRE/C   n/a            0.500         4.000       3.500      SLICE_X34Y33    design_1_i/baud_rate_0/U0/clk_cnt_reg[2]/C
Low Pulse Width   Slow    FDRE/C   n/a            0.500         4.000       3.500      SLICE_X34Y33    design_1_i/baud_rate_0/U0/clk_cnt_reg[3]/C
Low Pulse Width   Slow    FDRE/C   n/a            0.500         4.000       3.500      SLICE_X34Y33    design_1_i/baud_rate_0/U0/clk_cnt_reg[4]/C
Low Pulse Width   Fast    FDRE/C   n/a            0.500         4.000       3.500      SLICE_X39Y28    design_1_i/Reset_Delay_0/U0/Cont_reg[0]/C
High Pulse Width  Fast    FDRE/C   n/a            0.500         4.000       3.500      SLICE_X39Y30    design_1_i/Reset_Delay_0/U0/Cont_reg[10]/C
High Pulse Width  Fast    FDRE/C   n/a            0.500         4.000       3.500      SLICE_X39Y30    design_1_i/Reset_Delay_0/U0/Cont_reg[11]/C
High Pulse Width  Fast    FDRE/C   n/a            0.500         4.000       3.500      SLICE_X39Y31    design_1_i/Reset_Delay_0/U0/Cont_reg[12]/C
High Pulse Width  Fast    FDRE/C   n/a            0.500         4.000       3.500      SLICE_X39Y31    design_1_i/Reset_Delay_0/U0/Cont_reg[13]/C
High Pulse Width  Fast    FDRE/C   n/a            0.500         4.000       3.500      SLICE_X39Y31    design_1_i/Reset_Delay_0/U0/Cont_reg[14]/C
High Pulse Width  Fast    FDRE/C   n/a            0.500         4.000       3.500      SLICE_X39Y31    design_1_i/Reset_Delay_0/U0/Cont_reg[15]/C
High Pulse Width  Fast    FDRE/C   n/a            0.500         4.000       3.500      SLICE_X39Y32    design_1_i/Reset_Delay_0/U0/Cont_reg[16]/C
High Pulse Width  Fast    FDRE/C   n/a            0.500         4.000       3.500      SLICE_X39Y32    design_1_i/Reset_Delay_0/U0/Cont_reg[17]/C
High Pulse Width  Fast    FDRE/C   n/a            0.500         4.000       3.500      SLICE_X39Y32    design_1_i/Reset_Delay_0/U0/Cont_reg[18]/C
High Pulse Width  Fast    FDRE/C   n/a            0.500         4.000       3.500      SLICE_X39Y32    design_1_i/Reset_Delay_0/U0/Cont_reg[19]/C



