#-----------------------------------------------------------
# Vivado v2019.1 (64-bit)
# SW Build 2552052 on Fri May 24 14:49:42 MDT 2019
# IP Build 2548770 on Fri May 24 18:01:18 MDT 2019
<<<<<<< Updated upstream
# Start of session at: Tue Mar 11 21:59:16 2025
# Process ID: 11252
# Current directory: C:/Users/uonml/Documents/GitHub/EE316_2025/Project4/keyboard
# Command line: vivado.exe -gui_launcher_event rodinguilauncherevent12888 C:\Users\uonml\Documents\GitHub\EE316_2025\Project4\keyboard\project_4.xpr
# Log file: C:/Users/uonml/Documents/GitHub/EE316_2025/Project4/keyboard/vivado.log
# Journal file: C:/Users/uonml/Documents/GitHub/EE316_2025/Project4/keyboard\vivado.jou
#-----------------------------------------------------------
start_guioopen_project C:/Users/uonml/Documents/GitHub/EE316_2025/Project4/keyboard/project_4.xpr
=======
# Start of session at: Tue Mar 11 22:16:16 2025
# Process ID: 13668
# Current directory: C:/Users/nathani/Documents/GitHub/EE316_2025/Project4/keyboard
# Command line: vivado.exe -gui_launcher_event rodinguilauncherevent16332 C:\Users\nathani\Documents\GitHub\EE316_2025\Project4\keyboard\project_4.xpr
# Log file: C:/Users/nathani/Documents/GitHub/EE316_2025/Project4/keyboard/vivado.log
# Journal file: C:/Users/nathani/Documents/GitHub/EE316_2025/Project4/keyboard\vivado.jou
#-----------------------------------------------------------
start_gui
open_project C:/Users/nathani/Documents/GitHub/EE316_2025/Project4/keyboard/project_4.xpr
INFO: [Project 1-313] Project file moved from 'C:/Users/uonml/Documents/GitHub/EE316_2025/Project4/keyboard' since last save.
>>>>>>> Stashed changes
Scanning sources...
Finished scanning sources
INFO: [IP_Flow 19-234] Refreshing IP repositories
INFO: [IP_Flow 19-1704] No user IP repositories specified
<<<<<<< Updated upstream
INFO: [IP_Flow 19-2313] Loaded Vivado IP repository 'C:/Xilinx/Vivado/2019.1/data/ip'.oopen_project: Time (s): cpu = 00:00:21 ; elapsed = 00:00:08 . Memory (MB): peak = 797.031 ; gain = 167.363
=======
INFO: [IP_Flow 19-2313] Loaded Vivado IP repository 'C:/Xilinx/Vivado/2019.1/data/ip'.
open_project: Time (s): cpu = 00:00:17 ; elapsed = 00:00:08 . Memory (MB): peak = 1062.992 ; gain = 198.133
update_compile_order -fileset sim_1
update_compile_order -fileset sources_1
update_module_reference design_1_user_logic_uart_0_1
INFO: [IP_Flow 19-5107] Inferred bus interface 'clk' of definition 'xilinx.com:signal:clock:1.0' (from Xilinx Repository).
WARNING: [IP_Flow 19-3153] Bus Interface 'clk': ASSOCIATED_BUSIF bus parameter is missing.
INFO: [IP_Flow 19-234] Refreshing IP repositories
INFO: [IP_Flow 19-1704] No user IP repositories specified
Adding component instance block -- xilinx.com:module_ref:Reset_Delay:1.0 - Reset_Delay_0
Adding component instance block -- xilinx.com:ip:util_vector_logic:2.0 - util_vector_logic_0
Adding component instance block -- xilinx.com:module_ref:ps2_keyboard_to_ascii:1.0 - ps2_keyboard_to_ascii_0
Adding component instance block -- xilinx.com:module_ref:user_logic_uart:1.0 - user_logic_uart_0
Adding component instance block -- xilinx.com:module_ref:baud_rate:1.0 - baud_rate_0
Adding component instance block -- xilinx.com:module_ref:btn_debounce_toggle:1.0 - btn_debounce_toggle_0
Successfully read diagram <design_1> from BD file <C:/Users/nathani/Documents/GitHub/EE316_2025/Project4/keyboard/project_4.srcs/sources_1/bd/design_1/design_1.bd>
Upgrading 'C:/Users/nathani/Documents/GitHub/EE316_2025/Project4/keyboard/project_4.srcs/sources_1/bd/design_1/design_1.bd'
INFO: [IP_Flow 19-3420] Updated design_1_user_logic_uart_0_1 to use current project options
Wrote  : <C:\Users\nathani\Documents\GitHub\EE316_2025\Project4\keyboard\project_4.srcs\sources_1\bd\design_1\design_1.bd> 
Wrote  : <C:/Users/nathani/Documents/GitHub/EE316_2025/Project4/keyboard/project_4.srcs/sources_1/bd/design_1/ui/bd_1f5defd0.ui> 
upgrade_ip: Time (s): cpu = 00:00:08 ; elapsed = 00:00:07 . Memory (MB): peak = 1062.992 ; gain = 0.000
update_module_reference: Time (s): cpu = 00:00:08 ; elapsed = 00:00:08 . Memory (MB): peak = 1062.992 ; gain = 0.000
update_module_reference design_1_Reset_Delay_0_0
INFO: [IP_Flow 19-234] Refreshing IP repositories
INFO: [IP_Flow 19-1704] No user IP repositories specified
Upgrading 'C:/Users/nathani/Documents/GitHub/EE316_2025/Project4/keyboard/project_4.srcs/sources_1/bd/design_1/design_1.bd'
INFO: [IP_Flow 19-3420] Updated design_1_Reset_Delay_0_0 to use current project options
Wrote  : <C:\Users\nathani\Documents\GitHub\EE316_2025\Project4\keyboard\project_4.srcs\sources_1\bd\design_1\design_1.bd> 
Wrote  : <C:/Users/nathani/Documents/GitHub/EE316_2025/Project4/keyboard/project_4.srcs/sources_1/bd/design_1/ui/bd_1f5defd0.ui> 
update_module_reference design_1_baud_rate_0_0
INFO: [IP_Flow 19-5107] Inferred bus interface 'clk' of definition 'xilinx.com:signal:clock:1.0' (from Xilinx Repository).
WARNING: [IP_Flow 19-3153] Bus Interface 'clk': ASSOCIATED_BUSIF bus parameter is missing.
INFO: [IP_Flow 19-234] Refreshing IP repositories
INFO: [IP_Flow 19-1704] No user IP repositories specified
Upgrading 'C:/Users/nathani/Documents/GitHub/EE316_2025/Project4/keyboard/project_4.srcs/sources_1/bd/design_1/design_1.bd'
INFO: [IP_Flow 19-3420] Updated design_1_baud_rate_0_0 to use current project options
Wrote  : <C:\Users\nathani\Documents\GitHub\EE316_2025\Project4\keyboard\project_4.srcs\sources_1\bd\design_1\design_1.bd> 
Wrote  : <C:/Users/nathani/Documents/GitHub/EE316_2025/Project4/keyboard/project_4.srcs/sources_1/bd/design_1/ui/bd_1f5defd0.ui> 
update_module_reference: Time (s): cpu = 00:00:02 ; elapsed = 00:00:08 . Memory (MB): peak = 1062.992 ; gain = 0.000
update_module_reference design_1_btn_debounce_toggle_0_0
INFO: [IP_Flow 19-5107] Inferred bus interface 'CLK' of definition 'xilinx.com:signal:clock:1.0' (from Xilinx Repository).
WARNING: [IP_Flow 19-3153] Bus Interface 'CLK': ASSOCIATED_BUSIF bus parameter is missing.
INFO: [IP_Flow 19-234] Refreshing IP repositories
INFO: [IP_Flow 19-1704] No user IP repositories specified
Upgrading 'C:/Users/nathani/Documents/GitHub/EE316_2025/Project4/keyboard/project_4.srcs/sources_1/bd/design_1/design_1.bd'
INFO: [IP_Flow 19-3420] Updated design_1_btn_debounce_toggle_0_0 to use current project options
Wrote  : <C:\Users\nathani\Documents\GitHub\EE316_2025\Project4\keyboard\project_4.srcs\sources_1\bd\design_1\design_1.bd> 
Wrote  : <C:/Users/nathani/Documents/GitHub/EE316_2025/Project4/keyboard/project_4.srcs/sources_1/bd/design_1/ui/bd_1f5defd0.ui> 
reset_run synth_1
launch_runs impl_1 -to_step write_bitstream -jobs 6
Wrote  : <C:\Users\nathani\Documents\GitHub\EE316_2025\Project4\keyboard\project_4.srcs\sources_1\bd\design_1\design_1.bd> 
VHDL Output written to : C:/Users/nathani/Documents/GitHub/EE316_2025/Project4/keyboard/project_4.srcs/sources_1/bd/design_1/synth/design_1.vhd
VHDL Output written to : C:/Users/nathani/Documents/GitHub/EE316_2025/Project4/keyboard/project_4.srcs/sources_1/bd/design_1/sim/design_1.vhd
VHDL Output written to : C:/Users/nathani/Documents/GitHub/EE316_2025/Project4/keyboard/project_4.srcs/sources_1/bd/design_1/hdl/design_1_wrapper.vhd
INFO: [BD 41-1029] Generation completed for the IP Integrator block ps2_keyboard_to_ascii_0 .
INFO: [BD 41-1029] Generation completed for the IP Integrator block user_logic_uart_0 .
INFO: [BD 41-1029] Generation completed for the IP Integrator block Reset_Delay_0 .
INFO: [BD 41-1029] Generation completed for the IP Integrator block util_vector_logic_0 .
INFO: [BD 41-1029] Generation completed for the IP Integrator block baud_rate_0 .
INFO: [BD 41-1029] Generation completed for the IP Integrator block btn_debounce_toggle_0 .
Exporting to file C:/Users/nathani/Documents/GitHub/EE316_2025/Project4/keyboard/project_4.srcs/sources_1/bd/design_1/hw_handoff/design_1.hwh
Generated Block Design Tcl file C:/Users/nathani/Documents/GitHub/EE316_2025/Project4/keyboard/project_4.srcs/sources_1/bd/design_1/hw_handoff/design_1_bd.tcl
Generated Hardware Definition File C:/Users/nathani/Documents/GitHub/EE316_2025/Project4/keyboard/project_4.srcs/sources_1/bd/design_1/synth/design_1.hwdef
[Tue Mar 11 22:18:52 2025] Launched design_1_baud_rate_0_0_synth_1, design_1_btn_debounce_toggle_0_0_synth_1, design_1_Reset_Delay_0_0_synth_1, design_1_user_logic_uart_0_1_synth_1, synth_1...
Run output will be captured here:
design_1_baud_rate_0_0_synth_1: C:/Users/nathani/Documents/GitHub/EE316_2025/Project4/keyboard/project_4.runs/design_1_baud_rate_0_0_synth_1/runme.log
design_1_btn_debounce_toggle_0_0_synth_1: C:/Users/nathani/Documents/GitHub/EE316_2025/Project4/keyboard/project_4.runs/design_1_btn_debounce_toggle_0_0_synth_1/runme.log
design_1_Reset_Delay_0_0_synth_1: C:/Users/nathani/Documents/GitHub/EE316_2025/Project4/keyboard/project_4.runs/design_1_Reset_Delay_0_0_synth_1/runme.log
design_1_user_logic_uart_0_1_synth_1: C:/Users/nathani/Documents/GitHub/EE316_2025/Project4/keyboard/project_4.runs/design_1_user_logic_uart_0_1_synth_1/runme.log
synth_1: C:/Users/nathani/Documents/GitHub/EE316_2025/Project4/keyboard/project_4.runs/synth_1/runme.log
[Tue Mar 11 22:18:53 2025] Launched impl_1...
Run output will be captured here: C:/Users/nathani/Documents/GitHub/EE316_2025/Project4/keyboard/project_4.runs/impl_1/runme.log
launch_runs: Time (s): cpu = 00:00:04 ; elapsed = 00:00:15 . Memory (MB): peak = 1062.992 ; gain = 0.000
reset_run synth_1
reset_run design_1_baud_rate_0_0_synth_1
reset_run design_1_btn_debounce_toggle_0_0_synth_1
reset_run design_1_Reset_Delay_0_0_synth_1
reset_run design_1_user_logic_uart_0_1_synth_1
update_module_reference design_1_user_logic_uart_0_1
INFO: [IP_Flow 19-5107] Inferred bus interface 'clk' of definition 'xilinx.com:signal:clock:1.0' (from Xilinx Repository).
WARNING: [IP_Flow 19-3153] Bus Interface 'clk': ASSOCIATED_BUSIF bus parameter is missing.
INFO: [IP_Flow 19-234] Refreshing IP repositories
INFO: [IP_Flow 19-1704] No user IP repositories specified
Upgrading 'C:/Users/nathani/Documents/GitHub/EE316_2025/Project4/keyboard/project_4.srcs/sources_1/bd/design_1/design_1.bd'
INFO: [IP_Flow 19-3420] Updated design_1_user_logic_uart_0_1 to use current project options
Wrote  : <C:\Users\nathani\Documents\GitHub\EE316_2025\Project4\keyboard\project_4.srcs\sources_1\bd\design_1\design_1.bd> 
Wrote  : <C:/Users/nathani/Documents/GitHub/EE316_2025/Project4/keyboard/project_4.srcs/sources_1/bd/design_1/ui/bd_1f5defd0.ui> 
validate_bd_design
save_bd_design
Wrote  : <C:\Users\nathani\Documents\GitHub\EE316_2025\Project4\keyboard\project_4.srcs\sources_1\bd\design_1\design_1.bd> 
launch_runs impl_1 -to_step write_bitstream -jobs 6
INFO: [BD 41-1662] The design 'design_1.bd' is already validated. Therefore parameter propagation will not be re-run.
VHDL Output written to : C:/Users/nathani/Documents/GitHub/EE316_2025/Project4/keyboard/project_4.srcs/sources_1/bd/design_1/synth/design_1.vhd
VHDL Output written to : C:/Users/nathani/Documents/GitHub/EE316_2025/Project4/keyboard/project_4.srcs/sources_1/bd/design_1/sim/design_1.vhd
VHDL Output written to : C:/Users/nathani/Documents/GitHub/EE316_2025/Project4/keyboard/project_4.srcs/sources_1/bd/design_1/hdl/design_1_wrapper.vhd
INFO: [BD 41-1029] Generation completed for the IP Integrator block ps2_keyboard_to_ascii_0 .
INFO: [BD 41-1029] Generation completed for the IP Integrator block user_logic_uart_0 .
INFO: [BD 41-1029] Generation completed for the IP Integrator block Reset_Delay_0 .
INFO: [BD 41-1029] Generation completed for the IP Integrator block util_vector_logic_0 .
INFO: [BD 41-1029] Generation completed for the IP Integrator block baud_rate_0 .
INFO: [BD 41-1029] Generation completed for the IP Integrator block btn_debounce_toggle_0 .
Exporting to file C:/Users/nathani/Documents/GitHub/EE316_2025/Project4/keyboard/project_4.srcs/sources_1/bd/design_1/hw_handoff/design_1.hwh
Generated Block Design Tcl file C:/Users/nathani/Documents/GitHub/EE316_2025/Project4/keyboard/project_4.srcs/sources_1/bd/design_1/hw_handoff/design_1_bd.tcl
Generated Hardware Definition File C:/Users/nathani/Documents/GitHub/EE316_2025/Project4/keyboard/project_4.srcs/sources_1/bd/design_1/synth/design_1.hwdef
[Tue Mar 11 22:19:43 2025] Launched design_1_baud_rate_0_0_synth_1, design_1_btn_debounce_toggle_0_0_synth_1, design_1_Reset_Delay_0_0_synth_1, design_1_user_logic_uart_0_1_synth_1, synth_1...
Run output will be captured here:
design_1_baud_rate_0_0_synth_1: C:/Users/nathani/Documents/GitHub/EE316_2025/Project4/keyboard/project_4.runs/design_1_baud_rate_0_0_synth_1/runme.log
design_1_btn_debounce_toggle_0_0_synth_1: C:/Users/nathani/Documents/GitHub/EE316_2025/Project4/keyboard/project_4.runs/design_1_btn_debounce_toggle_0_0_synth_1/runme.log
design_1_Reset_Delay_0_0_synth_1: C:/Users/nathani/Documents/GitHub/EE316_2025/Project4/keyboard/project_4.runs/design_1_Reset_Delay_0_0_synth_1/runme.log
design_1_user_logic_uart_0_1_synth_1: C:/Users/nathani/Documents/GitHub/EE316_2025/Project4/keyboard/project_4.runs/design_1_user_logic_uart_0_1_synth_1/runme.log
synth_1: C:/Users/nathani/Documents/GitHub/EE316_2025/Project4/keyboard/project_4.runs/synth_1/runme.log
[Tue Mar 11 22:19:43 2025] Launched impl_1...
Run output will be captured here: C:/Users/nathani/Documents/GitHub/EE316_2025/Project4/keyboard/project_4.runs/impl_1/runme.log
launch_runs: Time (s): cpu = 00:00:02 ; elapsed = 00:00:14 . Memory (MB): peak = 1082.410 ; gain = 16.180
open_hw
connect_hw_server
INFO: [Labtools 27-2285] Connecting to hw_server url TCP:localhost:3121
INFO: [Labtools 27-2222] Launching hw_server...
INFO: [Labtools 27-2221] Launch Output:

****** Xilinx hw_server v2019.1
  **** Build date : May 24 2019 at 15:13:31
    ** Copyright 1986-2019 Xilinx, Inc. All Rights Reserved.


open_hw_target
INFO: [Labtoolstcl 44-466] Opening hw_target localhost:3121/xilinx_tcf/Digilent/210370B7C212A
open_hw_target: Time (s): cpu = 00:00:03 ; elapsed = 00:00:06 . Memory (MB): peak = 2238.570 ; gain = 1125.680
set_property PROGRAM.FILE {C:/Users/nathani/Documents/GitHub/EE316_2025/Project4/keyboard/project_4.runs/impl_1/design_1_wrapper.bit} [get_hw_devices xc7z007s_1]
current_hw_device [get_hw_devices xc7z007s_1]
refresh_hw_device -update_hw_probes false [lindex [get_hw_devices xc7z007s_1] 0]
INFO: [Labtools 27-1435] Device xc7z007s (JTAG device index = 1) is not programmed (DONE status = 0).
set_property PROBES.FILE {} [get_hw_devices xc7z007s_1]
set_property FULL_PROBES.FILE {} [get_hw_devices xc7z007s_1]
set_property PROGRAM.FILE {C:/Users/nathani/Documents/GitHub/EE316_2025/Project4/keyboard/project_4.runs/impl_1/design_1_wrapper.bit} [get_hw_devices xc7z007s_1]
program_hw_devices [get_hw_devices xc7z007s_1]
INFO: [Labtools 27-3164] End of startup status: HIGH
refresh_hw_device [lindex [get_hw_devices xc7z007s_1] 0]
INFO: [Labtools 27-1434] Device xc7z007s (JTAG device index = 1) is programmed with a design that has no supported debug core(s) in it.
close_hw
open_hw
connect_hw_server
INFO: [Labtools 27-2285] Connecting to hw_server url TCP:localhost:3121
INFO: [Labtools 27-2222] Launching hw_server...
INFO: [Labtools 27-2221] Launch Output:

****** Xilinx hw_server v2019.1
  **** Build date : May 24 2019 at 15:13:31
    ** Copyright 1986-2019 Xilinx, Inc. All Rights Reserved.


open_hw_target
INFO: [Labtoolstcl 44-466] Opening hw_target localhost:3121/xilinx_tcf/Digilent/210370B7C212A
set_property PROGRAM.FILE {C:/Users/nathani/Documents/GitHub/EE316_2025/Project4/keyboard/project_4.runs/impl_1/design_1_wrapper.bit} [get_hw_devices xc7z007s_1]
current_hw_device [get_hw_devices xc7z007s_1]
refresh_hw_device -update_hw_probes false [lindex [get_hw_devices xc7z007s_1] 0]
INFO: [Labtools 27-1434] Device xc7z007s (JTAG device index = 1) is programmed with a design that has no supported debug core(s) in it.
set_property PROBES.FILE {} [get_hw_devices xc7z007s_1]
set_property FULL_PROBES.FILE {} [get_hw_devices xc7z007s_1]
set_property PROGRAM.FILE {C:/Users/nathani/Documents/GitHub/EE316_2025/Project4/keyboard/project_4.runs/impl_1/design_1_wrapper.bit} [get_hw_devices xc7z007s_1]
program_hw_devices [get_hw_devices xc7z007s_1]
INFO: [Labtools 27-3164] End of startup status: HIGH
refresh_hw_device [lindex [get_hw_devices xc7z007s_1] 0]
INFO: [Labtools 27-1434] Device xc7z007s (JTAG device index = 1) is programmed with a design that has no supported debug core(s) in it.
open_bd_design {C:/Users/nathani/Documents/GitHub/EE316_2025/Project4/keyboard/project_4.srcs/sources_1/bd/design_1/design_1.bd}
update_module_reference design_1_user_logic_uart_0_1
INFO: [IP_Flow 19-5107] Inferred bus interface 'clk' of definition 'xilinx.com:signal:clock:1.0' (from Xilinx Repository).
WARNING: [IP_Flow 19-3153] Bus Interface 'clk': ASSOCIATED_BUSIF bus parameter is missing.
INFO: [IP_Flow 19-234] Refreshing IP repositories
INFO: [IP_Flow 19-1704] No user IP repositories specified
Upgrading 'C:/Users/nathani/Documents/GitHub/EE316_2025/Project4/keyboard/project_4.srcs/sources_1/bd/design_1/design_1.bd'
WARNING: [Vivado 12-1017] Problems encountered:
1. Failed to delete one or more files in run directory C:/Users/nathani/Documents/GitHub/EE316_2025/Project4/keyboard/project_4.runs/design_1_user_logic_uart_0_1_synth_1

INFO: [IP_Flow 19-3420] Updated design_1_user_logic_uart_0_1 to use current project options
Wrote  : <C:\Users\nathani\Documents\GitHub\EE316_2025\Project4\keyboard\project_4.srcs\sources_1\bd\design_1\design_1.bd> 
update_module_reference: Time (s): cpu = 00:00:01 ; elapsed = 00:00:12 . Memory (MB): peak = 2300.684 ; gain = 7.691
reset_run synth_1
WARNING: [Vivado 12-1017] Problems encountered:
1. Failed to delete one or more files in run directory C:/Users/nathani/Documents/GitHub/EE316_2025/Project4/keyboard/project_4.runs/synth_1

launch_runs impl_1 -to_step write_bitstream -jobs 6
Wrote  : <C:\Users\nathani\Documents\GitHub\EE316_2025\Project4\keyboard\project_4.srcs\sources_1\bd\design_1\design_1.bd> 
VHDL Output written to : C:/Users/nathani/Documents/GitHub/EE316_2025/Project4/keyboard/project_4.srcs/sources_1/bd/design_1/synth/design_1.vhd
VHDL Output written to : C:/Users/nathani/Documents/GitHub/EE316_2025/Project4/keyboard/project_4.srcs/sources_1/bd/design_1/sim/design_1.vhd
VHDL Output written to : C:/Users/nathani/Documents/GitHub/EE316_2025/Project4/keyboard/project_4.srcs/sources_1/bd/design_1/hdl/design_1_wrapper.vhd
INFO: [BD 41-1029] Generation completed for the IP Integrator block ps2_keyboard_to_ascii_0 .
INFO: [BD 41-1029] Generation completed for the IP Integrator block user_logic_uart_0 .
INFO: [BD 41-1029] Generation completed for the IP Integrator block Reset_Delay_0 .
INFO: [BD 41-1029] Generation completed for the IP Integrator block util_vector_logic_0 .
INFO: [BD 41-1029] Generation completed for the IP Integrator block baud_rate_0 .
INFO: [BD 41-1029] Generation completed for the IP Integrator block btn_debounce_toggle_0 .
Exporting to file C:/Users/nathani/Documents/GitHub/EE316_2025/Project4/keyboard/project_4.srcs/sources_1/bd/design_1/hw_handoff/design_1.hwh
Generated Block Design Tcl file C:/Users/nathani/Documents/GitHub/EE316_2025/Project4/keyboard/project_4.srcs/sources_1/bd/design_1/hw_handoff/design_1_bd.tcl
Generated Hardware Definition File C:/Users/nathani/Documents/GitHub/EE316_2025/Project4/keyboard/project_4.srcs/sources_1/bd/design_1/synth/design_1.hwdef
[Tue Mar 11 22:54:20 2025] Launched design_1_user_logic_uart_0_1_synth_1, synth_1...
Run output will be captured here:
design_1_user_logic_uart_0_1_synth_1: C:/Users/nathani/Documents/GitHub/EE316_2025/Project4/keyboard/project_4.runs/design_1_user_logic_uart_0_1_synth_1/runme.log
synth_1: C:/Users/nathani/Documents/GitHub/EE316_2025/Project4/keyboard/project_4.runs/synth_1/runme.log
[Tue Mar 11 22:54:20 2025] Launched impl_1...
Run output will be captured here: C:/Users/nathani/Documents/GitHub/EE316_2025/Project4/keyboard/project_4.runs/impl_1/runme.log
launch_runs: Time (s): cpu = 00:00:01 ; elapsed = 00:00:07 . Memory (MB): peak = 2322.719 ; gain = 22.035
update_module_reference design_1_user_logic_uart_0_1
INFO: [IP_Flow 19-5107] Inferred bus interface 'clk' of definition 'xilinx.com:signal:clock:1.0' (from Xilinx Repository).
WARNING: [IP_Flow 19-3153] Bus Interface 'clk': ASSOCIATED_BUSIF bus parameter is missing.
INFO: [IP_Flow 19-234] Refreshing IP repositories
INFO: [IP_Flow 19-1704] No user IP repositories specified
Upgrading 'C:/Users/nathani/Documents/GitHub/EE316_2025/Project4/keyboard/project_4.srcs/sources_1/bd/design_1/design_1.bd'
WARNING: [Vivado 12-1017] Problems encountered:
1. Failed to delete one or more files in run directory C:/Users/nathani/Documents/GitHub/EE316_2025/Project4/keyboard/project_4.runs/design_1_user_logic_uart_0_1_synth_1

INFO: [IP_Flow 19-3420] Updated design_1_user_logic_uart_0_1 to use current project options
Wrote  : <C:\Users\nathani\Documents\GitHub\EE316_2025\Project4\keyboard\project_4.srcs\sources_1\bd\design_1\design_1.bd> 
update_module_reference: Time (s): cpu = 00:00:02 ; elapsed = 00:00:11 . Memory (MB): peak = 2424.555 ; gain = 19.434
reset_run synth_1
WARNING: [Vivado 12-1017] Problems encountered:
1. Failed to delete one or more files in run directory C:/Users/nathani/Documents/GitHub/EE316_2025/Project4/keyboard/project_4.runs/synth_1

launch_runs impl_1 -to_step write_bitstream -jobs 6
Wrote  : <C:\Users\nathani\Documents\GitHub\EE316_2025\Project4\keyboard\project_4.srcs\sources_1\bd\design_1\design_1.bd> 
VHDL Output written to : C:/Users/nathani/Documents/GitHub/EE316_2025/Project4/keyboard/project_4.srcs/sources_1/bd/design_1/synth/design_1.vhd
VHDL Output written to : C:/Users/nathani/Documents/GitHub/EE316_2025/Project4/keyboard/project_4.srcs/sources_1/bd/design_1/sim/design_1.vhd
VHDL Output written to : C:/Users/nathani/Documents/GitHub/EE316_2025/Project4/keyboard/project_4.srcs/sources_1/bd/design_1/hdl/design_1_wrapper.vhd
INFO: [BD 41-1029] Generation completed for the IP Integrator block ps2_keyboard_to_ascii_0 .
INFO: [BD 41-1029] Generation completed for the IP Integrator block user_logic_uart_0 .
INFO: [BD 41-1029] Generation completed for the IP Integrator block Reset_Delay_0 .
INFO: [BD 41-1029] Generation completed for the IP Integrator block util_vector_logic_0 .
INFO: [BD 41-1029] Generation completed for the IP Integrator block baud_rate_0 .
INFO: [BD 41-1029] Generation completed for the IP Integrator block btn_debounce_toggle_0 .
Exporting to file C:/Users/nathani/Documents/GitHub/EE316_2025/Project4/keyboard/project_4.srcs/sources_1/bd/design_1/hw_handoff/design_1.hwh
Generated Block Design Tcl file C:/Users/nathani/Documents/GitHub/EE316_2025/Project4/keyboard/project_4.srcs/sources_1/bd/design_1/hw_handoff/design_1_bd.tcl
Generated Hardware Definition File C:/Users/nathani/Documents/GitHub/EE316_2025/Project4/keyboard/project_4.srcs/sources_1/bd/design_1/synth/design_1.hwdef
[Tue Mar 11 22:59:59 2025] Launched design_1_user_logic_uart_0_1_synth_1, synth_1...
Run output will be captured here:
design_1_user_logic_uart_0_1_synth_1: C:/Users/nathani/Documents/GitHub/EE316_2025/Project4/keyboard/project_4.runs/design_1_user_logic_uart_0_1_synth_1/runme.log
synth_1: C:/Users/nathani/Documents/GitHub/EE316_2025/Project4/keyboard/project_4.runs/synth_1/runme.log
[Tue Mar 11 22:59:59 2025] Launched impl_1...
Run output will be captured here: C:/Users/nathani/Documents/GitHub/EE316_2025/Project4/keyboard/project_4.runs/impl_1/runme.log
launch_runs: Time (s): cpu = 00:00:00 ; elapsed = 00:00:12 . Memory (MB): peak = 2447.316 ; gain = 22.762
reset_run impl_1
update_module_reference design_1_user_logic_uart_0_1
INFO: [IP_Flow 19-5107] Inferred bus interface 'clk' of definition 'xilinx.com:signal:clock:1.0' (from Xilinx Repository).
WARNING: [IP_Flow 19-3153] Bus Interface 'clk': ASSOCIATED_BUSIF bus parameter is missing.
INFO: [IP_Flow 19-234] Refreshing IP repositories
INFO: [IP_Flow 19-1704] No user IP repositories specified
Upgrading 'C:/Users/nathani/Documents/GitHub/EE316_2025/Project4/keyboard/project_4.srcs/sources_1/bd/design_1/design_1.bd'
WARNING: [Vivado 12-1017] Problems encountered:
1. Failed to delete one or more files in run directory C:/Users/nathani/Documents/GitHub/EE316_2025/Project4/keyboard/project_4.runs/design_1_user_logic_uart_0_1_synth_1

INFO: [IP_Flow 19-3420] Updated design_1_user_logic_uart_0_1 to use current project options
Wrote  : <C:\Users\nathani\Documents\GitHub\EE316_2025\Project4\keyboard\project_4.srcs\sources_1\bd\design_1\design_1.bd> 
reset_run synth_1
WARNING: [Vivado 12-1017] Problems encountered:
1. Failed to delete one or more files in run directory C:/Users/nathani/Documents/GitHub/EE316_2025/Project4/keyboard/project_4.runs/synth_1

launch_runs impl_1 -to_step write_bitstream -jobs 6
Wrote  : <C:\Users\nathani\Documents\GitHub\EE316_2025\Project4\keyboard\project_4.srcs\sources_1\bd\design_1\design_1.bd> 
VHDL Output written to : C:/Users/nathani/Documents/GitHub/EE316_2025/Project4/keyboard/project_4.srcs/sources_1/bd/design_1/synth/design_1.vhd
VHDL Output written to : C:/Users/nathani/Documents/GitHub/EE316_2025/Project4/keyboard/project_4.srcs/sources_1/bd/design_1/sim/design_1.vhd
VHDL Output written to : C:/Users/nathani/Documents/GitHub/EE316_2025/Project4/keyboard/project_4.srcs/sources_1/bd/design_1/hdl/design_1_wrapper.vhd
INFO: [BD 41-1029] Generation completed for the IP Integrator block ps2_keyboard_to_ascii_0 .
INFO: [BD 41-1029] Generation completed for the IP Integrator block user_logic_uart_0 .
INFO: [BD 41-1029] Generation completed for the IP Integrator block Reset_Delay_0 .
INFO: [BD 41-1029] Generation completed for the IP Integrator block util_vector_logic_0 .
INFO: [BD 41-1029] Generation completed for the IP Integrator block baud_rate_0 .
INFO: [BD 41-1029] Generation completed for the IP Integrator block btn_debounce_toggle_0 .
Exporting to file C:/Users/nathani/Documents/GitHub/EE316_2025/Project4/keyboard/project_4.srcs/sources_1/bd/design_1/hw_handoff/design_1.hwh
Generated Block Design Tcl file C:/Users/nathani/Documents/GitHub/EE316_2025/Project4/keyboard/project_4.srcs/sources_1/bd/design_1/hw_handoff/design_1_bd.tcl
Generated Hardware Definition File C:/Users/nathani/Documents/GitHub/EE316_2025/Project4/keyboard/project_4.srcs/sources_1/bd/design_1/synth/design_1.hwdef
[Tue Mar 11 23:02:33 2025] Launched design_1_user_logic_uart_0_1_synth_1, synth_1...
Run output will be captured here:
design_1_user_logic_uart_0_1_synth_1: C:/Users/nathani/Documents/GitHub/EE316_2025/Project4/keyboard/project_4.runs/design_1_user_logic_uart_0_1_synth_1/runme.log
synth_1: C:/Users/nathani/Documents/GitHub/EE316_2025/Project4/keyboard/project_4.runs/synth_1/runme.log
[Tue Mar 11 23:02:34 2025] Launched impl_1...
Run output will be captured here: C:/Users/nathani/Documents/GitHub/EE316_2025/Project4/keyboard/project_4.runs/impl_1/runme.log
launch_runs: Time (s): cpu = 00:00:01 ; elapsed = 00:00:07 . Memory (MB): peak = 2487.023 ; gain = 20.863
open_run impl_1
INFO: [Device 21-403] Loading part xc7z007sclg400-1
INFO: [Netlist 29-17] Analyzing 32 Unisim elements for replacement
INFO: [Netlist 29-28] Unisim Transformation completed in 0 CPU seconds
INFO: [Project 1-479] Netlist was created with Vivado 2019.1
INFO: [Project 1-570] Preparing netlist for logic optimization
INFO: [Timing 38-478] Restoring timing data from binary archive.
INFO: [Timing 38-479] Binary timing data restore complete.
INFO: [Project 1-856] Restoring constraints from binary archive.
INFO: [Project 1-853] Binary constraint restore complete.
Reading XDEF placement.
Reading placer database...
Reading XDEF routing.
Read XDEF File: Time (s): cpu = 00:00:00 ; elapsed = 00:00:00.064 . Memory (MB): peak = 3298.332 ; gain = 0.000
Restored from archive | CPU: 0.000000 secs | Memory: 0.000000 MB |
Finished XDEF File Restore: Time (s): cpu = 00:00:00 ; elapsed = 00:00:00.064 . Memory (MB): peak = 3298.332 ; gain = 0.000
Netlist sorting complete. Time (s): cpu = 00:00:00 ; elapsed = 00:00:00 . Memory (MB): peak = 3298.332 ; gain = 0.000
INFO: [Project 1-111] Unisim Transformation Summary:
No Unisim elements were transformed.

open_run: Time (s): cpu = 00:00:24 ; elapsed = 00:00:22 . Memory (MB): peak = 3437.594 ; gain = 946.645
set_property PROBES.FILE {} [get_hw_devices xc7z007s_1]
set_property FULL_PROBES.FILE {} [get_hw_devices xc7z007s_1]
set_property PROGRAM.FILE {C:/Users/nathani/Documents/GitHub/EE316_2025/Project4/keyboard/project_4.runs/impl_1/design_1_wrapper.bit} [get_hw_devices xc7z007s_1]
program_hw_devices [get_hw_devices xc7z007s_1]
INFO: [Labtools 27-3164] End of startup status: HIGH
refresh_hw_device [lindex [get_hw_devices xc7z007s_1] 0]
INFO: [Labtools 27-1434] Device xc7z007s (JTAG device index = 1) is programmed with a design that has no supported debug core(s) in it.
close_hw
set_property top uart_tb [get_filesets sim_1]
set_property top_lib xil_defaultlib [get_filesets sim_1]
update_compile_order -fileset sim_1
launch_simulation
INFO: [Vivado 12-5698] Checking validity of IPs in the design for the 'XSim' simulator...
INFO: [Vivado 12-5682] Launching behavioral simulation in 'C:/Users/nathani/Documents/GitHub/EE316_2025/Project4/keyboard/project_4.sim/sim_1/behav/xsim'
INFO: [Vivado 12-4795] Using compiled simulation libraries for IPs
INFO: [SIM-utils-51] Simulation object is 'sim_1'
INFO: [USF-XSim-7] Finding pre-compiled libraries...
INFO: [USF-XSim-11] File 'C:/Xilinx/Vivado/2019.1/data/xsim/xsim.ini' copied to run dir:'C:/Users/nathani/Documents/GitHub/EE316_2025/Project4/keyboard/project_4.sim/sim_1/behav/xsim'
INFO: [SIM-utils-54] Inspecting design source files for 'uart_tb' in fileset 'sim_1'...
INFO: [USF-XSim-97] Finding global include files...
INFO: [USF-XSim-98] Fetching design files from 'sim_1'...
INFO: [USF-XSim-2] XSim::Compile design
INFO: [USF-XSim-61] Executing 'COMPILE and ANALYZE' step in 'C:/Users/nathani/Documents/GitHub/EE316_2025/Project4/keyboard/project_4.sim/sim_1/behav/xsim'
"xvhdl --incr --relax -prj uart_tb_vhdl.prj"
INFO: [VRFC 10-163] Analyzing VHDL file "C:/Users/nathani/Documents/GitHub/EE316_2025/Project4/keyboard/project_4.srcs/sources_1/imports/Downloads/uart.vhd" into library xil_defaultlib
INFO: [VRFC 10-3107] analyzing entity 'uart'
INFO: [VRFC 10-163] Analyzing VHDL file "C:/Users/nathani/Documents/GitHub/EE316_2025/Project4/keyboard/project_4.srcs/sim_1/new/tb_uart.vhd" into library xil_defaultlib
INFO: [VRFC 10-3107] analyzing entity 'uart_tb'
INFO: [USF-XSim-69] 'compile' step finished in '2' seconds
INFO: [USF-XSim-3] XSim::Elaborate design
INFO: [USF-XSim-61] Executing 'ELABORATE' step in 'C:/Users/nathani/Documents/GitHub/EE316_2025/Project4/keyboard/project_4.sim/sim_1/behav/xsim'
"xelab -wto c83ba13c319d4714a47426d321815e3d --incr --debug typical --relax --mt 2 -L xil_defaultlib -L secureip -L xpm --snapshot uart_tb_behav xil_defaultlib.uart_tb -log elaborate.log"
Vivado Simulator 2019.1
Copyright 1986-1999, 2001-2019 Xilinx, Inc. All Rights Reserved.
Running: C:/Xilinx/Vivado/2019.1/bin/unwrapped/win64.o/xelab.exe -wto c83ba13c319d4714a47426d321815e3d --incr --debug typical --relax --mt 2 -L xil_defaultlib -L secureip -L xpm --snapshot uart_tb_behav xil_defaultlib.uart_tb -log elaborate.log 
Using 2 slave threads.
Starting static elaboration
Completed static elaboration
Starting simulation data flow analysis
Completed simulation data flow analysis
Time Resolution for simulation is 1ps
Compiling package std.standard
Compiling package std.textio
Compiling package ieee.std_logic_1164
Compiling package ieee.std_logic_arith
Compiling package ieee.std_logic_unsigned
Compiling architecture rtl of entity xil_defaultlib.uart [uart_default]
Compiling architecture behavior of entity xil_defaultlib.uart_tb
Built simulation snapshot uart_tb_behav

****** Webtalk v2019.1 (64-bit)
  **** SW Build 2552052 on Fri May 24 14:49:42 MDT 2019
  **** IP Build 2548770 on Fri May 24 18:01:18 MDT 2019
    ** Copyright 1986-2019 Xilinx, Inc. All Rights Reserved.

source C:/Users/nathani/Documents/GitHub/EE316_2025/Project4/keyboard/project_4.sim/sim_1/behav/xsim/xsim.dir/uart_tb_behav/webtalk/xsim_webtalk.tcl -notrace
INFO: [Common 17-206] Exiting Webtalk at Tue Mar 11 23:34:06 2025...
run_program: Time (s): cpu = 00:00:00 ; elapsed = 00:00:06 . Memory (MB): peak = 3437.594 ; gain = 0.000
INFO: [USF-XSim-69] 'elaborate' step finished in '6' seconds
INFO: [USF-XSim-4] XSim::Simulate design
INFO: [USF-XSim-61] Executing 'SIMULATE' step in 'C:/Users/nathani/Documents/GitHub/EE316_2025/Project4/keyboard/project_4.sim/sim_1/behav/xsim'
INFO: [USF-XSim-98] *** Running xsim
   with args "uart_tb_behav -key {Behavioral:sim_1:Functional:uart_tb} -tclbatch {uart_tb.tcl} -protoinst "protoinst_files/design_1.protoinst" -log {simulate.log}"
INFO: [USF-XSim-8] Loading simulator feature
Vivado Simulator 2019.1
INFO: [Wavedata 42-565] Reading protoinst file protoinst_files/design_1.protoinst
WARNING: [Wavedata 42-558] Couldn't load one or more protocol instances from protoinst file protoinst_files/design_1.protoinst for the following reason(s):
There are no instances of module "design_1" in the design.

Time resolution is 1 ps
source uart_tb.tcl
# set curr_wave [current_wave_config]
# if { [string length $curr_wave] == 0 } {
#   if { [llength [get_objects]] > 0} {
#     add_wave /
#     set_property needs_save false [current_wave_config]
#   } else {
#      send_msg_id Add_Wave-1 WARNING "No top level signals found. Simulator will start without a wave window. If you want to open a wave window go to 'File->New Waveform Configuration' or type 'create_wave_config' in the TCL console."
#   }
# }
# run 1000ns
INFO: [USF-XSim-96] XSim completed. Design snapshot 'uart_tb_behav' loaded.
INFO: [USF-XSim-97] XSim simulation ran for 1000ns
launch_simulation: Time (s): cpu = 00:00:05 ; elapsed = 00:00:19 . Memory (MB): peak = 3452.125 ; gain = 14.531
run all
run: Time (s): cpu = 00:00:17 ; elapsed = 00:00:16 . Memory (MB): peak = 3452.125 ; gain = 0.000
relaunch_sim
INFO: [Vivado 12-5698] Checking validity of IPs in the design for the 'XSim' simulator...
INFO: [Vivado 12-5682] Launching behavioral simulation in 'C:/Users/nathani/Documents/GitHub/EE316_2025/Project4/keyboard/project_4.sim/sim_1/behav/xsim'
INFO: [Vivado 12-4795] Using compiled simulation libraries for IPs
INFO: [SIM-utils-51] Simulation object is 'sim_1'
INFO: [USF-XSim-7] Finding pre-compiled libraries...
INFO: [USF-XSim-11] File 'C:/Xilinx/Vivado/2019.1/data/xsim/xsim.ini' copied to run dir:'C:/Users/nathani/Documents/GitHub/EE316_2025/Project4/keyboard/project_4.sim/sim_1/behav/xsim'
INFO: [SIM-utils-54] Inspecting design source files for 'uart_tb' in fileset 'sim_1'...
INFO: [USF-XSim-97] Finding global include files...
INFO: [USF-XSim-98] Fetching design files from 'sim_1'...
INFO: [USF-XSim-2] XSim::Compile design
INFO: [USF-XSim-61] Executing 'COMPILE and ANALYZE' step in 'C:/Users/nathani/Documents/GitHub/EE316_2025/Project4/keyboard/project_4.sim/sim_1/behav/xsim'
"xvhdl --incr --relax -prj uart_tb_vhdl.prj"
INFO: [USF-XSim-69] 'compile' step finished in '2' seconds
INFO: [Vivado 12-5698] Checking validity of IPs in the design for the 'XSim' simulator...
INFO: [Vivado 12-5682] Launching behavioral simulation in 'C:/Users/nathani/Documents/GitHub/EE316_2025/Project4/keyboard/project_4.sim/sim_1/behav/xsim'
INFO: [Vivado 12-4795] Using compiled simulation libraries for IPs
INFO: [USF-XSim-3] XSim::Elaborate design
INFO: [USF-XSim-61] Executing 'ELABORATE' step in 'C:/Users/nathani/Documents/GitHub/EE316_2025/Project4/keyboard/project_4.sim/sim_1/behav/xsim'
"xelab -wto c83ba13c319d4714a47426d321815e3d --incr --debug typical --relax --mt 2 -L xil_defaultlib -L secureip -L xpm --snapshot uart_tb_behav xil_defaultlib.uart_tb -log elaborate.log"
Vivado Simulator 2019.1
Copyright 1986-1999, 2001-2019 Xilinx, Inc. All Rights Reserved.
Running: C:/Xilinx/Vivado/2019.1/bin/unwrapped/win64.o/xelab.exe -wto c83ba13c319d4714a47426d321815e3d --incr --debug typical --relax --mt 2 -L xil_defaultlib -L secureip -L xpm --snapshot uart_tb_behav xil_defaultlib.uart_tb -log elaborate.log 
Using 2 slave threads.
Starting static elaboration
Completed static elaboration
INFO: [XSIM 43-4323] No Change in HDL. Linking previously generated obj files to create kernel
INFO: [USF-XSim-69] 'elaborate' step finished in '2' seconds
Vivado Simulator 2019.1
INFO: [Wavedata 42-565] Reading protoinst file protoinst_files/design_1.protoinst
WARNING: [Wavedata 42-558] Couldn't load one or more protocol instances from protoinst file protoinst_files/design_1.protoinst for the following reason(s):
There are no instances of module "design_1" in the design.

Time resolution is 1 ps
relaunch_sim: Time (s): cpu = 00:00:02 ; elapsed = 00:00:09 . Memory (MB): peak = 3452.125 ; gain = 0.000
run 10 us
run 10 us
run 10 us
run 10 us
open_bd_design {C:/Users/nathani/Documents/GitHub/EE316_2025/Project4/keyboard/project_4.srcs/sources_1/bd/design_1/design_1.bd}
delete_bd_objs [get_bd_nets rx_in_1] [get_bd_ports rx_in]
update_module_reference design_1_user_logic_uart_0_1
INFO: [IP_Flow 19-5107] Inferred bus interface 'clk' of definition 'xilinx.com:signal:clock:1.0' (from Xilinx Repository).
WARNING: [IP_Flow 19-3153] Bus Interface 'clk': ASSOCIATED_BUSIF bus parameter is missing.
INFO: [IP_Flow 19-234] Refreshing IP repositories
INFO: [IP_Flow 19-1704] No user IP repositories specified
Upgrading 'C:/Users/nathani/Documents/GitHub/EE316_2025/Project4/keyboard/project_4.srcs/sources_1/bd/design_1/design_1.bd'
WARNING: [Vivado 12-1017] Problems encountered:
1. Failed to delete one or more files in run directory C:/Users/nathani/Documents/GitHub/EE316_2025/Project4/keyboard/project_4.runs/design_1_user_logic_uart_0_1_synth_1

INFO: [IP_Flow 19-3420] Updated design_1_user_logic_uart_0_1 to use current project options
WARNING: [IP_Flow 19-4700] Upgrade has removed port 'urx_in'
WARNING: [IP_Flow 19-3298] Detected external port differences while upgrading 'design_1_user_logic_uart_0_1'. These changes may impact your design.
CRITICAL WARNING: [Coretcl 2-1280] The upgrade of 'design_1_user_logic_uart_0_1' has identified issues that may require user intervention. Please verify that the instance is correctly configured, and review any upgrade messages.
Wrote  : <C:\Users\nathani\Documents\GitHub\EE316_2025\Project4\keyboard\project_4.srcs\sources_1\bd\design_1\design_1.bd> 
Wrote  : <C:/Users/nathani/Documents/GitHub/EE316_2025/Project4/keyboard/project_4.srcs/sources_1/bd/design_1/ui/bd_1f5defd0.ui> 
reset_run synth_1
WARNING: [Vivado 12-1017] Problems encountered:
1. Failed to delete one or more files in run directory C:/Users/nathani/Documents/GitHub/EE316_2025/Project4/keyboard/project_4.runs/synth_1

launch_runs impl_1 -to_step write_bitstream -jobs 6
Wrote  : <C:\Users\nathani\Documents\GitHub\EE316_2025\Project4\keyboard\project_4.srcs\sources_1\bd\design_1\design_1.bd> 
VHDL Output written to : C:/Users/nathani/Documents/GitHub/EE316_2025/Project4/keyboard/project_4.srcs/sources_1/bd/design_1/synth/design_1.vhd
VHDL Output written to : C:/Users/nathani/Documents/GitHub/EE316_2025/Project4/keyboard/project_4.srcs/sources_1/bd/design_1/sim/design_1.vhd
VHDL Output written to : C:/Users/nathani/Documents/GitHub/EE316_2025/Project4/keyboard/project_4.srcs/sources_1/bd/design_1/hdl/design_1_wrapper.vhd
INFO: [BD 41-1029] Generation completed for the IP Integrator block ps2_keyboard_to_ascii_0 .
INFO: [BD 41-1029] Generation completed for the IP Integrator block user_logic_uart_0 .
INFO: [BD 41-1029] Generation completed for the IP Integrator block Reset_Delay_0 .
INFO: [BD 41-1029] Generation completed for the IP Integrator block util_vector_logic_0 .
INFO: [BD 41-1029] Generation completed for the IP Integrator block baud_rate_0 .
INFO: [BD 41-1029] Generation completed for the IP Integrator block btn_debounce_toggle_0 .
Exporting to file C:/Users/nathani/Documents/GitHub/EE316_2025/Project4/keyboard/project_4.srcs/sources_1/bd/design_1/hw_handoff/design_1.hwh
Generated Block Design Tcl file C:/Users/nathani/Documents/GitHub/EE316_2025/Project4/keyboard/project_4.srcs/sources_1/bd/design_1/hw_handoff/design_1_bd.tcl
Generated Hardware Definition File C:/Users/nathani/Documents/GitHub/EE316_2025/Project4/keyboard/project_4.srcs/sources_1/bd/design_1/synth/design_1.hwdef
[Tue Mar 11 23:53:50 2025] Launched design_1_user_logic_uart_0_1_synth_1, synth_1...
Run output will be captured here:
design_1_user_logic_uart_0_1_synth_1: C:/Users/nathani/Documents/GitHub/EE316_2025/Project4/keyboard/project_4.runs/design_1_user_logic_uart_0_1_synth_1/runme.log
synth_1: C:/Users/nathani/Documents/GitHub/EE316_2025/Project4/keyboard/project_4.runs/synth_1/runme.log
[Tue Mar 11 23:53:50 2025] Launched impl_1...
Run output will be captured here: C:/Users/nathani/Documents/GitHub/EE316_2025/Project4/keyboard/project_4.runs/impl_1/runme.log
launch_runs: Time (s): cpu = 00:00:01 ; elapsed = 00:00:06 . Memory (MB): peak = 3486.148 ; gain = 23.203
open_hw
connect_hw_server
INFO: [Labtools 27-2285] Connecting to hw_server url TCP:localhost:3121
INFO: [Labtools 27-2222] Launching hw_server...
INFO: [Labtools 27-2221] Launch Output:

****** Xilinx hw_server v2019.1
  **** Build date : May 24 2019 at 15:13:31
    ** Copyright 1986-2019 Xilinx, Inc. All Rights Reserved.


open_hw_target
INFO: [Labtoolstcl 44-466] Opening hw_target localhost:3121/xilinx_tcf/Digilent/210370B7C212A
set_property PROGRAM.FILE {C:/Users/nathani/Documents/GitHub/EE316_2025/Project4/keyboard/project_4.runs/impl_1/design_1_wrapper.bit} [get_hw_devices xc7z007s_1]
current_hw_device [get_hw_devices xc7z007s_1]
refresh_hw_device -update_hw_probes false [lindex [get_hw_devices xc7z007s_1] 0]
INFO: [Labtools 27-1434] Device xc7z007s (JTAG device index = 1) is programmed with a design that has no supported debug core(s) in it.
set_property PROBES.FILE {} [get_hw_devices xc7z007s_1]
set_property FULL_PROBES.FILE {} [get_hw_devices xc7z007s_1]
set_property PROGRAM.FILE {C:/Users/nathani/Documents/GitHub/EE316_2025/Project4/keyboard/project_4.runs/impl_1/design_1_wrapper.bit} [get_hw_devices xc7z007s_1]
program_hw_devices [get_hw_devices xc7z007s_1]
INFO: [Labtools 27-3164] End of startup status: HIGH
refresh_hw_device [lindex [get_hw_devices xc7z007s_1] 0]
INFO: [Labtools 27-1434] Device xc7z007s (JTAG device index = 1) is programmed with a design that has no supported debug core(s) in it.
close_hw
open_bd_design {C:/Users/nathani/Documents/GitHub/EE316_2025/Project4/keyboard/project_4.srcs/sources_1/bd/design_1/design_1.bd}
create_bd_port -dir O -from 7 -to 0 ascii_out
connect_bd_net [get_bd_ports ascii_out] [get_bd_pins ps2_keyboard_to_ascii_0/ascii_code]
update_module_reference design_1_user_logic_uart_0_1
INFO: [IP_Flow 19-5107] Inferred bus interface 'clk' of definition 'xilinx.com:signal:clock:1.0' (from Xilinx Repository).
WARNING: [IP_Flow 19-3153] Bus Interface 'clk': ASSOCIATED_BUSIF bus parameter is missing.
INFO: [IP_Flow 19-234] Refreshing IP repositories
INFO: [IP_Flow 19-1704] No user IP repositories specified
Upgrading 'C:/Users/nathani/Documents/GitHub/EE316_2025/Project4/keyboard/project_4.srcs/sources_1/bd/design_1/design_1.bd'
WARNING: [Vivado 12-1017] Problems encountered:
1. Failed to delete one or more files in run directory C:/Users/nathani/Documents/GitHub/EE316_2025/Project4/keyboard/project_4.runs/design_1_user_logic_uart_0_1_synth_1

INFO: [IP_Flow 19-3420] Updated design_1_user_logic_uart_0_1 to use current project options
Wrote  : <C:\Users\nathani\Documents\GitHub\EE316_2025\Project4\keyboard\project_4.srcs\sources_1\bd\design_1\design_1.bd> 
Wrote  : <C:/Users/nathani/Documents/GitHub/EE316_2025/Project4/keyboard/project_4.srcs/sources_1/bd/design_1/ui/bd_1f5defd0.ui> 
reset_run synth_1
WARNING: [Vivado 12-1017] Problems encountered:
1. Failed to delete one or more files in run directory C:/Users/nathani/Documents/GitHub/EE316_2025/Project4/keyboard/project_4.runs/synth_1

launch_runs impl_1 -to_step write_bitstream -jobs 6
Wrote  : <C:\Users\nathani\Documents\GitHub\EE316_2025\Project4\keyboard\project_4.srcs\sources_1\bd\design_1\design_1.bd> 
VHDL Output written to : C:/Users/nathani/Documents/GitHub/EE316_2025/Project4/keyboard/project_4.srcs/sources_1/bd/design_1/synth/design_1.vhd
VHDL Output written to : C:/Users/nathani/Documents/GitHub/EE316_2025/Project4/keyboard/project_4.srcs/sources_1/bd/design_1/sim/design_1.vhd
VHDL Output written to : C:/Users/nathani/Documents/GitHub/EE316_2025/Project4/keyboard/project_4.srcs/sources_1/bd/design_1/hdl/design_1_wrapper.vhd
INFO: [BD 41-1029] Generation completed for the IP Integrator block ps2_keyboard_to_ascii_0 .
INFO: [BD 41-1029] Generation completed for the IP Integrator block user_logic_uart_0 .
INFO: [BD 41-1029] Generation completed for the IP Integrator block Reset_Delay_0 .
INFO: [BD 41-1029] Generation completed for the IP Integrator block util_vector_logic_0 .
INFO: [BD 41-1029] Generation completed for the IP Integrator block baud_rate_0 .
INFO: [BD 41-1029] Generation completed for the IP Integrator block btn_debounce_toggle_0 .
Exporting to file C:/Users/nathani/Documents/GitHub/EE316_2025/Project4/keyboard/project_4.srcs/sources_1/bd/design_1/hw_handoff/design_1.hwh
Generated Block Design Tcl file C:/Users/nathani/Documents/GitHub/EE316_2025/Project4/keyboard/project_4.srcs/sources_1/bd/design_1/hw_handoff/design_1_bd.tcl
Generated Hardware Definition File C:/Users/nathani/Documents/GitHub/EE316_2025/Project4/keyboard/project_4.srcs/sources_1/bd/design_1/synth/design_1.hwdef
[Wed Mar 12 00:15:36 2025] Launched design_1_user_logic_uart_0_1_synth_1, synth_1...
Run output will be captured here:
design_1_user_logic_uart_0_1_synth_1: C:/Users/nathani/Documents/GitHub/EE316_2025/Project4/keyboard/project_4.runs/design_1_user_logic_uart_0_1_synth_1/runme.log
synth_1: C:/Users/nathani/Documents/GitHub/EE316_2025/Project4/keyboard/project_4.runs/synth_1/runme.log
[Wed Mar 12 00:15:36 2025] Launched impl_1...
Run output will be captured here: C:/Users/nathani/Documents/GitHub/EE316_2025/Project4/keyboard/project_4.runs/impl_1/runme.log
launch_runs: Time (s): cpu = 00:00:01 ; elapsed = 00:00:13 . Memory (MB): peak = 3708.910 ; gain = 0.000
delete_bd_objs [get_bd_ports ascii_out]
validate_bd_design
create_bd_design "design_2"
Wrote  : <C:\Users\nathani\Documents\GitHub\EE316_2025\Project4\keyboard\project_4.srcs\sources_1\bd\design_2\design_2.bd> 
update_compile_order -fileset sources_1
create_bd_port -dir I clk
create_bd_port -dir I reset
create_bd_port -dir O -from 7 -to 0 ascii_out
create_bd_cell -type module -reference btn_debounce_toggle btn_debounce_toggle_0
connect_bd_net [get_bd_ports clk] [get_bd_pins btn_debounce_toggle_0/CLK]
connect_bd_net [get_bd_ports reset] [get_bd_pins btn_debounce_toggle_0/BTN_I]
startgroup
create_bd_cell -type ip -vlnv xilinx.com:ip:util_vector_logic:2.0 util_vector_logic_0
endgroup
set_property -dict [list CONFIG.C_SIZE {1} CONFIG.C_OPERATION {or} CONFIG.LOGO_FILE {data/sym_orgate.png}] [get_bd_cells util_vector_logic_0]
connect_bd_net [get_bd_pins btn_debounce_toggle_0/BTN_O] [get_bd_pins util_vector_logic_0/Op1]
create_bd_cell -type module -reference Reset_Delay Reset_Delay_0
connect_bd_net [get_bd_ports clk] [get_bd_pins Reset_Delay_0/iCLK]
connect_bd_net [get_bd_pins Reset_Delay_0/oRESET] [get_bd_pins util_vector_logic_0/Op2]
create_bd_cell -type module -reference ps2_keyboard_to_ascii ps2_keyboard_to_ascii_0
delete_bd_objs [get_bd_nets Reset_Delay_0_oRESET] [get_bd_nets btn_debounce_toggle_0_BTN_O] [get_bd_cells util_vector_logic_0]
delete_bd_objs [get_bd_cells Reset_Delay_0]
delete_bd_objs [get_bd_nets clk_1] [get_bd_nets reset_1] [get_bd_cells btn_debounce_toggle_0]
connect_bd_net [get_bd_ports clk] [get_bd_pins ps2_keyboard_to_ascii_0/clk]
delete_bd_objs [get_bd_ports reset]
connect_bd_net [get_bd_ports ascii_out] [get_bd_pins ps2_keyboard_to_ascii_0/ascii_new]
delete_bd_objs [get_bd_nets ps2_keyboard_to_ascii_0_ascii_new]
connect_bd_net [get_bd_ports ascii_out] [get_bd_pins ps2_keyboard_to_ascii_0/ascii_code]
create_bd_port -dir O ascii_pulse
connect_bd_net [get_bd_ports ascii_pulse] [get_bd_pins ps2_keyboard_to_ascii_0/ascii_new]
regenerate_bd_layout
validate_bd_design
ERROR: [BD 41-758] The following clock pins are not connected to a valid clock source: 
/ps2_keyboard_to_ascii_0/ps2_clk

ERROR: [Common 17-39] 'validate_bd_design' failed due to earlier errors.
validate_bd_design
ERROR: [BD 41-758] The following clock pins are not connected to a valid clock source: 
/ps2_keyboard_to_ascii_0/ps2_clk

ERROR: [Common 17-39] 'validate_bd_design' failed due to earlier errors.
open_bd_design {C:/Users/nathani/Documents/GitHub/EE316_2025/Project4/keyboard/project_4.srcs/sources_1/bd/design_1/design_1.bd}
open_bd_design {C:/Users/nathani/Documents/GitHub/EE316_2025/Project4/keyboard/project_4.srcs/sources_1/bd/design_2/design_2.bd}
create_bd_port -dir I kb_clk
connect_bd_net [get_bd_ports kb_clk] [get_bd_pins ps2_keyboard_to_ascii_0/ps2_clk]
create_bd_port -dir I kb_data
connect_bd_net [get_bd_ports kb_data] [get_bd_pins ps2_keyboard_to_ascii_0/ps2_data]
regenerate_bd_layout
validate_bd_design
make_wrapper -files [get_files C:/Users/nathani/Documents/GitHub/EE316_2025/Project4/keyboard/project_4.srcs/sources_1/bd/design_2/design_2.bd] -top
INFO: [BD 41-1662] The design 'design_2.bd' is already validated. Therefore parameter propagation will not be re-run.
Wrote  : <C:\Users\nathani\Documents\GitHub\EE316_2025\Project4\keyboard\project_4.srcs\sources_1\bd\design_2\design_2.bd> 
Wrote  : <C:/Users/nathani/Documents/GitHub/EE316_2025/Project4/keyboard/project_4.srcs/sources_1/bd/design_2/ui/bd_1fdbff51.ui> 
VHDL Output written to : C:/Users/nathani/Documents/GitHub/EE316_2025/Project4/keyboard/project_4.srcs/sources_1/bd/design_2/synth/design_2.vhd
VHDL Output written to : C:/Users/nathani/Documents/GitHub/EE316_2025/Project4/keyboard/project_4.srcs/sources_1/bd/design_2/sim/design_2.vhd
VHDL Output written to : C:/Users/nathani/Documents/GitHub/EE316_2025/Project4/keyboard/project_4.srcs/sources_1/bd/design_2/hdl/design_2_wrapper.vhd
add_files -norecurse C:/Users/nathani/Documents/GitHub/EE316_2025/Project4/keyboard/project_4.srcs/sources_1/bd/design_2/hdl/design_2_wrapper.vhd
update_compile_order -fileset sources_1
set_property top design_2_wrapper [current_fileset]
update_compile_order -fileset sources_1
current_bd_design [get_bd_designs design_1]
save_bd_design
Wrote  : <C:\Users\nathani\Documents\GitHub\EE316_2025\Project4\keyboard\project_4.srcs\sources_1\bd\design_1\design_1.bd> 
current_bd_design [get_bd_designs design_2]
reset_run synth_1
WARNING: [Vivado 12-1017] Problems encountered:
1. Failed to delete one or more files in run directory C:/Users/nathani/Documents/GitHub/EE316_2025/Project4/keyboard/project_4.runs/synth_1

launch_runs impl_1 -to_step write_bitstream -jobs 6
INFO: [BD 41-1662] The design 'design_2.bd' is already validated. Therefore parameter propagation will not be re-run.
VHDL Output written to : C:/Users/nathani/Documents/GitHub/EE316_2025/Project4/keyboard/project_4.srcs/sources_1/bd/design_2/synth/design_2.vhd
VHDL Output written to : C:/Users/nathani/Documents/GitHub/EE316_2025/Project4/keyboard/project_4.srcs/sources_1/bd/design_2/sim/design_2.vhd
VHDL Output written to : C:/Users/nathani/Documents/GitHub/EE316_2025/Project4/keyboard/project_4.srcs/sources_1/bd/design_2/hdl/design_2_wrapper.vhd
INFO: [BD 41-1029] Generation completed for the IP Integrator block ps2_keyboard_to_ascii_0 .
Exporting to file C:/Users/nathani/Documents/GitHub/EE316_2025/Project4/keyboard/project_4.srcs/sources_1/bd/design_2/hw_handoff/design_2.hwh
Generated Block Design Tcl file C:/Users/nathani/Documents/GitHub/EE316_2025/Project4/keyboard/project_4.srcs/sources_1/bd/design_2/hw_handoff/design_2_bd.tcl
Generated Hardware Definition File C:/Users/nathani/Documents/GitHub/EE316_2025/Project4/keyboard/project_4.srcs/sources_1/bd/design_2/synth/design_2.hwdef
[Wed Mar 12 00:25:51 2025] Launched design_2_ps2_keyboard_to_ascii_0_0_synth_1, synth_1...
Run output will be captured here:
design_2_ps2_keyboard_to_ascii_0_0_synth_1: C:/Users/nathani/Documents/GitHub/EE316_2025/Project4/keyboard/project_4.runs/design_2_ps2_keyboard_to_ascii_0_0_synth_1/runme.log
synth_1: C:/Users/nathani/Documents/GitHub/EE316_2025/Project4/keyboard/project_4.runs/synth_1/runme.log
[Wed Mar 12 00:25:51 2025] Launched impl_1...
Run output will be captured here: C:/Users/nathani/Documents/GitHub/EE316_2025/Project4/keyboard/project_4.runs/impl_1/runme.log
launch_runs: Time (s): cpu = 00:00:01 ; elapsed = 00:00:11 . Memory (MB): peak = 4166.863 ; gain = 36.668
reset_run synth_1
WARNING: [Vivado 12-1017] Problems encountered:
1. Failed to delete one or more files in run directory C:/Users/nathani/Documents/GitHub/EE316_2025/Project4/keyboard/project_4.runs/synth_1

launch_runs impl_1 -to_step write_bitstream -jobs 6
[Wed Mar 12 00:29:00 2025] Launched synth_1...
Run output will be captured here: C:/Users/nathani/Documents/GitHub/EE316_2025/Project4/keyboard/project_4.runs/synth_1/runme.log
[Wed Mar 12 00:29:00 2025] Launched impl_1...
Run output will be captured here: C:/Users/nathani/Documents/GitHub/EE316_2025/Project4/keyboard/project_4.runs/impl_1/runme.log
open_bd_design {C:/Users/nathani/Documents/GitHub/EE316_2025/Project4/keyboard/project_4.srcs/sources_1/bd/design_1/design_1.bd}
open_bd_design {C:/Users/nathani/Documents/GitHub/EE316_2025/Project4/keyboard/project_4.srcs/sources_1/bd/design_2/design_2.bd}
reset_run impl_1
reset_run synth_1
WARNING: [Vivado 12-1017] Problems encountered:
1. Failed to delete one or more files in run directory C:/Users/nathani/Documents/GitHub/EE316_2025/Project4/keyboard/project_4.runs/synth_1

launch_runs impl_1 -to_step write_bitstream -jobs 6
[Wed Mar 12 00:33:12 2025] Launched synth_1...
Run output will be captured here: C:/Users/nathani/Documents/GitHub/EE316_2025/Project4/keyboard/project_4.runs/synth_1/runme.log
[Wed Mar 12 00:33:12 2025] Launched impl_1...
Run output will be captured here: C:/Users/nathani/Documents/GitHub/EE316_2025/Project4/keyboard/project_4.runs/impl_1/runme.log
delete_bd_objs [get_bd_nets kb_clk_1] [get_bd_ports kb_clk]
create_bd_port -dir I -type ce kb_clk
set_property location {-13 84} [get_bd_ports kb_clk]
delete_bd_objs [get_bd_ports kb_clk]
create_bd_port -dir I kb_clk
connect_bd_net [get_bd_ports kb_clk] [get_bd_pins ps2_keyboard_to_ascii_0/ps2_clk]
regenerate_bd_layout
set_property top design_1_wrapper [current_fileset]
update_compile_order -fileset sources_1
save_bd_design
Wrote  : <C:\Users\nathani\Documents\GitHub\EE316_2025\Project4\keyboard\project_4.srcs\sources_1\bd\design_2\design_2.bd> 
Wrote  : <C:/Users/nathani/Documents/GitHub/EE316_2025/Project4/keyboard/project_4.srcs/sources_1/bd/design_2/ui/bd_1fdbff51.ui> 
reset_run synth_1
WARNING: [Vivado 12-1017] Problems encountered:
1. Failed to delete one or more files in run directory C:/Users/nathani/Documents/GitHub/EE316_2025/Project4/keyboard/project_4.runs/synth_1

launch_runs impl_1 -to_step write_bitstream -jobs 6
INFO: [BD 41-1662] The design 'design_1.bd' is already validated. Therefore parameter propagation will not be re-run.
VHDL Output written to : C:/Users/nathani/Documents/GitHub/EE316_2025/Project4/keyboard/project_4.srcs/sources_1/bd/design_1/synth/design_1.vhd
VHDL Output written to : C:/Users/nathani/Documents/GitHub/EE316_2025/Project4/keyboard/project_4.srcs/sources_1/bd/design_1/sim/design_1.vhd
VHDL Output written to : C:/Users/nathani/Documents/GitHub/EE316_2025/Project4/keyboard/project_4.srcs/sources_1/bd/design_1/hdl/design_1_wrapper.vhd
INFO: [BD 41-1029] Generation completed for the IP Integrator block ps2_keyboard_to_ascii_0 .
INFO: [BD 41-1029] Generation completed for the IP Integrator block user_logic_uart_0 .
INFO: [BD 41-1029] Generation completed for the IP Integrator block Reset_Delay_0 .
INFO: [BD 41-1029] Generation completed for the IP Integrator block util_vector_logic_0 .
INFO: [BD 41-1029] Generation completed for the IP Integrator block baud_rate_0 .
INFO: [BD 41-1029] Generation completed for the IP Integrator block btn_debounce_toggle_0 .
Exporting to file C:/Users/nathani/Documents/GitHub/EE316_2025/Project4/keyboard/project_4.srcs/sources_1/bd/design_1/hw_handoff/design_1.hwh
Generated Block Design Tcl file C:/Users/nathani/Documents/GitHub/EE316_2025/Project4/keyboard/project_4.srcs/sources_1/bd/design_1/hw_handoff/design_1_bd.tcl
Generated Hardware Definition File C:/Users/nathani/Documents/GitHub/EE316_2025/Project4/keyboard/project_4.srcs/sources_1/bd/design_1/synth/design_1.hwdef
[Wed Mar 12 00:40:41 2025] Launched synth_1...
Run output will be captured here: C:/Users/nathani/Documents/GitHub/EE316_2025/Project4/keyboard/project_4.runs/synth_1/runme.log
[Wed Mar 12 00:40:41 2025] Launched impl_1...
Run output will be captured here: C:/Users/nathani/Documents/GitHub/EE316_2025/Project4/keyboard/project_4.runs/impl_1/runme.log
launch_runs: Time (s): cpu = 00:00:01 ; elapsed = 00:00:06 . Memory (MB): peak = 5232.691 ; gain = 0.000
reset_run synth_1
WARNING: [Vivado 12-1017] Problems encountered:
1. Failed to delete one or more files in run directory C:/Users/nathani/Documents/GitHub/EE316_2025/Project4/keyboard/project_4.runs/synth_1

launch_runs impl_1 -to_step write_bitstream -jobs 6
[Wed Mar 12 00:50:26 2025] Launched synth_1...
Run output will be captured here: C:/Users/nathani/Documents/GitHub/EE316_2025/Project4/keyboard/project_4.runs/synth_1/runme.log
[Wed Mar 12 00:50:26 2025] Launched impl_1...
Run output will be captured here: C:/Users/nathani/Documents/GitHub/EE316_2025/Project4/keyboard/project_4.runs/impl_1/runme.log
open_bd_design {C:/Users/nathani/Documents/GitHub/EE316_2025/Project4/keyboard/project_4.srcs/sources_1/bd/design_1/design_1.bd}
validate_bd_design -force
close_sim
INFO: [Simtcl 6-16] Simulation closed
close_project
****** Webtalk v2019.1 (64-bit)
  **** SW Build 2552052 on Fri May 24 14:49:42 MDT 2019
  **** IP Build 2548770 on Fri May 24 18:01:18 MDT 2019
    ** Copyright 1986-2019 Xilinx, Inc. All Rights Reserved.

source C:/Users/nathani/Documents/GitHub/EE316_2025/Project4/keyboard/project_4.hw/webtalk/labtool_webtalk.tcl -notrace
INFO: [Common 17-206] Exiting Webtalk at Wed Mar 12 00:56:15 2025...
open_project C:/Users/nathani/Documents/GitHub/EE316_2025/Project4/keyboard/project_4.xpr
Scanning sources...
Finished scanning sources
INFO: [IP_Flow 19-234] Refreshing IP repositories
INFO: [IP_Flow 19-1704] No user IP repositories specified
INFO: [IP_Flow 19-2313] Loaded Vivado IP repository 'C:/Xilinx/Vivado/2019.1/data/ip'.
reset_run impl_1 -prev_step 
launch_runs impl_1 -to_step write_bitstream -jobs 6
[Wed Mar 12 00:56:34 2025] Launched impl_1...
Run output will be captured here: C:/Users/nathani/Documents/GitHub/EE316_2025/Project4/keyboard/project_4.runs/impl_1/runme.log
launch_runs: Time (s): cpu = 00:00:00 ; elapsed = 00:00:08 . Memory (MB): peak = 5232.691 ; gain = 0.000
update_compile_order -fileset sources_1
reset_run impl_1
reset_run synth_1
WARNING: [Vivado 12-1017] Problems encountered:
1. Failed to delete one or more files in run directory C:/Users/nathani/Documents/GitHub/EE316_2025/Project4/keyboard/project_4.runs/synth_1

launch_runs impl_1 -to_step write_bitstream -jobs 6
[Wed Mar 12 00:59:27 2025] Launched synth_1...
Run output will be captured here: C:/Users/nathani/Documents/GitHub/EE316_2025/Project4/keyboard/project_4.runs/synth_1/runme.log
[Wed Mar 12 00:59:27 2025] Launched impl_1...
Run output will be captured here: C:/Users/nathani/Documents/GitHub/EE316_2025/Project4/keyboard/project_4.runs/impl_1/runme.log
set_property top design_2_wrapper [current_fileset]
update_compile_order -fileset sources_1
open_bd_design {C:/Users/nathani/Documents/GitHub/EE316_2025/Project4/keyboard/project_4.srcs/sources_1/bd/design_2/design_2.bd}
Adding component instance block -- xilinx.com:module_ref:ps2_keyboard_to_ascii:1.0 - ps2_keyboard_to_ascii_0
Successfully read diagram <design_2> from BD file <C:/Users/nathani/Documents/GitHub/EE316_2025/Project4/keyboard/project_4.srcs/sources_1/bd/design_2/design_2.bd>
reset_run synth_1
WARNING: [Vivado 12-1017] Problems encountered:
1. Failed to delete one or more files in run directory C:/Users/nathani/Documents/GitHub/EE316_2025/Project4/keyboard/project_4.runs/synth_1

launch_runs impl_1 -to_step write_bitstream -jobs 6
Wrote  : <C:\Users\nathani\Documents\GitHub\EE316_2025\Project4\keyboard\project_4.srcs\sources_1\bd\design_2\design_2.bd> 
Wrote  : <C:/Users/nathani/Documents/GitHub/EE316_2025/Project4/keyboard/project_4.srcs/sources_1/bd/design_2/ui/bd_1fdbff51.ui> 
VHDL Output written to : C:/Users/nathani/Documents/GitHub/EE316_2025/Project4/keyboard/project_4.srcs/sources_1/bd/design_2/synth/design_2.vhd
VHDL Output written to : C:/Users/nathani/Documents/GitHub/EE316_2025/Project4/keyboard/project_4.srcs/sources_1/bd/design_2/sim/design_2.vhd
VHDL Output written to : C:/Users/nathani/Documents/GitHub/EE316_2025/Project4/keyboard/project_4.srcs/sources_1/bd/design_2/hdl/design_2_wrapper.vhd
INFO: [BD 41-1029] Generation completed for the IP Integrator block ps2_keyboard_to_ascii_0 .
Exporting to file C:/Users/nathani/Documents/GitHub/EE316_2025/Project4/keyboard/project_4.srcs/sources_1/bd/design_2/hw_handoff/design_2.hwh
Generated Block Design Tcl file C:/Users/nathani/Documents/GitHub/EE316_2025/Project4/keyboard/project_4.srcs/sources_1/bd/design_2/hw_handoff/design_2_bd.tcl
Generated Hardware Definition File C:/Users/nathani/Documents/GitHub/EE316_2025/Project4/keyboard/project_4.srcs/sources_1/bd/design_2/synth/design_2.hwdef
[Wed Mar 12 01:06:19 2025] Launched synth_1...
Run output will be captured here: C:/Users/nathani/Documents/GitHub/EE316_2025/Project4/keyboard/project_4.runs/synth_1/runme.log
[Wed Mar 12 01:06:19 2025] Launched impl_1...
Run output will be captured here: C:/Users/nathani/Documents/GitHub/EE316_2025/Project4/keyboard/project_4.runs/impl_1/runme.log
reset_run impl_1
reset_run synth_1
WARNING: [Vivado 12-1017] Problems encountered:
1. Failed to delete one or more files in run directory C:/Users/nathani/Documents/GitHub/EE316_2025/Project4/keyboard/project_4.runs/synth_1

launch_runs impl_1 -to_step write_bitstream -jobs 6
[Wed Mar 12 01:10:02 2025] Launched synth_1...
Run output will be captured here: C:/Users/nathani/Documents/GitHub/EE316_2025/Project4/keyboard/project_4.runs/synth_1/runme.log
[Wed Mar 12 01:10:02 2025] Launched impl_1...
Run output will be captured here: C:/Users/nathani/Documents/GitHub/EE316_2025/Project4/keyboard/project_4.runs/impl_1/runme.log
open_hw
connect_hw_server
INFO: [Labtools 27-2285] Connecting to hw_server url TCP:localhost:3121
INFO: [Labtools 27-2222] Launching hw_server...
INFO: [Labtools 27-2221] Launch Output:

****** Xilinx hw_server v2019.1
  **** Build date : May 24 2019 at 15:13:31
    ** Copyright 1986-2019 Xilinx, Inc. All Rights Reserved.


open_hw_target
INFO: [Labtoolstcl 44-466] Opening hw_target localhost:3121/xilinx_tcf/Digilent/210370B7C212A
set_property PROGRAM.FILE {C:/Users/nathani/Documents/GitHub/EE316_2025/Project4/keyboard/project_4.runs/impl_1/design_2_wrapper.bit} [get_hw_devices xc7z007s_1]
current_hw_device [get_hw_devices xc7z007s_1]
refresh_hw_device -update_hw_probes false [lindex [get_hw_devices xc7z007s_1] 0]
INFO: [Labtools 27-1434] Device xc7z007s (JTAG device index = 1) is programmed with a design that has no supported debug core(s) in it.
set_property PROBES.FILE {} [get_hw_devices xc7z007s_1]
set_property FULL_PROBES.FILE {} [get_hw_devices xc7z007s_1]
set_property PROGRAM.FILE {C:/Users/nathani/Documents/GitHub/EE316_2025/Project4/keyboard/project_4.runs/impl_1/design_2_wrapper.bit} [get_hw_devices xc7z007s_1]
program_hw_devices [get_hw_devices xc7z007s_1]
INFO: [Labtools 27-3164] End of startup status: HIGH
refresh_hw_device [lindex [get_hw_devices xc7z007s_1] 0]
INFO: [Labtools 27-1434] Device xc7z007s (JTAG device index = 1) is programmed with a design that has no supported debug core(s) in it.
reset_run synth_1
WARNING: [Vivado 12-1017] Problems encountered:
1. Failed to delete one or more files in run directory C:/Users/nathani/Documents/GitHub/EE316_2025/Project4/keyboard/project_4.runs/synth_1

launch_runs impl_1 -to_step write_bitstream -jobs 6
[Wed Mar 12 01:21:09 2025] Launched synth_1...
Run output will be captured here: C:/Users/nathani/Documents/GitHub/EE316_2025/Project4/keyboard/project_4.runs/synth_1/runme.log
[Wed Mar 12 01:21:09 2025] Launched impl_1...
Run output will be captured here: C:/Users/nathani/Documents/GitHub/EE316_2025/Project4/keyboard/project_4.runs/impl_1/runme.log
open_run impl_1
INFO: [Netlist 29-17] Analyzing 20 Unisim elements for replacement
INFO: [Netlist 29-28] Unisim Transformation completed in 0 CPU seconds
INFO: [Project 1-479] Netlist was created with Vivado 2019.1
INFO: [Project 1-570] Preparing netlist for logic optimization
INFO: [Timing 38-478] Restoring timing data from binary archive.
INFO: [Timing 38-479] Binary timing data restore complete.
INFO: [Project 1-856] Restoring constraints from binary archive.
INFO: [Project 1-853] Binary constraint restore complete.
Reading XDEF placement.
Reading placer database...
Reading XDEF routing.
Read XDEF File: Time (s): cpu = 00:00:00 ; elapsed = 00:00:00.089 . Memory (MB): peak = 5232.691 ; gain = 0.000
Restored from archive | CPU: 0.000000 secs | Memory: 0.000000 MB |
Finished XDEF File Restore: Time (s): cpu = 00:00:00 ; elapsed = 00:00:00.089 . Memory (MB): peak = 5232.691 ; gain = 0.000
Netlist sorting complete. Time (s): cpu = 00:00:00 ; elapsed = 00:00:00 . Memory (MB): peak = 5232.691 ; gain = 0.000
INFO: [Project 1-111] Unisim Transformation Summary:
No Unisim elements were transformed.

WARNING: [Timing 38-313] There are no user specified timing constraints. Timing constraints are needed for proper timing analysis.
set_property PROBES.FILE {} [get_hw_devices xc7z007s_1]
set_property FULL_PROBES.FILE {} [get_hw_devices xc7z007s_1]
set_property PROGRAM.FILE {C:/Users/nathani/Documents/GitHub/EE316_2025/Project4/keyboard/project_4.runs/impl_1/design_2_wrapper.bit} [get_hw_devices xc7z007s_1]
program_hw_devices [get_hw_devices xc7z007s_1]
INFO: [Labtools 27-3164] End of startup status: HIGH
refresh_hw_device [lindex [get_hw_devices xc7z007s_1] 0]
INFO: [Labtools 27-1434] Device xc7z007s (JTAG device index = 1) is programmed with a design that has no supported debug core(s) in it.
close_hw
open_bd_design {C:/Users/nathani/Documents/GitHub/EE316_2025/Project4/keyboard/project_4.srcs/sources_1/bd/design_2/design_2.bd}
open_bd_design {C:/Users/nathani/Documents/GitHub/EE316_2025/Project4/keyboard/project_4.srcs/sources_1/bd/design_2/design_2.bd}
open_hw
connect_hw_server
INFO: [Labtools 27-2285] Connecting to hw_server url TCP:localhost:3121
INFO: [Labtools 27-2222] Launching hw_server...
INFO: [Labtools 27-2221] Launch Output:

****** Xilinx hw_server v2019.1
  **** Build date : May 24 2019 at 15:13:31
    ** Copyright 1986-2019 Xilinx, Inc. All Rights Reserved.


open_hw_target
INFO: [Labtoolstcl 44-466] Opening hw_target localhost:3121/xilinx_tcf/Digilent/210370B9F25BA
set_property PROGRAM.FILE {C:/Users/nathani/Documents/GitHub/EE316_2025/Project4/keyboard/project_4.runs/impl_1/design_2_wrapper.bit} [get_hw_devices xc7z007s_1]
current_hw_device [get_hw_devices xc7z007s_1]
refresh_hw_device -update_hw_probes false [lindex [get_hw_devices xc7z007s_1] 0]
INFO: [Labtools 27-1435] Device xc7z007s (JTAG device index = 1) is not programmed (DONE status = 0).
set_property PROBES.FILE {} [get_hw_devices xc7z007s_1]
set_property FULL_PROBES.FILE {} [get_hw_devices xc7z007s_1]
set_property PROGRAM.FILE {C:/Users/nathani/Documents/GitHub/EE316_2025/Project4/keyboard/project_4.runs/impl_1/design_2_wrapper.bit} [get_hw_devices xc7z007s_1]
program_hw_devices [get_hw_devices xc7z007s_1]
INFO: [Labtools 27-3164] End of startup status: HIGH
refresh_hw_device [lindex [get_hw_devices xc7z007s_1] 0]
INFO: [Labtools 27-1434] Device xc7z007s (JTAG device index = 1) is programmed with a design that has no supported debug core(s) in it.
set_property PROBES.FILE {} [get_hw_devices xc7z007s_1]
set_property FULL_PROBES.FILE {} [get_hw_devices xc7z007s_1]
set_property PROGRAM.FILE {C:/Users/nathani/Documents/GitHub/EE316_2025/Project4/keyboard/project_4.runs/impl_1/design_2_wrapper.bit} [get_hw_devices xc7z007s_1]
program_hw_devices [get_hw_devices xc7z007s_1]
INFO: [Labtools 27-3164] End of startup status: HIGH
refresh_hw_device [lindex [get_hw_devices xc7z007s_1] 0]
INFO: [Labtools 27-1434] Device xc7z007s (JTAG device index = 1) is programmed with a design that has no supported debug core(s) in it.
reset_run synth_1
WARNING: [Vivado 12-1017] Problems encountered:
1. Failed to delete one or more files in run directory C:/Users/nathani/Documents/GitHub/EE316_2025/Project4/keyboard/project_4.runs/synth_1

launch_runs impl_1 -to_step write_bitstream -jobs 6
[Wed Mar 12 01:42:44 2025] Launched synth_1...
Run output will be captured here: C:/Users/nathani/Documents/GitHub/EE316_2025/Project4/keyboard/project_4.runs/synth_1/runme.log
[Wed Mar 12 01:42:44 2025] Launched impl_1...
Run output will be captured here: C:/Users/nathani/Documents/GitHub/EE316_2025/Project4/keyboard/project_4.runs/impl_1/runme.log
close_design
reset_run synth_1
WARNING: [Vivado 12-1017] Problems encountered:
1. Failed to delete one or more files in run directory C:/Users/nathani/Documents/GitHub/EE316_2025/Project4/keyboard/project_4.runs/synth_1

launch_runs impl_1 -to_step write_bitstream -jobs 6
[Wed Mar 12 01:45:19 2025] Launched synth_1...
Run output will be captured here: C:/Users/nathani/Documents/GitHub/EE316_2025/Project4/keyboard/project_4.runs/synth_1/runme.log
[Wed Mar 12 01:45:19 2025] Launched impl_1...
Run output will be captured here: C:/Users/nathani/Documents/GitHub/EE316_2025/Project4/keyboard/project_4.runs/impl_1/runme.log
open_run impl_1
INFO: [Netlist 29-17] Analyzing 20 Unisim elements for replacement
INFO: [Netlist 29-28] Unisim Transformation completed in 0 CPU seconds
INFO: [Project 1-479] Netlist was created with Vivado 2019.1
INFO: [Project 1-570] Preparing netlist for logic optimization
INFO: [Timing 38-478] Restoring timing data from binary archive.
INFO: [Timing 38-479] Binary timing data restore complete.
INFO: [Project 1-856] Restoring constraints from binary archive.
INFO: [Project 1-853] Binary constraint restore complete.
Reading XDEF placement.
Reading placer database...
Reading XDEF routing.
Read XDEF File: Time (s): cpu = 00:00:00 ; elapsed = 00:00:00.054 . Memory (MB): peak = 5232.691 ; gain = 0.000
Restored from archive | CPU: 0.000000 secs | Memory: 0.000000 MB |
Finished XDEF File Restore: Time (s): cpu = 00:00:00 ; elapsed = 00:00:00.055 . Memory (MB): peak = 5232.691 ; gain = 0.000
Netlist sorting complete. Time (s): cpu = 00:00:00 ; elapsed = 00:00:00 . Memory (MB): peak = 5232.691 ; gain = 0.000
INFO: [Project 1-111] Unisim Transformation Summary:
No Unisim elements were transformed.

WARNING: [Timing 38-313] There are no user specified timing constraints. Timing constraints are needed for proper timing analysis.
reset_run synth_1
WARNING: [Vivado 12-1017] Problems encountered:
1. Failed to delete one or more files in run directory C:/Users/nathani/Documents/GitHub/EE316_2025/Project4/keyboard/project_4.runs/synth_1

launch_runs impl_1 -to_step write_bitstream -jobs 6
[Wed Mar 12 01:49:42 2025] Launched synth_1...
Run output will be captured here: C:/Users/nathani/Documents/GitHub/EE316_2025/Project4/keyboard/project_4.runs/synth_1/runme.log
[Wed Mar 12 01:49:42 2025] Launched impl_1...
Run output will be captured here: C:/Users/nathani/Documents/GitHub/EE316_2025/Project4/keyboard/project_4.runs/impl_1/runme.log
close_design
reset_run impl_1
reset_run synth_1
WARNING: [Vivado 12-1017] Problems encountered:
1. Failed to delete one or more files in run directory C:/Users/nathani/Documents/GitHub/EE316_2025/Project4/keyboard/project_4.runs/synth_1

launch_runs impl_1 -to_step write_bitstream -jobs 6
[Wed Mar 12 01:51:04 2025] Launched synth_1...
Run output will be captured here: C:/Users/nathani/Documents/GitHub/EE316_2025/Project4/keyboard/project_4.runs/synth_1/runme.log
[Wed Mar 12 01:51:04 2025] Launched impl_1...
Run output will be captured here: C:/Users/nathani/Documents/GitHub/EE316_2025/Project4/keyboard/project_4.runs/impl_1/runme.log
open_run impl_1
INFO: [Netlist 29-17] Analyzing 20 Unisim elements for replacement
INFO: [Netlist 29-28] Unisim Transformation completed in 0 CPU seconds
INFO: [Project 1-479] Netlist was created with Vivado 2019.1
INFO: [Project 1-570] Preparing netlist for logic optimization
INFO: [Timing 38-478] Restoring timing data from binary archive.
INFO: [Timing 38-479] Binary timing data restore complete.
INFO: [Project 1-856] Restoring constraints from binary archive.
INFO: [Project 1-853] Binary constraint restore complete.
Reading XDEF placement.
Reading placer database...
Reading XDEF routing.
Read XDEF File: Time (s): cpu = 00:00:00 ; elapsed = 00:00:00.055 . Memory (MB): peak = 5232.691 ; gain = 0.000
Restored from archive | CPU: 0.000000 secs | Memory: 0.000000 MB |
Finished XDEF File Restore: Time (s): cpu = 00:00:00 ; elapsed = 00:00:00.056 . Memory (MB): peak = 5232.691 ; gain = 0.000
Netlist sorting complete. Time (s): cpu = 00:00:00 ; elapsed = 00:00:00 . Memory (MB): peak = 5232.691 ; gain = 0.000
INFO: [Project 1-111] Unisim Transformation Summary:
No Unisim elements were transformed.

set_property PROBES.FILE {} [get_hw_devices xc7z007s_1]
set_property FULL_PROBES.FILE {} [get_hw_devices xc7z007s_1]
set_property PROGRAM.FILE {C:/Users/nathani/Documents/GitHub/EE316_2025/Project4/keyboard/project_4.runs/impl_1/design_2_wrapper.bit} [get_hw_devices xc7z007s_1]
program_hw_devices [get_hw_devices xc7z007s_1]
INFO: [Labtools 27-3164] End of startup status: HIGH
refresh_hw_device [lindex [get_hw_devices xc7z007s_1] 0]
INFO: [Labtools 27-1434] Device xc7z007s (JTAG device index = 1) is programmed with a design that has no supported debug core(s) in it.
set_property PROBES.FILE {} [get_hw_devices xc7z007s_1]
set_property FULL_PROBES.FILE {} [get_hw_devices xc7z007s_1]
set_property PROGRAM.FILE {C:/Users/nathani/Documents/GitHub/EE316_2025/Project4/keyboard/project_4.runs/impl_1/design_2_wrapper.bit} [get_hw_devices xc7z007s_1]
program_hw_devices [get_hw_devices xc7z007s_1]
INFO: [Labtools 27-3164] End of startup status: HIGH
refresh_hw_device [lindex [get_hw_devices xc7z007s_1] 0]
INFO: [Labtools 27-1434] Device xc7z007s (JTAG device index = 1) is programmed with a design that has no supported debug core(s) in it.
reset_run synth_1
WARNING: [Vivado 12-1017] Problems encountered:
1. Failed to delete one or more files in run directory C:/Users/nathani/Documents/GitHub/EE316_2025/Project4/keyboard/project_4.runs/synth_1

launch_runs impl_1 -to_step write_bitstream -jobs 6
[Wed Mar 12 02:09:41 2025] Launched synth_1...
Run output will be captured here: C:/Users/nathani/Documents/GitHub/EE316_2025/Project4/keyboard/project_4.runs/synth_1/runme.log
[Wed Mar 12 02:09:41 2025] Launched impl_1...
Run output will be captured here: C:/Users/nathani/Documents/GitHub/EE316_2025/Project4/keyboard/project_4.runs/impl_1/runme.log
launch_runs: Time (s): cpu = 00:00:00 ; elapsed = 00:00:09 . Memory (MB): peak = 5232.691 ; gain = 0.000
set_property PROBES.FILE {} [get_hw_devices xc7z007s_1]
set_property FULL_PROBES.FILE {} [get_hw_devices xc7z007s_1]
set_property PROGRAM.FILE {C:/Users/nathani/Documents/GitHub/EE316_2025/Project4/keyboard/project_4.runs/impl_1/design_2_wrapper.bit} [get_hw_devices xc7z007s_1]
program_hw_devices [get_hw_devices xc7z007s_1]
INFO: [Labtools 27-3164] End of startup status: HIGH
refresh_hw_device [lindex [get_hw_devices xc7z007s_1] 0]
INFO: [Labtools 27-1434] Device xc7z007s (JTAG device index = 1) is programmed with a design that has no supported debug core(s) in it.
ERROR: [Labtoolstcl 44-513] HW Target shutdown. Closing target: localhost:3121/xilinx_tcf/Digilent/210370B9F25BA
INFO: [Labtoolstcl 44-466] Opening hw_target localhost:3121/xilinx_tcf/Digilent/210370B9F25BA
WARNING: [Labtoolstcl 44-129] No matching hw_ila_data was found.
INFO: [Labtools 27-1434] Device xc7z007s (JTAG device index = 1) is programmed with a design that has no supported debug core(s) in it.
WARNING: [Labtoolstcl 44-129] No matching hw_ila_data was found.
ERROR: [Labtoolstcl 44-513] HW Target shutdown. Closing target: localhost:3121/xilinx_tcf/Digilent/210370B9F25BA
INFO: [Labtoolstcl 44-466] Opening hw_target localhost:3121/xilinx_tcf/Digilent/210370B9F25BA
WARNING: [Labtoolstcl 44-129] No matching hw_ila_data was found.
INFO: [Labtools 27-1434] Device xc7z007s (JTAG device index = 1) is programmed with a design that has no supported debug core(s) in it.
WARNING: [Labtoolstcl 44-129] No matching hw_ila_data was found.
ERROR: [Labtoolstcl 44-513] HW Target shutdown. Closing target: localhost:3121/xilinx_tcf/Digilent/210370B9F25BA
INFO: [Labtoolstcl 44-466] Opening hw_target localhost:3121/xilinx_tcf/Digilent/210370B9F25BA
WARNING: [Labtoolstcl 44-129] No matching hw_ila_data was found.
INFO: [Labtools 27-1434] Device xc7z007s (JTAG device index = 1) is programmed with a design that has no supported debug core(s) in it.
WARNING: [Labtoolstcl 44-129] No matching hw_ila_data was found.
close_hw
set_property top design_1_wrapper [current_fileset]
update_compile_order -fileset sources_1
reset_run synth_1
WARNING: [Vivado 12-1017] Problems encountered:
1. Failed to delete one or more files in run directory C:/Users/nathani/Documents/GitHub/EE316_2025/Project4/keyboard/project_4.runs/synth_1

launch_runs impl_1 -to_step write_bitstream -jobs 6
[Wed Mar 12 02:22:35 2025] Launched synth_1...
Run output will be captured here: C:/Users/nathani/Documents/GitHub/EE316_2025/Project4/keyboard/project_4.runs/synth_1/runme.log
[Wed Mar 12 02:22:35 2025] Launched impl_1...
Run output will be captured here: C:/Users/nathani/Documents/GitHub/EE316_2025/Project4/keyboard/project_4.runs/impl_1/runme.log
create_ip_run [get_files -of_objects [get_fileset sources_1] C:/Users/nathani/Documents/GitHub/EE316_2025/Project4/keyboard/project_4.srcs/sources_1/bd/design_1/design_1.bd]
refresh_design
INFO: [Netlist 29-17] Analyzing 32 Unisim elements for replacement
INFO: [Netlist 29-28] Unisim Transformation completed in 0 CPU seconds
INFO: [Project 1-479] Netlist was created with Vivado 2019.1
INFO: [Project 1-570] Preparing netlist for logic optimization
INFO: [Timing 38-478] Restoring timing data from binary archive.
INFO: [Timing 38-479] Binary timing data restore complete.
INFO: [Project 1-856] Restoring constraints from binary archive.
INFO: [Project 1-853] Binary constraint restore complete.
Reading XDEF placement.
Reading placer database...
Reading XDEF routing.
Read XDEF File: Time (s): cpu = 00:00:00 ; elapsed = 00:00:00.060 . Memory (MB): peak = 5232.691 ; gain = 0.000
Restored from archive | CPU: 0.000000 secs | Memory: 0.000000 MB |
Finished XDEF File Restore: Time (s): cpu = 00:00:00 ; elapsed = 00:00:00.060 . Memory (MB): peak = 5232.691 ; gain = 0.000
open_hw
connect_hw_server
INFO: [Labtools 27-2285] Connecting to hw_server url TCP:localhost:3121
INFO: [Labtools 27-2222] Launching hw_server...
INFO: [Labtools 27-2221] Launch Output:

****** Xilinx hw_server v2019.1
  **** Build date : May 24 2019 at 15:13:31
    ** Copyright 1986-2019 Xilinx, Inc. All Rights Reserved.


open_hw_target
INFO: [Labtoolstcl 44-466] Opening hw_target localhost:3121/xilinx_tcf/Digilent/210370B9F25BA
set_property PROGRAM.FILE {C:/Users/nathani/Documents/GitHub/EE316_2025/Project4/keyboard/project_4.runs/impl_1/design_1_wrapper.bit} [get_hw_devices xc7z007s_1]
current_hw_device [get_hw_devices xc7z007s_1]
refresh_hw_device -update_hw_probes false [lindex [get_hw_devices xc7z007s_1] 0]
INFO: [Labtools 27-1434] Device xc7z007s (JTAG device index = 1) is programmed with a design that has no supported debug core(s) in it.
set_property PROBES.FILE {} [get_hw_devices xc7z007s_1]
set_property FULL_PROBES.FILE {} [get_hw_devices xc7z007s_1]
set_property PROGRAM.FILE {C:/Users/nathani/Documents/GitHub/EE316_2025/Project4/keyboard/project_4.runs/impl_1/design_1_wrapper.bit} [get_hw_devices xc7z007s_1]
program_hw_devices [get_hw_devices xc7z007s_1]
INFO: [Labtools 27-3164] End of startup status: HIGH
refresh_hw_device [lindex [get_hw_devices xc7z007s_1] 0]
INFO: [Labtools 27-1434] Device xc7z007s (JTAG device index = 1) is programmed with a design that has no supported debug core(s) in it.
close_hw
open_bd_design {C:/Users/nathani/Documents/GitHub/EE316_2025/Project4/keyboard/project_4.srcs/sources_1/bd/design_2/design_2.bd}
update_module_reference design_1_baud_rate_0_0
INFO: [IP_Flow 19-5107] Inferred bus interface 'clk' of definition 'xilinx.com:signal:clock:1.0' (from Xilinx Repository).
WARNING: [IP_Flow 19-3153] Bus Interface 'clk': ASSOCIATED_BUSIF bus parameter is missing.
INFO: [IP_Flow 19-234] Refreshing IP repositories
INFO: [IP_Flow 19-1704] No user IP repositories specified
Adding component instance block -- xilinx.com:ip:util_vector_logic:2.0 - util_vector_logic_0
Adding component instance block -- xilinx.com:module_ref:ps2_keyboard_to_ascii:1.0 - ps2_keyboard_to_ascii_0
Adding component instance block -- xilinx.com:module_ref:Reset_Delay:1.0 - Reset_Delay_0
Adding component instance block -- xilinx.com:module_ref:baud_rate:1.0 - baud_rate_0
Adding component instance block -- xilinx.com:module_ref:btn_debounce_toggle:1.0 - btn_debounce_toggle_0
Adding component instance block -- xilinx.com:module_ref:user_logic_uart:1.0 - user_logic_uart_0
Successfully read diagram <design_1> from BD file <C:/Users/nathani/Documents/GitHub/EE316_2025/Project4/keyboard/project_4.srcs/sources_1/bd/design_1/design_1.bd>
Upgrading 'C:/Users/nathani/Documents/GitHub/EE316_2025/Project4/keyboard/project_4.srcs/sources_1/bd/design_1/design_1.bd'
WARNING: [Vivado 12-1017] Problems encountered:
1. Failed to delete one or more files in run directory C:/Users/nathani/Documents/GitHub/EE316_2025/Project4/keyboard/project_4.runs/design_1_baud_rate_0_0_synth_1

INFO: [IP_Flow 19-3420] Updated design_1_baud_rate_0_0 to use current project options
Wrote  : <C:\Users\nathani\Documents\GitHub\EE316_2025\Project4\keyboard\project_4.srcs\sources_1\bd\design_1\design_1.bd> 
Wrote  : <C:/Users/nathani/Documents/GitHub/EE316_2025/Project4/keyboard/project_4.srcs/sources_1/bd/design_1/ui/bd_1f5defd0.ui> 
update_module_reference: Time (s): cpu = 00:00:03 ; elapsed = 00:00:19 . Memory (MB): peak = 5232.691 ; gain = 0.000
reset_run synth_1
WARNING: [Vivado 12-1017] Problems encountered:
1. Failed to delete one or more files in run directory C:/Users/nathani/Documents/GitHub/EE316_2025/Project4/keyboard/project_4.runs/synth_1

launch_runs impl_1 -to_step write_bitstream -jobs 6
Wrote  : <C:\Users\nathani\Documents\GitHub\EE316_2025\Project4\keyboard\project_4.srcs\sources_1\bd\design_1\design_1.bd> 
VHDL Output written to : C:/Users/nathani/Documents/GitHub/EE316_2025/Project4/keyboard/project_4.srcs/sources_1/bd/design_1/synth/design_1.vhd
VHDL Output written to : C:/Users/nathani/Documents/GitHub/EE316_2025/Project4/keyboard/project_4.srcs/sources_1/bd/design_1/sim/design_1.vhd
VHDL Output written to : C:/Users/nathani/Documents/GitHub/EE316_2025/Project4/keyboard/project_4.srcs/sources_1/bd/design_1/hdl/design_1_wrapper.vhd
INFO: [BD 41-1029] Generation completed for the IP Integrator block ps2_keyboard_to_ascii_0 .
INFO: [BD 41-1029] Generation completed for the IP Integrator block user_logic_uart_0 .
INFO: [BD 41-1029] Generation completed for the IP Integrator block Reset_Delay_0 .
INFO: [BD 41-1029] Generation completed for the IP Integrator block util_vector_logic_0 .
INFO: [BD 41-1029] Generation completed for the IP Integrator block baud_rate_0 .
INFO: [BD 41-1029] Generation completed for the IP Integrator block btn_debounce_toggle_0 .
Exporting to file C:/Users/nathani/Documents/GitHub/EE316_2025/Project4/keyboard/project_4.srcs/sources_1/bd/design_1/hw_handoff/design_1.hwh
Generated Block Design Tcl file C:/Users/nathani/Documents/GitHub/EE316_2025/Project4/keyboard/project_4.srcs/sources_1/bd/design_1/hw_handoff/design_1_bd.tcl
Generated Hardware Definition File C:/Users/nathani/Documents/GitHub/EE316_2025/Project4/keyboard/project_4.srcs/sources_1/bd/design_1/synth/design_1.hwdef
[Wed Mar 12 02:42:16 2025] Launched design_1_baud_rate_0_0_synth_1, synth_1...
Run output will be captured here:
design_1_baud_rate_0_0_synth_1: C:/Users/nathani/Documents/GitHub/EE316_2025/Project4/keyboard/project_4.runs/design_1_baud_rate_0_0_synth_1/runme.log
synth_1: C:/Users/nathani/Documents/GitHub/EE316_2025/Project4/keyboard/project_4.runs/synth_1/runme.log
[Wed Mar 12 02:42:17 2025] Launched impl_1...
Run output will be captured here: C:/Users/nathani/Documents/GitHub/EE316_2025/Project4/keyboard/project_4.runs/impl_1/runme.log
launch_runs: Time (s): cpu = 00:00:01 ; elapsed = 00:00:07 . Memory (MB): peak = 5232.691 ; gain = 0.000
open_hw
connect_hw_server
INFO: [Labtools 27-2285] Connecting to hw_server url TCP:localhost:3121
INFO: [Labtools 27-2222] Launching hw_server...
INFO: [Labtools 27-2221] Launch Output:

****** Xilinx hw_server v2019.1
  **** Build date : May 24 2019 at 15:13:31
    ** Copyright 1986-2019 Xilinx, Inc. All Rights Reserved.


open_hw_target
INFO: [Labtoolstcl 44-466] Opening hw_target localhost:3121/xilinx_tcf/Digilent/210370B9F25BA
set_property PROGRAM.FILE {C:/Users/nathani/Documents/GitHub/EE316_2025/Project4/keyboard/project_4.runs/impl_1/design_1_wrapper.bit} [get_hw_devices xc7z007s_1]
current_hw_device [get_hw_devices xc7z007s_1]
refresh_hw_device -update_hw_probes false [lindex [get_hw_devices xc7z007s_1] 0]
INFO: [Labtools 27-1434] Device xc7z007s (JTAG device index = 1) is programmed with a design that has no supported debug core(s) in it.
set_property PROBES.FILE {} [get_hw_devices xc7z007s_1]
set_property FULL_PROBES.FILE {} [get_hw_devices xc7z007s_1]
set_property PROGRAM.FILE {C:/Users/nathani/Documents/GitHub/EE316_2025/Project4/keyboard/project_4.runs/impl_1/design_1_wrapper.bit} [get_hw_devices xc7z007s_1]
program_hw_devices [get_hw_devices xc7z007s_1]
INFO: [Labtools 27-3164] End of startup status: HIGH
refresh_hw_device [lindex [get_hw_devices xc7z007s_1] 0]
INFO: [Labtools 27-1434] Device xc7z007s (JTAG device index = 1) is programmed with a design that has no supported debug core(s) in it.
close_hw
close_design
update_module_reference design_1_user_logic_uart_0_1
INFO: [IP_Flow 19-5107] Inferred bus interface 'clk' of definition 'xilinx.com:signal:clock:1.0' (from Xilinx Repository).
WARNING: [IP_Flow 19-3153] Bus Interface 'clk': ASSOCIATED_BUSIF bus parameter is missing.
INFO: [IP_Flow 19-234] Refreshing IP repositories
INFO: [IP_Flow 19-1704] No user IP repositories specified
Upgrading 'C:/Users/nathani/Documents/GitHub/EE316_2025/Project4/keyboard/project_4.srcs/sources_1/bd/design_1/design_1.bd'
WARNING: [Vivado 12-1017] Problems encountered:
1. Failed to delete one or more files in run directory C:/Users/nathani/Documents/GitHub/EE316_2025/Project4/keyboard/project_4.runs/design_1_user_logic_uart_0_1_synth_1

INFO: [IP_Flow 19-3420] Updated design_1_user_logic_uart_0_1 to use current project options
Wrote  : <C:\Users\nathani\Documents\GitHub\EE316_2025\Project4\keyboard\project_4.srcs\sources_1\bd\design_1\design_1.bd> 
Wrote  : <C:/Users/nathani/Documents/GitHub/EE316_2025/Project4/keyboard/project_4.srcs/sources_1/bd/design_1/ui/bd_1f5defd0.ui> 
update_module_reference: Time (s): cpu = 00:00:01 ; elapsed = 00:00:11 . Memory (MB): peak = 5232.691 ; gain = 0.000
reset_run synth_1
WARNING: [Vivado 12-1017] Problems encountered:
1. Failed to delete one or more files in run directory C:/Users/nathani/Documents/GitHub/EE316_2025/Project4/keyboard/project_4.runs/synth_1

launch_runs impl_1 -to_step write_bitstream -jobs 6
Wrote  : <C:\Users\nathani\Documents\GitHub\EE316_2025\Project4\keyboard\project_4.srcs\sources_1\bd\design_1\design_1.bd> 
VHDL Output written to : C:/Users/nathani/Documents/GitHub/EE316_2025/Project4/keyboard/project_4.srcs/sources_1/bd/design_1/synth/design_1.vhd
VHDL Output written to : C:/Users/nathani/Documents/GitHub/EE316_2025/Project4/keyboard/project_4.srcs/sources_1/bd/design_1/sim/design_1.vhd
VHDL Output written to : C:/Users/nathani/Documents/GitHub/EE316_2025/Project4/keyboard/project_4.srcs/sources_1/bd/design_1/hdl/design_1_wrapper.vhd
INFO: [BD 41-1029] Generation completed for the IP Integrator block ps2_keyboard_to_ascii_0 .
INFO: [BD 41-1029] Generation completed for the IP Integrator block user_logic_uart_0 .
INFO: [BD 41-1029] Generation completed for the IP Integrator block Reset_Delay_0 .
INFO: [BD 41-1029] Generation completed for the IP Integrator block util_vector_logic_0 .
INFO: [BD 41-1029] Generation completed for the IP Integrator block baud_rate_0 .
INFO: [BD 41-1029] Generation completed for the IP Integrator block btn_debounce_toggle_0 .
Exporting to file C:/Users/nathani/Documents/GitHub/EE316_2025/Project4/keyboard/project_4.srcs/sources_1/bd/design_1/hw_handoff/design_1.hwh
Generated Block Design Tcl file C:/Users/nathani/Documents/GitHub/EE316_2025/Project4/keyboard/project_4.srcs/sources_1/bd/design_1/hw_handoff/design_1_bd.tcl
Generated Hardware Definition File C:/Users/nathani/Documents/GitHub/EE316_2025/Project4/keyboard/project_4.srcs/sources_1/bd/design_1/synth/design_1.hwdef
[Wed Mar 12 03:08:24 2025] Launched design_1_user_logic_uart_0_1_synth_1, synth_1...
Run output will be captured here:
design_1_user_logic_uart_0_1_synth_1: C:/Users/nathani/Documents/GitHub/EE316_2025/Project4/keyboard/project_4.runs/design_1_user_logic_uart_0_1_synth_1/runme.log
synth_1: C:/Users/nathani/Documents/GitHub/EE316_2025/Project4/keyboard/project_4.runs/synth_1/runme.log
[Wed Mar 12 03:08:24 2025] Launched impl_1...
Run output will be captured here: C:/Users/nathani/Documents/GitHub/EE316_2025/Project4/keyboard/project_4.runs/impl_1/runme.log
launch_runs: Time (s): cpu = 00:00:01 ; elapsed = 00:00:07 . Memory (MB): peak = 5232.691 ; gain = 0.000
open_hw
connect_hw_server
INFO: [Labtools 27-2285] Connecting to hw_server url TCP:localhost:3121
INFO: [Labtools 27-2222] Launching hw_server...
INFO: [Labtools 27-2221] Launch Output:

****** Xilinx hw_server v2019.1
  **** Build date : May 24 2019 at 15:13:31
    ** Copyright 1986-2019 Xilinx, Inc. All Rights Reserved.


open_hw_target
INFO: [Labtoolstcl 44-466] Opening hw_target localhost:3121/xilinx_tcf/Digilent/210370B9F25BA
set_property PROGRAM.FILE {C:/Users/nathani/Documents/GitHub/EE316_2025/Project4/keyboard/project_4.runs/impl_1/design_1_wrapper.bit} [get_hw_devices xc7z007s_1]
current_hw_device [get_hw_devices xc7z007s_1]
refresh_hw_device -update_hw_probes false [lindex [get_hw_devices xc7z007s_1] 0]
INFO: [Labtools 27-1434] Device xc7z007s (JTAG device index = 1) is programmed with a design that has no supported debug core(s) in it.
set_property PROBES.FILE {} [get_hw_devices xc7z007s_1]
set_property FULL_PROBES.FILE {} [get_hw_devices xc7z007s_1]
set_property PROGRAM.FILE {C:/Users/nathani/Documents/GitHub/EE316_2025/Project4/keyboard/project_4.runs/impl_1/design_1_wrapper.bit} [get_hw_devices xc7z007s_1]
program_hw_devices [get_hw_devices xc7z007s_1]
INFO: [Labtools 27-3164] End of startup status: HIGH
refresh_hw_device [lindex [get_hw_devices xc7z007s_1] 0]
INFO: [Labtools 27-1434] Device xc7z007s (JTAG device index = 1) is programmed with a design that has no supported debug core(s) in it.
reset_run impl_1 -prev_step 
launch_runs impl_1 -to_step write_bitstream -jobs 6
launch_runs: Time (s): cpu = 00:00:01 ; elapsed = 00:00:26 . Memory (MB): peak = 5232.691 ; gain = 0.000
INFO: [Common 17-344] 'launch_runs' was cancelled
close_hw
update_module_reference design_1_user_logic_uart_0_1
INFO: [IP_Flow 19-5107] Inferred bus interface 'clk' of definition 'xilinx.com:signal:clock:1.0' (from Xilinx Repository).
WARNING: [IP_Flow 19-3153] Bus Interface 'clk': ASSOCIATED_BUSIF bus parameter is missing.
INFO: [IP_Flow 19-234] Refreshing IP repositories
INFO: [IP_Flow 19-1704] No user IP repositories specified
Upgrading 'C:/Users/nathani/Documents/GitHub/EE316_2025/Project4/keyboard/project_4.srcs/sources_1/bd/design_1/design_1.bd'
WARNING: [Vivado 12-1017] Problems encountered:
1. Failed to delete one or more files in run directory C:/Users/nathani/Documents/GitHub/EE316_2025/Project4/keyboard/project_4.runs/design_1_user_logic_uart_0_1_synth_1

INFO: [IP_Flow 19-3420] Updated design_1_user_logic_uart_0_1 to use current project options
Wrote  : <C:\Users\nathani\Documents\GitHub\EE316_2025\Project4\keyboard\project_4.srcs\sources_1\bd\design_1\design_1.bd> 
set_property SOURCE_SET sources_1 [get_filesets sim_1]
close [ open C:/Users/nathani/Documents/GitHub/EE316_2025/Project4/keyboard/project_4.srcs/sim_1/new/tb_user_uart.vhd w ]
add_files -fileset sim_1 C:/Users/nathani/Documents/GitHub/EE316_2025/Project4/keyboard/project_4.srcs/sim_1/new/tb_user_uart.vhd
update_compile_order -fileset sim_1
update_module_reference design_1_user_logic_uart_0_1
INFO: [IP_Flow 19-5107] Inferred bus interface 'clk' of definition 'xilinx.com:signal:clock:1.0' (from Xilinx Repository).
WARNING: [IP_Flow 19-3153] Bus Interface 'clk': ASSOCIATED_BUSIF bus parameter is missing.
INFO: [IP_Flow 19-234] Refreshing IP repositories
INFO: [IP_Flow 19-1704] No user IP repositories specified
Upgrading 'C:/Users/nathani/Documents/GitHub/EE316_2025/Project4/keyboard/project_4.srcs/sources_1/bd/design_1/design_1.bd'
INFO: [IP_Flow 19-3420] Updated design_1_user_logic_uart_0_1 to use current project options
Wrote  : <C:\Users\nathani\Documents\GitHub\EE316_2025\Project4\keyboard\project_4.srcs\sources_1\bd\design_1\design_1.bd> 
reset_run synth_1
WARNING: [Vivado 12-1017] Problems encountered:
1. Failed to delete one or more files in run directory C:/Users/nathani/Documents/GitHub/EE316_2025/Project4/keyboard/project_4.runs/synth_1

launch_runs impl_1 -to_step write_bitstream -jobs 6
Wrote  : <C:\Users\nathani\Documents\GitHub\EE316_2025\Project4\keyboard\project_4.srcs\sources_1\bd\design_1\design_1.bd> 
VHDL Output written to : C:/Users/nathani/Documents/GitHub/EE316_2025/Project4/keyboard/project_4.srcs/sources_1/bd/design_1/synth/design_1.vhd
VHDL Output written to : C:/Users/nathani/Documents/GitHub/EE316_2025/Project4/keyboard/project_4.srcs/sources_1/bd/design_1/sim/design_1.vhd
VHDL Output written to : C:/Users/nathani/Documents/GitHub/EE316_2025/Project4/keyboard/project_4.srcs/sources_1/bd/design_1/hdl/design_1_wrapper.vhd
INFO: [BD 41-1029] Generation completed for the IP Integrator block ps2_keyboard_to_ascii_0 .
INFO: [BD 41-1029] Generation completed for the IP Integrator block user_logic_uart_0 .
INFO: [BD 41-1029] Generation completed for the IP Integrator block Reset_Delay_0 .
INFO: [BD 41-1029] Generation completed for the IP Integrator block util_vector_logic_0 .
INFO: [BD 41-1029] Generation completed for the IP Integrator block baud_rate_0 .
INFO: [BD 41-1029] Generation completed for the IP Integrator block btn_debounce_toggle_0 .
Exporting to file C:/Users/nathani/Documents/GitHub/EE316_2025/Project4/keyboard/project_4.srcs/sources_1/bd/design_1/hw_handoff/design_1.hwh
Generated Block Design Tcl file C:/Users/nathani/Documents/GitHub/EE316_2025/Project4/keyboard/project_4.srcs/sources_1/bd/design_1/hw_handoff/design_1_bd.tcl
Generated Hardware Definition File C:/Users/nathani/Documents/GitHub/EE316_2025/Project4/keyboard/project_4.srcs/sources_1/bd/design_1/synth/design_1.hwdef
[Wed Mar 12 03:24:22 2025] Launched design_1_user_logic_uart_0_1_synth_1, synth_1...
Run output will be captured here:
design_1_user_logic_uart_0_1_synth_1: C:/Users/nathani/Documents/GitHub/EE316_2025/Project4/keyboard/project_4.runs/design_1_user_logic_uart_0_1_synth_1/runme.log
synth_1: C:/Users/nathani/Documents/GitHub/EE316_2025/Project4/keyboard/project_4.runs/synth_1/runme.log
[Wed Mar 12 03:24:22 2025] Launched impl_1...
Run output will be captured here: C:/Users/nathani/Documents/GitHub/EE316_2025/Project4/keyboard/project_4.runs/impl_1/runme.log
launch_runs: Time (s): cpu = 00:00:01 ; elapsed = 00:00:10 . Memory (MB): peak = 5232.691 ; gain = 0.000
open_hw
connect_hw_server
INFO: [Labtools 27-2285] Connecting to hw_server url TCP:localhost:3121
INFO: [Labtools 27-2222] Launching hw_server...
INFO: [Labtools 27-2221] Launch Output:

****** Xilinx hw_server v2019.1
  **** Build date : May 24 2019 at 15:13:31
    ** Copyright 1986-2019 Xilinx, Inc. All Rights Reserved.


open_hw_target
INFO: [Labtoolstcl 44-466] Opening hw_target localhost:3121/xilinx_tcf/Digilent/210370B9F25BA
set_property PROGRAM.FILE {C:/Users/nathani/Documents/GitHub/EE316_2025/Project4/keyboard/project_4.runs/impl_1/design_1_wrapper.bit} [get_hw_devices xc7z007s_1]
current_hw_device [get_hw_devices xc7z007s_1]
refresh_hw_device -update_hw_probes false [lindex [get_hw_devices xc7z007s_1] 0]
INFO: [Labtools 27-1434] Device xc7z007s (JTAG device index = 1) is programmed with a design that has no supported debug core(s) in it.
set_property PROBES.FILE {} [get_hw_devices xc7z007s_1]
set_property FULL_PROBES.FILE {} [get_hw_devices xc7z007s_1]
set_property PROGRAM.FILE {C:/Users/nathani/Documents/GitHub/EE316_2025/Project4/keyboard/project_4.runs/impl_1/design_1_wrapper.bit} [get_hw_devices xc7z007s_1]
program_hw_devices [get_hw_devices xc7z007s_1]
INFO: [Labtools 27-3164] End of startup status: HIGH
refresh_hw_device [lindex [get_hw_devices xc7z007s_1] 0]
INFO: [Labtools 27-1434] Device xc7z007s (JTAG device index = 1) is programmed with a design that has no supported debug core(s) in it.
close_hw
update_module_reference design_1_user_logic_uart_0_1
INFO: [IP_Flow 19-5107] Inferred bus interface 'clk' of definition 'xilinx.com:signal:clock:1.0' (from Xilinx Repository).
WARNING: [IP_Flow 19-3153] Bus Interface 'clk': ASSOCIATED_BUSIF bus parameter is missing.
INFO: [IP_Flow 19-234] Refreshing IP repositories
INFO: [IP_Flow 19-1704] No user IP repositories specified
Upgrading 'C:/Users/nathani/Documents/GitHub/EE316_2025/Project4/keyboard/project_4.srcs/sources_1/bd/design_1/design_1.bd'
WARNING: [Vivado 12-1017] Problems encountered:
1. Failed to delete one or more files in run directory C:/Users/nathani/Documents/GitHub/EE316_2025/Project4/keyboard/project_4.runs/design_1_user_logic_uart_0_1_synth_1

INFO: [IP_Flow 19-3420] Updated design_1_user_logic_uart_0_1 to use current project options
Wrote  : <C:\Users\nathani\Documents\GitHub\EE316_2025\Project4\keyboard\project_4.srcs\sources_1\bd\design_1\design_1.bd> 
update_module_reference: Time (s): cpu = 00:00:02 ; elapsed = 00:00:29 . Memory (MB): peak = 5232.691 ; gain = 0.000
reset_run synth_1
WARNING: [Vivado 12-1017] Problems encountered:
1. Failed to delete one or more files in run directory C:/Users/nathani/Documents/GitHub/EE316_2025/Project4/keyboard/project_4.runs/synth_1

launch_runs impl_1 -to_step write_bitstream -jobs 6
Wrote  : <C:\Users\nathani\Documents\GitHub\EE316_2025\Project4\keyboard\project_4.srcs\sources_1\bd\design_1\design_1.bd> 
VHDL Output written to : C:/Users/nathani/Documents/GitHub/EE316_2025/Project4/keyboard/project_4.srcs/sources_1/bd/design_1/synth/design_1.vhd
VHDL Output written to : C:/Users/nathani/Documents/GitHub/EE316_2025/Project4/keyboard/project_4.srcs/sources_1/bd/design_1/sim/design_1.vhd
VHDL Output written to : C:/Users/nathani/Documents/GitHub/EE316_2025/Project4/keyboard/project_4.srcs/sources_1/bd/design_1/hdl/design_1_wrapper.vhd
INFO: [BD 41-1029] Generation completed for the IP Integrator block ps2_keyboard_to_ascii_0 .
INFO: [BD 41-1029] Generation completed for the IP Integrator block user_logic_uart_0 .
INFO: [BD 41-1029] Generation completed for the IP Integrator block Reset_Delay_0 .
INFO: [BD 41-1029] Generation completed for the IP Integrator block util_vector_logic_0 .
INFO: [BD 41-1029] Generation completed for the IP Integrator block baud_rate_0 .
INFO: [BD 41-1029] Generation completed for the IP Integrator block btn_debounce_toggle_0 .
Exporting to file C:/Users/nathani/Documents/GitHub/EE316_2025/Project4/keyboard/project_4.srcs/sources_1/bd/design_1/hw_handoff/design_1.hwh
Generated Block Design Tcl file C:/Users/nathani/Documents/GitHub/EE316_2025/Project4/keyboard/project_4.srcs/sources_1/bd/design_1/hw_handoff/design_1_bd.tcl
Generated Hardware Definition File C:/Users/nathani/Documents/GitHub/EE316_2025/Project4/keyboard/project_4.srcs/sources_1/bd/design_1/synth/design_1.hwdef
[Wed Mar 12 03:30:50 2025] Launched design_1_user_logic_uart_0_1_synth_1, synth_1...
Run output will be captured here:
design_1_user_logic_uart_0_1_synth_1: C:/Users/nathani/Documents/GitHub/EE316_2025/Project4/keyboard/project_4.runs/design_1_user_logic_uart_0_1_synth_1/runme.log
synth_1: C:/Users/nathani/Documents/GitHub/EE316_2025/Project4/keyboard/project_4.runs/synth_1/runme.log
[Wed Mar 12 03:30:51 2025] Launched impl_1...
Run output will be captured here: C:/Users/nathani/Documents/GitHub/EE316_2025/Project4/keyboard/project_4.runs/impl_1/runme.log
launch_runs: Time (s): cpu = 00:00:00 ; elapsed = 00:00:08 . Memory (MB): peak = 5232.691 ; gain = 0.000
open_hw
connect_hw_server
INFO: [Labtools 27-2285] Connecting to hw_server url TCP:localhost:3121
INFO: [Labtools 27-2222] Launching hw_server...
INFO: [Labtools 27-2221] Launch Output:

****** Xilinx hw_server v2019.1
  **** Build date : May 24 2019 at 15:13:31
    ** Copyright 1986-2019 Xilinx, Inc. All Rights Reserved.


open_hw_target
INFO: [Labtoolstcl 44-466] Opening hw_target localhost:3121/xilinx_tcf/Digilent/210370B9F25BA
set_property PROGRAM.FILE {C:/Users/nathani/Documents/GitHub/EE316_2025/Project4/keyboard/project_4.runs/impl_1/design_1_wrapper.bit} [get_hw_devices xc7z007s_1]
current_hw_device [get_hw_devices xc7z007s_1]
refresh_hw_device -update_hw_probes false [lindex [get_hw_devices xc7z007s_1] 0]
INFO: [Labtools 27-1434] Device xc7z007s (JTAG device index = 1) is programmed with a design that has no supported debug core(s) in it.
set_property PROBES.FILE {} [get_hw_devices xc7z007s_1]
set_property FULL_PROBES.FILE {} [get_hw_devices xc7z007s_1]
set_property PROGRAM.FILE {C:/Users/nathani/Documents/GitHub/EE316_2025/Project4/keyboard/project_4.runs/impl_1/design_1_wrapper.bit} [get_hw_devices xc7z007s_1]
program_hw_devices [get_hw_devices xc7z007s_1]
INFO: [Labtools 27-3164] End of startup status: HIGH
refresh_hw_device [lindex [get_hw_devices xc7z007s_1] 0]
INFO: [Labtools 27-1434] Device xc7z007s (JTAG device index = 1) is programmed with a design that has no supported debug core(s) in it.
>>>>>>> Stashed changes
